> Task :compileJava UP-TO-DATE
> Task :processResources UP-TO-DATE
> Task :classes UP-TO-DATE
> Task :resolveMainClassName UP-TO-DATE

> Task :bootRun

  .   ____          _            __ _ _
 /\\ / ___'_ __ _ _(_)_ __  __ _ \ \ \ \
( ( )\___ | '_ | '_| | '_ \/ _` | \ \ \ \
 \\/  ___)| |_)| | | | | || (_| |  ) ) ) )
  '  |____| .__|_| |_|_| |_\__, | / / / /
 =========|_|==============|___/=/_/_/_/

 :: Spring Boot ::                (v3.3.4)

2026-09-23T23:55:41.126+05:30  INFO 11296 --- [cognitivecare-backend] [           main] c.e.b.CognitiveCareBackendApplication    : Starting CognitiveCareBackendApplication using Java 26 with PID 11296 (C:\ElderlyCareProject\elderly-care-project\backend\springboot-server\build\classes\java\main started by Gokul in C:\ElderlyCareProject\elderly-care-project\backend\springboot-server)
2026-09-23T23:55:41.128+05:30 DEBUG 11296 --- [cognitivecare-backend] [           main] c.e.b.CognitiveCareBackendApplication    : Running with Spring Boot v3.3.4, Spring v6.1.13
2026-09-23T23:55:41.130+05:30  INFO 11296 --- [cognitivecare-backend] [           main] c.e.b.CognitiveCareBackendApplication    : No active profile set, falling back to 1 default profile: "default"
2026-09-23T23:55:41.936+05:30  INFO 11296 --- [cognitivecare-backend] [           main] .s.d.r.c.RepositoryConfigurationDelegate : Bootstrapping Spring Data JPA repositories in DEFAULT mode.
2026-09-23T23:55:42.041+05:30  INFO 11296 --- [cognitivecare-backend] [           main] .s.d.r.c.RepositoryConfigurationDelegate : Finished Spring Data repository scanning in 93 ms. Found 8 JPA repository interfaces.
2026-09-23T23:55:42.718+05:30  INFO 11296 --- [cognitivecare-backend] [           main] o.s.b.w.embedded.tomcat.TomcatWebServer  : Tomcat initialized with port 8088 (http)
2026-09-23T23:55:42.732+05:30  INFO 11296 --- [cognitivecare-backend] [           main] o.apache.catalina.core.StandardService   : Starting service [Tomcat]
2026-09-23T23:55:42.733+05:30  INFO 11296 --- [cognitivecare-backend] [           main] o.apache.catalina.core.StandardEngine    : Starting Servlet engine: [Apache Tomcat/10.1.30]
2026-09-23T23:55:42.796+05:30  INFO 11296 --- [cognitivecare-backend] [           main] o.a.c.c.C.[Tomcat].[localhost].[/]       : Initializing Spring embedded WebApplicationContext
2026-09-23T23:55:42.797+05:30  INFO 11296 --- [cognitivecare-backend] [           main] w.s.c.ServletWebServerApplicationContext : Root WebApplicationContext: initialization completed in 1609 ms
2026-09-23T23:55:43.083+05:30  INFO 11296 --- [cognitivecare-backend] [           main] o.hibernate.jpa.internal.util.LogHelper  : HHH000204: Processing PersistenceUnitInfo [name: default]
2026-09-23T23:55:43.143+05:30  INFO 11296 --- [cognitivecare-backend] [           main] org.hibernate.Version                    : HHH000412: Hibernate ORM core version 6.5.3.Final
2026-09-23T23:55:43.188+05:30  INFO 11296 --- [cognitivecare-backend] [           main] o.h.c.internal.RegionFactoryInitiator    : HHH000026: Second-level cache disabled
2026-09-23T23:55:43.666+05:30  INFO 11296 --- [cognitivecare-backend] [           main] o.s.o.j.p.SpringPersistenceUnitInfo      : No LoadTimeWeaver setup: ignoring JPA class transformer
2026-09-23T23:55:43.708+05:30  INFO 11296 --- [cognitivecare-backend] [           main] com.zaxxer.hikari.HikariDataSource       : HikariPool-1 - Starting...
2026-09-23T23:55:44.103+05:30  INFO 11296 --- [cognitivecare-backend] [           main] com.zaxxer.hikari.pool.HikariPool        : HikariPool-1 - Added connection oracle.jdbc.driver.T4CConnection@1669931a
2026-09-23T23:55:44.108+05:30  INFO 11296 --- [cognitivecare-backend] [           main] com.zaxxer.hikari.HikariDataSource       : HikariPool-1 - Start completed.
2026-09-23T23:55:44.285+05:30  WARN 11296 --- [cognitivecare-backend] [           main] org.hibernate.orm.deprecation            : HHH90000025: OracleDialect does not need to be specified explicitly using 'hibernate.dialect' (remove the property setting and it will be selected by default)
2026-09-23T23:55:45.638+05:30  INFO 11296 --- [cognitivecare-backend] [           main] o.h.e.t.j.p.i.JtaPlatformInitiator       : HHH000489: No JTA platform available (set 'hibernate.transaction.jta.platform' to enable JTA platform integration)
Hibernate: 
    create table healthcare_assignments (
        assignment_id number(19,0) generated as identity,
        created_at timestamp(6),
        healthcare_worker_id varchar2(36 char) not null,
        notes varchar2(500 char),
        patient_id varchar2(36 char) not null,
        requested_by varchar2(36 char),
        status varchar2(20 char) not null,
        primary key (assignment_id)
    )
Hibernate: 
    alter table users 
       add age number(10,0)
Hibernate: 
    alter table users 
       add date_of_birth varchar2(30 char)
Hibernate: 
    alter table users 
       add district varchar2(100 char)
Hibernate: 
    alter table users 
       add gender varchar2(20 char)
Hibernate: 
    alter table users 
       add hospital_name varchar2(150 char)
Hibernate: 
    alter table users 
       add id_proof_url varchar2(500 char)
Hibernate: 
    alter table users 
       add nuid varchar2(50 char)
Hibernate: 
    alter table users 
       add pincode varchar2(20 char)
Hibernate: 
    alter table users 
       add profession varchar2(50 char)
Hibernate: 
    alter table users 
       add registration_number varchar2(100 char)
Hibernate: 
    alter table users 
       modify role varchar2(30 char)
Hibernate: 
    alter table users 
       add specialization varchar2(100 char)
Hibernate: 
    alter table users 
       add state varchar2(100 char)
Hibernate: 
    alter table users 
       add state_council varchar2(100 char)
Hibernate: 
    alter table users 
       add verification_status varchar2(20 char)
2026-09-23T23:55:47.479+05:30  INFO 11296 --- [cognitivecare-backend] [           main] j.LocalContainerEntityManagerFactoryBean : Initialized JPA EntityManagerFactory for persistence unit 'default'
2026-09-23T23:55:47.885+05:30  INFO 11296 --- [cognitivecare-backend] [           main] o.s.d.j.r.query.QueryEnhancerFactory     : Hibernate is in classpath; If applicable, HQL parser will be used.
Hibernate: 
    select
        u1_0.user_id,
        u1_0.age,
        u1_0.created_at,
        u1_0.date_of_birth,
        u1_0.district,
        u1_0.email,
        u1_0.fcm_token,
        u1_0.full_name,
        u1_0.gender,
        u1_0.hospital_name,
        u1_0.id_proof_url,
        u1_0.nuid,
        u1_0.password_hash,
        u1_0.phone_number,
        u1_0.pincode,
        u1_0.profession,
        u1_0.qr_code_token,
        u1_0.registration_number,
        u1_0.role,
        u1_0.specialization,
        u1_0.state,
        u1_0.state_council,
        u1_0.verification_status 
    from
        users u1_0 
    where
        lower(u1_0.email)=lower(?)
Hibernate: 
    select
        u1_0.user_id,
        u1_0.age,
        u1_0.created_at,
        u1_0.date_of_birth,
        u1_0.district,
        u1_0.email,
        u1_0.fcm_token,
        u1_0.full_name,
        u1_0.gender,
        u1_0.hospital_name,
        u1_0.id_proof_url,
        u1_0.nuid,
        u1_0.password_hash,
        u1_0.phone_number,
        u1_0.pincode,
        u1_0.profession,
        u1_0.qr_code_token,
        u1_0.registration_number,
        u1_0.role,
        u1_0.specialization,
        u1_0.state,
        u1_0.state_council,
        u1_0.verification_status 
    from
        users u1_0 
    where
        u1_0.user_id=?
Hibernate: 
    insert 
    into
        users
        (age, created_at, date_of_birth, district, email, fcm_token, full_name, gender, hospital_name, id_proof_url, nuid, password_hash, phone_number, pincode, profession, qr_code_token, registration_number, role, specialization, state, state_council, verification_status, user_id) 
    values
        (?, ?, ?, ?, ?, ?, ?, ?, ?, ?, ?, ?, ?, ?, ?, ?, ?, ?, ?, ?, ?, ?, ?)
? [Seed] Default Primary Admin user seeded: admin@cognitivecare.com / admin123
2026-09-23T23:55:49.287+05:30  WARN 11296 --- [cognitivecare-backend] [           main] JpaBaseConfiguration$JpaWebConfiguration : spring.jpa.open-in-view is enabled by default. Therefore, database queries may be performed during view rendering. Explicitly configure spring.jpa.open-in-view to disable this warning
2026-09-23T23:55:49.313+05:30  WARN 11296 --- [cognitivecare-backend] [           main] .s.s.UserDetailsServiceAutoConfiguration : 

Using generated security password: fbc89804-ab47-4f61-8245-628cc2d63120

This generated password is for development use only. Your security configuration must be updated before running your application in production.

2026-09-23T23:55:49.323+05:30  INFO 11296 --- [cognitivecare-backend] [           main] r$InitializeUserDetailsManagerConfigurer : Global AuthenticationManager configured with UserDetailsService bean with name inMemoryUserDetailsManager
2026-09-23T23:55:49.965+05:30  INFO 11296 --- [cognitivecare-backend] [           main] o.s.b.w.embedded.tomcat.TomcatWebServer  : Tomcat started on port 8088 (http) with context path '/'
2026-09-23T23:55:49.973+05:30  INFO 11296 --- [cognitivecare-backend] [           main] c.e.b.CognitiveCareBackendApplication    : Started CognitiveCareBackendApplication in 9.344 seconds (process running for 9.722)
2026-09-23T23:59:52.843+05:30  INFO 11296 --- [cognitivecare-backend] [nio-8088-exec-1] o.a.c.c.C.[Tomcat].[localhost].[/]       : Initializing Spring DispatcherServlet 'dispatcherServlet'
2026-09-23T23:59:52.843+05:30  INFO 11296 --- [cognitivecare-backend] [nio-8088-exec-1] o.s.web.servlet.DispatcherServlet        : Initializing Servlet 'dispatcherServlet'
2026-09-23T23:59:52.844+05:30  INFO 11296 --- [cognitivecare-backend] [nio-8088-exec-1] o.s.web.servlet.DispatcherServlet        : Completed initialization in 1 ms
Hibernate: 
    select
        u1_0.user_id,
        u1_0.age,
        u1_0.created_at,
        u1_0.date_of_birth,
        u1_0.district,
        u1_0.email,
        u1_0.fcm_token,
        u1_0.full_name,
        u1_0.gender,
        u1_0.hospital_name,
        u1_0.id_proof_url,
        u1_0.nuid,
        u1_0.password_hash,
        u1_0.phone_number,
        u1_0.pincode,
        u1_0.profession,
        u1_0.qr_code_token,
        u1_0.registration_number,
        u1_0.role,
        u1_0.specialization,
        u1_0.state,
        u1_0.state_council,
        u1_0.verification_status 
    from
        users u1_0 
    where
        lower(u1_0.email)=lower(?) 
        or u1_0.phone_number=?
Hibernate: 
    select
        u1_0.user_id,
        u1_0.age,
        u1_0.created_at,
        u1_0.date_of_birth,
        u1_0.district,
        u1_0.email,
        u1_0.fcm_token,
        u1_0.full_name,
        u1_0.gender,
        u1_0.hospital_name,
        u1_0.id_proof_url,
        u1_0.nuid,
        u1_0.password_hash,
        u1_0.phone_number,
        u1_0.pincode,
        u1_0.profession,
        u1_0.qr_code_token,
        u1_0.registration_number,
        u1_0.role,
        u1_0.specialization,
        u1_0.state,
        u1_0.state_council,
        u1_0.verification_status 
    from
        users u1_0 
    where
        u1_0.user_id=?
Hibernate: 
    select
        u1_0.user_id,
        u1_0.age,
        u1_0.created_at,
        u1_0.date_of_birth,
        u1_0.district,
        u1_0.email,
        u1_0.fcm_token,
        u1_0.full_name,
        u1_0.gender,
        u1_0.hospital_name,
        u1_0.id_proof_url,
        u1_0.nuid,
        u1_0.password_hash,
        u1_0.phone_number,
        u1_0.pincode,
        u1_0.profession,
        u1_0.qr_code_token,
        u1_0.registration_number,
        u1_0.role,
        u1_0.specialization,
        u1_0.state,
        u1_0.state_council,
        u1_0.verification_status 
    from
        users u1_0 
    where
        lower(u1_0.email)=lower(?)
Hibernate: 
    select
        pcm1_0.id,
        pcm1_0.caretaker_id,
        pcm1_0.is_primary,
        pcm1_0.linked_at,
        pcm1_0.patient_id,
        pcm1_0.relation 
    from
        patient_caretaker_mappings pcm1_0 
    where
        pcm1_0.patient_id=? 
    order by
        pcm1_0.is_primary desc,
        pcm1_0.linked_at
Hibernate: 
    select
        u1_0.user_id,
        u1_0.age,
        u1_0.created_at,
        u1_0.date_of_birth,
        u1_0.district,
        u1_0.email,
        u1_0.fcm_token,
        u1_0.full_name,
        u1_0.gender,
        u1_0.hospital_name,
        u1_0.id_proof_url,
        u1_0.nuid,
        u1_0.password_hash,
        u1_0.phone_number,
        u1_0.pincode,
        u1_0.profession,
        u1_0.qr_code_token,
        u1_0.registration_number,
        u1_0.role,
        u1_0.specialization,
        u1_0.state,
        u1_0.state_council,
        u1_0.verification_status 
    from
        users u1_0 
    where
        u1_0.user_id=?
Hibernate: 
    select
        u1_0.user_id,
        u1_0.age,
        u1_0.created_at,
        u1_0.date_of_birth,
        u1_0.district,
        u1_0.email,
        u1_0.fcm_token,
        u1_0.full_name,
        u1_0.gender,
        u1_0.hospital_name,
        u1_0.id_proof_url,
        u1_0.nuid,
        u1_0.password_hash,
        u1_0.phone_number,
        u1_0.pincode,
        u1_0.profession,
        u1_0.qr_code_token,
        u1_0.registration_number,
        u1_0.role,
        u1_0.specialization,
        u1_0.state,
        u1_0.state_council,
        u1_0.verification_status 
    from
        users u1_0 
    where
        lower(u1_0.role)='patient' 
    order by
        u1_0.full_name
Hibernate: 
    select
        sc1_0.id,
        sc1_0.caretaker_approved,
        sc1_0.caretaker_approved_at,
        sc1_0.caretaker_id,
        sc1_0.connected_at,
        sc1_0.patient_approved,
        sc1_0.patient_approved_at,
        sc1_0.receiver_patient_id,
        sc1_0.request_message,
        sc1_0.requested_at,
        sc1_0.requester_patient_id,
        sc1_0.status 
    from
        social_connections sc1_0 
    where
        sc1_0.requester_patient_id=? 
        or sc1_0.receiver_patient_id=? 
    order by
        sc1_0.requested_at desc
Hibernate: 
    select
        sc1_0.id,
        sc1_0.caretaker_approved,
        sc1_0.caretaker_approved_at,
        sc1_0.caretaker_id,
        sc1_0.connected_at,
        sc1_0.patient_approved,
        sc1_0.patient_approved_at,
        sc1_0.receiver_patient_id,
        sc1_0.request_message,
        sc1_0.requested_at,
        sc1_0.requester_patient_id,
        sc1_0.status 
    from
        social_connections sc1_0 
    where
        sc1_0.requester_patient_id=? 
        or sc1_0.receiver_patient_id=? 
    order by
        sc1_0.requested_at desc
Hibernate: 
    select
        u1_0.user_id,
        u1_0.age,
        u1_0.created_at,
        u1_0.date_of_birth,
        u1_0.district,
        u1_0.email,
        u1_0.fcm_token,
        u1_0.full_name,
        u1_0.gender,
        u1_0.hospital_name,
        u1_0.id_proof_url,
        u1_0.nuid,
        u1_0.password_hash,
        u1_0.phone_number,
        u1_0.pincode,
        u1_0.profession,
        u1_0.qr_code_token,
        u1_0.registration_number,
        u1_0.role,
        u1_0.specialization,
        u1_0.state,
        u1_0.state_council,
        u1_0.verification_status 
    from
        users u1_0 
    where
        u1_0.user_id=?
Hibernate: 
    select
        u1_0.user_id,
        u1_0.age,
        u1_0.created_at,
        u1_0.date_of_birth,
        u1_0.district,
        u1_0.email,
        u1_0.fcm_token,
        u1_0.full_name,
        u1_0.gender,
        u1_0.hospital_name,
        u1_0.id_proof_url,
        u1_0.nuid,
        u1_0.password_hash,
        u1_0.phone_number,
        u1_0.pincode,
        u1_0.profession,
        u1_0.qr_code_token,
        u1_0.registration_number,
        u1_0.role,
        u1_0.specialization,
        u1_0.state,
        u1_0.state_council,
        u1_0.verification_status 
    from
        users u1_0 
    where
        u1_0.user_id=?
Hibernate: 
    select
        u1_0.user_id,
        u1_0.age,
        u1_0.created_at,
        u1_0.date_of_birth,
        u1_0.district,
        u1_0.email,
        u1_0.fcm_token,
        u1_0.full_name,
        u1_0.gender,
        u1_0.hospital_name,
        u1_0.id_proof_url,
        u1_0.nuid,
        u1_0.password_hash,
        u1_0.phone_number,
        u1_0.pincode,
        u1_0.profession,
        u1_0.qr_code_token,
        u1_0.registration_number,
        u1_0.role,
        u1_0.specialization,
        u1_0.state,
        u1_0.state_council,
        u1_0.verification_status 
    from
        users u1_0 
    where
        u1_0.user_id=?
2026-09-24T00:00:36.170+05:30  WARN 11296 --- [cognitivecare-backend] [nio-8088-exec-8] o.h.engine.jdbc.spi.SqlExceptionHelper   : SQL Warning Code: 28002, SQLState: 99999
2026-09-24T00:00:36.170+05:30  WARN 11296 --- [cognitivecare-backend] [nio-8088-exec-8] o.h.engine.jdbc.spi.SqlExceptionHelper   : ORA-28002: the password will expire within 1 days

https://docs.oracle.com/error-help/db/ora-28002/
Hibernate: 
    select
        u1_0.user_id,
        u1_0.age,
        u1_0.created_at,
        u1_0.date_of_birth,
        u1_0.district,
        u1_0.email,
        u1_0.fcm_token,
        u1_0.full_name,
        u1_0.gender,
        u1_0.hospital_name,
        u1_0.id_proof_url,
        u1_0.nuid,
        u1_0.password_hash,
        u1_0.phone_number,
        u1_0.pincode,
        u1_0.profession,
        u1_0.qr_code_token,
        u1_0.registration_number,
        u1_0.role,
        u1_0.specialization,
        u1_0.state,
        u1_0.state_council,
        u1_0.verification_status 
    from
        users u1_0 
    where
        lower(u1_0.role)='patient' 
    order by
        u1_0.full_name
Hibernate: 
    select
        sc1_0.id,
        sc1_0.caretaker_approved,
        sc1_0.caretaker_approved_at,
        sc1_0.caretaker_id,
        sc1_0.connected_at,
        sc1_0.patient_approved,
        sc1_0.patient_approved_at,
        sc1_0.receiver_patient_id,
        sc1_0.request_message,
        sc1_0.requested_at,
        sc1_0.requester_patient_id,
        sc1_0.status 
    from
        social_connections sc1_0 
    where
        sc1_0.requester_patient_id=? 
        or sc1_0.receiver_patient_id=? 
    order by
        sc1_0.requested_at desc
Hibernate: 
    select
        u1_0.user_id,
        u1_0.age,
        u1_0.created_at,
        u1_0.date_of_birth,
        u1_0.district,
        u1_0.email,
        u1_0.fcm_token,
        u1_0.full_name,
        u1_0.gender,
        u1_0.hospital_name,
        u1_0.id_proof_url,
        u1_0.nuid,
        u1_0.password_hash,
        u1_0.phone_number,
        u1_0.pincode,
        u1_0.profession,
        u1_0.qr_code_token,
        u1_0.registration_number,
        u1_0.role,
        u1_0.specialization,
        u1_0.state,
        u1_0.state_council,
        u1_0.verification_status 
    from
        users u1_0 
    where
        u1_0.user_id=?
Hibernate: 
    select
        sc1_0.id,
        sc1_0.caretaker_approved,
        sc1_0.caretaker_approved_at,
        sc1_0.caretaker_id,
        sc1_0.connected_at,
        sc1_0.patient_approved,
        sc1_0.patient_approved_at,
        sc1_0.receiver_patient_id,
        sc1_0.request_message,
        sc1_0.requested_at,
        sc1_0.requester_patient_id,
        sc1_0.status 
    from
        social_connections sc1_0 
    where
        sc1_0.requester_patient_id=? 
        or sc1_0.receiver_patient_id=? 
    order by
        sc1_0.requested_at desc
Hibernate: 
    select
        u1_0.user_id,
        u1_0.age,
        u1_0.created_at,
        u1_0.date_of_birth,
        u1_0.district,
        u1_0.email,
        u1_0.fcm_token,
        u1_0.full_name,
        u1_0.gender,
        u1_0.hospital_name,
        u1_0.id_proof_url,
        u1_0.nuid,
        u1_0.password_hash,
        u1_0.phone_number,
        u1_0.pincode,
        u1_0.profession,
        u1_0.qr_code_token,
        u1_0.registration_number,
        u1_0.role,
        u1_0.specialization,
        u1_0.state,
        u1_0.state_council,
        u1_0.verification_status 
    from
        users u1_0 
    where
        u1_0.user_id=?
Hibernate: 
    select
        u1_0.user_id,
        u1_0.age,
        u1_0.created_at,
        u1_0.date_of_birth,
        u1_0.district,
        u1_0.email,
        u1_0.fcm_token,
        u1_0.full_name,
        u1_0.gender,
        u1_0.hospital_name,
        u1_0.id_proof_url,
        u1_0.nuid,
        u1_0.password_hash,
        u1_0.phone_number,
        u1_0.pincode,
        u1_0.profession,
        u1_0.qr_code_token,
        u1_0.registration_number,
        u1_0.role,
        u1_0.specialization,
        u1_0.state,
        u1_0.state_council,
        u1_0.verification_status 
    from
        users u1_0 
    where
        u1_0.user_id=?
Hibernate: 
    select
        u1_0.user_id,
        u1_0.age,
        u1_0.created_at,
        u1_0.date_of_birth,
        u1_0.district,
        u1_0.email,
        u1_0.fcm_token,
        u1_0.full_name,
        u1_0.gender,
        u1_0.hospital_name,
        u1_0.id_proof_url,
        u1_0.nuid,
        u1_0.password_hash,
        u1_0.phone_number,
        u1_0.pincode,
        u1_0.profession,
        u1_0.qr_code_token,
        u1_0.registration_number,
        u1_0.role,
        u1_0.specialization,
        u1_0.state,
        u1_0.state_council,
        u1_0.verification_status 
    from
        users u1_0 
    where
        u1_0.user_id=?
Hibernate: 
    select
        u1_0.user_id,
        u1_0.age,
        u1_0.created_at,
        u1_0.date_of_birth,
        u1_0.district,
        u1_0.email,
        u1_0.fcm_token,
        u1_0.full_name,
        u1_0.gender,
        u1_0.hospital_name,
        u1_0.id_proof_url,
        u1_0.nuid,
        u1_0.password_hash,
        u1_0.phone_number,
        u1_0.pincode,
        u1_0.profession,
        u1_0.qr_code_token,
        u1_0.registration_number,
        u1_0.role,
        u1_0.specialization,
        u1_0.state,
        u1_0.state_council,
        u1_0.verification_status 
    from
        users u1_0 
    where
        lower(u1_0.email)=lower(?)
Hibernate: 
    select
        pcm1_0.id,
        pcm1_0.caretaker_id,
        pcm1_0.is_primary,
        pcm1_0.linked_at,
        pcm1_0.patient_id,
        pcm1_0.relation 
    from
        patient_caretaker_mappings pcm1_0 
    where
        pcm1_0.patient_id=? 
    order by
        pcm1_0.is_primary desc,
        pcm1_0.linked_at
Hibernate: 
    select
        u1_0.user_id,
        u1_0.age,
        u1_0.created_at,
        u1_0.date_of_birth,
        u1_0.district,
        u1_0.email,
        u1_0.fcm_token,
        u1_0.full_name,
        u1_0.gender,
        u1_0.hospital_name,
        u1_0.id_proof_url,
        u1_0.nuid,
        u1_0.password_hash,
        u1_0.phone_number,
        u1_0.pincode,
        u1_0.profession,
        u1_0.qr_code_token,
        u1_0.registration_number,
        u1_0.role,
        u1_0.specialization,
        u1_0.state,
        u1_0.state_council,
        u1_0.verification_status 
    from
        users u1_0 
    where
        u1_0.user_id=?
Hibernate: 
    select
        u1_0.user_id,
        u1_0.age,
        u1_0.created_at,
        u1_0.date_of_birth,
        u1_0.district,
        u1_0.email,
        u1_0.fcm_token,
        u1_0.full_name,
        u1_0.gender,
        u1_0.hospital_name,
        u1_0.id_proof_url,
        u1_0.nuid,
        u1_0.password_hash,
        u1_0.phone_number,
        u1_0.pincode,
        u1_0.profession,
        u1_0.qr_code_token,
        u1_0.registration_number,
        u1_0.role,
        u1_0.specialization,
        u1_0.state,
        u1_0.state_council,
        u1_0.verification_status 
    from
        users u1_0 
    where
        u1_0.user_id=?
Hibernate: 
    select
        u1_0.user_id,
        u1_0.age,
        u1_0.created_at,
        u1_0.date_of_birth,
        u1_0.district,
        u1_0.email,
        u1_0.fcm_token,
        u1_0.full_name,
        u1_0.gender,
        u1_0.hospital_name,
        u1_0.id_proof_url,
        u1_0.nuid,
        u1_0.password_hash,
        u1_0.phone_number,
        u1_0.pincode,
        u1_0.profession,
        u1_0.qr_code_token,
        u1_0.registration_number,
        u1_0.role,
        u1_0.specialization,
        u1_0.state,
        u1_0.state_council,
        u1_0.verification_status 
    from
        users u1_0 
    where
        lower(u1_0.email)=lower(?)
Hibernate: 
    select
        pcm1_0.id,
        pcm1_0.caretaker_id,
        pcm1_0.is_primary,
        pcm1_0.linked_at,
        pcm1_0.patient_id,
        pcm1_0.relation 
    from
        patient_caretaker_mappings pcm1_0 
    where
        pcm1_0.patient_id=? 
    order by
        pcm1_0.is_primary desc,
        pcm1_0.linked_at
Hibernate: 
    select
        u1_0.user_id,
        u1_0.age,
        u1_0.created_at,
        u1_0.date_of_birth,
        u1_0.district,
        u1_0.email,
        u1_0.fcm_token,
        u1_0.full_name,
        u1_0.gender,
        u1_0.hospital_name,
        u1_0.id_proof_url,
        u1_0.nuid,
        u1_0.password_hash,
        u1_0.phone_number,
        u1_0.pincode,
        u1_0.profession,
        u1_0.qr_code_token,
        u1_0.registration_number,
        u1_0.role,
        u1_0.specialization,
        u1_0.state,
        u1_0.state_council,
        u1_0.verification_status 
    from
        users u1_0 
    where
        u1_0.user_id=?
Hibernate: 
    select
        u1_0.user_id,
        u1_0.age,
        u1_0.created_at,
        u1_0.date_of_birth,
        u1_0.district,
        u1_0.email,
        u1_0.fcm_token,
        u1_0.full_name,
        u1_0.gender,
        u1_0.hospital_name,
        u1_0.id_proof_url,
        u1_0.nuid,
        u1_0.password_hash,
        u1_0.phone_number,
        u1_0.pincode,
        u1_0.profession,
        u1_0.qr_code_token,
        u1_0.registration_number,
        u1_0.role,
        u1_0.specialization,
        u1_0.state,
        u1_0.state_council,
        u1_0.verification_status 
    from
        users u1_0 
    where
        u1_0.user_id=?
Hibernate: 
    select
        u1_0.user_id,
        u1_0.age,
        u1_0.created_at,
        u1_0.date_of_birth,
        u1_0.district,
        u1_0.email,
        u1_0.fcm_token,
        u1_0.full_name,
        u1_0.gender,
        u1_0.hospital_name,
        u1_0.id_proof_url,
        u1_0.nuid,
        u1_0.password_hash,
        u1_0.phone_number,
        u1_0.pincode,
        u1_0.profession,
        u1_0.qr_code_token,
        u1_0.registration_number,
        u1_0.role,
        u1_0.specialization,
        u1_0.state,
        u1_0.state_council,
        u1_0.verification_status 
    from
        users u1_0 
    where
        lower(u1_0.email)=lower(?)
Hibernate: 
    select
        pcm1_0.id,
        pcm1_0.caretaker_id,
        pcm1_0.is_primary,
        pcm1_0.linked_at,
        pcm1_0.patient_id,
        pcm1_0.relation 
    from
        patient_caretaker_mappings pcm1_0 
    where
        pcm1_0.patient_id=? 
    order by
        pcm1_0.is_primary desc,
        pcm1_0.linked_at
Hibernate: 
    select
        u1_0.user_id,
        u1_0.age,
        u1_0.created_at,
        u1_0.date_of_birth,
        u1_0.district,
        u1_0.email,
        u1_0.fcm_token,
        u1_0.full_name,
        u1_0.gender,
        u1_0.hospital_name,
        u1_0.id_proof_url,
        u1_0.nuid,
        u1_0.password_hash,
        u1_0.phone_number,
        u1_0.pincode,
        u1_0.profession,
        u1_0.qr_code_token,
        u1_0.registration_number,
        u1_0.role,
        u1_0.specialization,
        u1_0.state,
        u1_0.state_council,
        u1_0.verification_status 
    from
        users u1_0 
    where
        u1_0.user_id=?
Hibernate: 
    select
        u1_0.user_id,
        u1_0.age,
        u1_0.created_at,
        u1_0.date_of_birth,
        u1_0.district,
        u1_0.email,
        u1_0.fcm_token,
        u1_0.full_name,
        u1_0.gender,
        u1_0.hospital_name,
        u1_0.id_proof_url,
        u1_0.nuid,
        u1_0.password_hash,
        u1_0.phone_number,
        u1_0.pincode,
        u1_0.profession,
        u1_0.qr_code_token,
        u1_0.registration_number,
        u1_0.role,
        u1_0.specialization,
        u1_0.state,
        u1_0.state_council,
        u1_0.verification_status 
    from
        users u1_0 
    where
        u1_0.user_id=?
Hibernate: 
    select
        u1_0.user_id,
        u1_0.age,
        u1_0.created_at,
        u1_0.date_of_birth,
        u1_0.district,
        u1_0.email,
        u1_0.fcm_token,
        u1_0.full_name,
        u1_0.gender,
        u1_0.hospital_name,
        u1_0.id_proof_url,
        u1_0.nuid,
        u1_0.password_hash,
        u1_0.phone_number,
        u1_0.pincode,
        u1_0.profession,
        u1_0.qr_code_token,
        u1_0.registration_number,
        u1_0.role,
        u1_0.specialization,
        u1_0.state,
        u1_0.state_council,
        u1_0.verification_status 
    from
        users u1_0 
    where
        lower(u1_0.email)=lower(?)
Hibernate: 
    select
        pcm1_0.id,
        pcm1_0.caretaker_id,
        pcm1_0.is_primary,
        pcm1_0.linked_at,
        pcm1_0.patient_id,
        pcm1_0.relation 
    from
        patient_caretaker_mappings pcm1_0 
    where
        pcm1_0.patient_id=? 
    order by
        pcm1_0.is_primary desc,
        pcm1_0.linked_at
Hibernate: 
    select
        u1_0.user_id,
        u1_0.age,
        u1_0.created_at,
        u1_0.date_of_birth,
        u1_0.district,
        u1_0.email,
        u1_0.fcm_token,
        u1_0.full_name,
        u1_0.gender,
        u1_0.hospital_name,
        u1_0.id_proof_url,
        u1_0.nuid,
        u1_0.password_hash,
        u1_0.phone_number,
        u1_0.pincode,
        u1_0.profession,
        u1_0.qr_code_token,
        u1_0.registration_number,
        u1_0.role,
        u1_0.specialization,
        u1_0.state,
        u1_0.state_council,
        u1_0.verification_status 
    from
        users u1_0 
    where
        u1_0.user_id=?
Hibernate: 
    select
        u1_0.user_id,
        u1_0.age,
        u1_0.created_at,
        u1_0.date_of_birth,
        u1_0.district,
        u1_0.email,
        u1_0.fcm_token,
        u1_0.full_name,
        u1_0.gender,
        u1_0.hospital_name,
        u1_0.id_proof_url,
        u1_0.nuid,
        u1_0.password_hash,
        u1_0.phone_number,
        u1_0.pincode,
        u1_0.profession,
        u1_0.qr_code_token,
        u1_0.registration_number,
        u1_0.role,
        u1_0.specialization,
        u1_0.state,
        u1_0.state_council,
        u1_0.verification_status 
    from
        users u1_0 
    where
        lower(u1_0.email)=lower(?) 
        or u1_0.phone_number=?
Hibernate: 
    select
        u1_0.user_id,
        u1_0.age,
        u1_0.created_at,
        u1_0.date_of_birth,
        u1_0.district,
        u1_0.email,
        u1_0.fcm_token,
        u1_0.full_name,
        u1_0.gender,
        u1_0.hospital_name,
        u1_0.id_proof_url,
        u1_0.nuid,
        u1_0.password_hash,
        u1_0.phone_number,
        u1_0.pincode,
        u1_0.profession,
        u1_0.qr_code_token,
        u1_0.registration_number,
        u1_0.role,
        u1_0.specialization,
        u1_0.state,
        u1_0.state_council,
        u1_0.verification_status 
    from
        users u1_0 
    where
        u1_0.user_id=?
Hibernate: 
    select
        u1_0.user_id,
        u1_0.age,
        u1_0.created_at,
        u1_0.date_of_birth,
        u1_0.district,
        u1_0.email,
        u1_0.fcm_token,
        u1_0.full_name,
        u1_0.gender,
        u1_0.hospital_name,
        u1_0.id_proof_url,
        u1_0.nuid,
        u1_0.password_hash,
        u1_0.phone_number,
        u1_0.pincode,
        u1_0.profession,
        u1_0.qr_code_token,
        u1_0.registration_number,
        u1_0.role,
        u1_0.specialization,
        u1_0.state,
        u1_0.state_council,
        u1_0.verification_status 
    from
        users u1_0 
    where
        lower(u1_0.email)=lower(?)
Hibernate: 
    select
        pcm1_0.id,
        pcm1_0.caretaker_id,
        pcm1_0.is_primary,
        pcm1_0.linked_at,
        pcm1_0.patient_id,
        pcm1_0.relation 
    from
        patient_caretaker_mappings pcm1_0 
    where
        pcm1_0.patient_id=? 
    order by
        pcm1_0.is_primary desc,
        pcm1_0.linked_at
Hibernate: 
    select
        u1_0.user_id,
        u1_0.age,
        u1_0.created_at,
        u1_0.date_of_birth,
        u1_0.district,
        u1_0.email,
        u1_0.fcm_token,
        u1_0.full_name,
        u1_0.gender,
        u1_0.hospital_name,
        u1_0.id_proof_url,
        u1_0.nuid,
        u1_0.password_hash,
        u1_0.phone_number,
        u1_0.pincode,
        u1_0.profession,
        u1_0.qr_code_token,
        u1_0.registration_number,
        u1_0.role,
        u1_0.specialization,
        u1_0.state,
        u1_0.state_council,
        u1_0.verification_status 
    from
        users u1_0 
    where
        u1_0.user_id=?
Hibernate: 
    select
        u1_0.user_id,
        u1_0.age,
        u1_0.created_at,
        u1_0.date_of_birth,
        u1_0.district,
        u1_0.email,
        u1_0.fcm_token,
        u1_0.full_name,
        u1_0.gender,
        u1_0.hospital_name,
        u1_0.id_proof_url,
        u1_0.nuid,
        u1_0.password_hash,
        u1_0.phone_number,
        u1_0.pincode,
        u1_0.profession,
        u1_0.qr_code_token,
        u1_0.registration_number,
        u1_0.role,
        u1_0.specialization,
        u1_0.state,
        u1_0.state_council,
        u1_0.verification_status 
    from
        users u1_0 
    where
        lower(u1_0.email)=lower(?)
Hibernate: 
    select
        u1_0.user_id,
        u1_0.age,
        u1_0.created_at,
        u1_0.date_of_birth,
        u1_0.district,
        u1_0.email,
        u1_0.fcm_token,
        u1_0.full_name,
        u1_0.gender,
        u1_0.hospital_name,
        u1_0.id_proof_url,
        u1_0.nuid,
        u1_0.password_hash,
        u1_0.phone_number,
        u1_0.pincode,
        u1_0.profession,
        u1_0.qr_code_token,
        u1_0.registration_number,
        u1_0.role,
        u1_0.specialization,
        u1_0.state,
        u1_0.state_council,
        u1_0.verification_status 
    from
        users u1_0 
    where
        u1_0.phone_number=?
Hibernate: 
    select
        u1_0.user_id,
        u1_0.age,
        u1_0.created_at,
        u1_0.date_of_birth,
        u1_0.district,
        u1_0.email,
        u1_0.fcm_token,
        u1_0.full_name,
        u1_0.gender,
        u1_0.hospital_name,
        u1_0.id_proof_url,
        u1_0.nuid,
        u1_0.password_hash,
        u1_0.phone_number,
        u1_0.pincode,
        u1_0.profession,
        u1_0.qr_code_token,
        u1_0.registration_number,
        u1_0.role,
        u1_0.specialization,
        u1_0.state,
        u1_0.state_council,
        u1_0.verification_status 
    from
        users u1_0 
    where
        u1_0.user_id=?
Hibernate: 
    insert 
    into
        users
        (age, created_at, date_of_birth, district, email, fcm_token, full_name, gender, hospital_name, id_proof_url, nuid, password_hash, phone_number, pincode, profession, qr_code_token, registration_number, role, specialization, state, state_council, verification_status, user_id) 
    values
        (?, ?, ?, ?, ?, ?, ?, ?, ?, ?, ?, ?, ?, ?, ?, ?, ?, ?, ?, ?, ?, ?, ?)
Hibernate: 
    select
        u1_0.user_id,
        u1_0.age,
        u1_0.created_at,
        u1_0.date_of_birth,
        u1_0.district,
        u1_0.email,
        u1_0.fcm_token,
        u1_0.full_name,
        u1_0.gender,
        u1_0.hospital_name,
        u1_0.id_proof_url,
        u1_0.nuid,
        u1_0.password_hash,
        u1_0.phone_number,
        u1_0.pincode,
        u1_0.profession,
        u1_0.qr_code_token,
        u1_0.registration_number,
        u1_0.role,
        u1_0.specialization,
        u1_0.state,
        u1_0.state_council,
        u1_0.verification_status 
    from
        users u1_0 
    where
        lower(u1_0.email)=lower(?) 
        or u1_0.phone_number=?
Hibernate: 
    select
        u1_0.user_id,
        u1_0.age,
        u1_0.created_at,
        u1_0.date_of_birth,
        u1_0.district,
        u1_0.email,
        u1_0.fcm_token,
        u1_0.full_name,
        u1_0.gender,
        u1_0.hospital_name,
        u1_0.id_proof_url,
        u1_0.nuid,
        u1_0.password_hash,
        u1_0.phone_number,
        u1_0.pincode,
        u1_0.profession,
        u1_0.qr_code_token,
        u1_0.registration_number,
        u1_0.role,
        u1_0.specialization,
        u1_0.state,
        u1_0.state_council,
        u1_0.verification_status 
    from
        users u1_0 
    where
        lower(u1_0.email)=lower(?) 
        or u1_0.phone_number=?
Hibernate: 
    select
        u1_0.user_id,
        u1_0.age,
        u1_0.created_at,
        u1_0.date_of_birth,
        u1_0.district,
        u1_0.email,
        u1_0.fcm_token,
        u1_0.full_name,
        u1_0.gender,
        u1_0.hospital_name,
        u1_0.id_proof_url,
        u1_0.nuid,
        u1_0.password_hash,
        u1_0.phone_number,
        u1_0.pincode,
        u1_0.profession,
        u1_0.qr_code_token,
        u1_0.registration_number,
        u1_0.role,
        u1_0.specialization,
        u1_0.state,
        u1_0.state_council,
        u1_0.verification_status 
    from
        users u1_0 
    where
        lower(u1_0.email)=lower(?)
Hibernate: 
    select
        u1_0.user_id,
        u1_0.age,
        u1_0.created_at,
        u1_0.date_of_birth,
        u1_0.district,
        u1_0.email,
        u1_0.fcm_token,
        u1_0.full_name,
        u1_0.gender,
        u1_0.hospital_name,
        u1_0.id_proof_url,
        u1_0.nuid,
        u1_0.password_hash,
        u1_0.phone_number,
        u1_0.pincode,
        u1_0.profession,
        u1_0.qr_code_token,
        u1_0.registration_number,
        u1_0.role,
        u1_0.specialization,
        u1_0.state,
        u1_0.state_council,
        u1_0.verification_status 
    from
        users u1_0 
    where
        u1_0.phone_number=?
Hibernate: 
    select
        u1_0.user_id,
        u1_0.age,
        u1_0.created_at,
        u1_0.date_of_birth,
        u1_0.district,
        u1_0.email,
        u1_0.fcm_token,
        u1_0.full_name,
        u1_0.gender,
        u1_0.hospital_name,
        u1_0.id_proof_url,
        u1_0.nuid,
        u1_0.password_hash,
        u1_0.phone_number,
        u1_0.pincode,
        u1_0.profession,
        u1_0.qr_code_token,
        u1_0.registration_number,
        u1_0.role,
        u1_0.specialization,
        u1_0.state,
        u1_0.state_council,
        u1_0.verification_status 
    from
        users u1_0 
    where
        u1_0.user_id=?
Hibernate: 
    insert 
    into
        users
        (age, created_at, date_of_birth, district, email, fcm_token, full_name, gender, hospital_name, id_proof_url, nuid, password_hash, phone_number, pincode, profession, qr_code_token, registration_number, role, specialization, state, state_council, verification_status, user_id) 
    values
        (?, ?, ?, ?, ?, ?, ?, ?, ?, ?, ?, ?, ?, ?, ?, ?, ?, ?, ?, ?, ?, ?, ?)
Hibernate: 
    select
        u1_0.user_id,
        u1_0.age,
        u1_0.created_at,
        u1_0.date_of_birth,
        u1_0.district,
        u1_0.email,
        u1_0.fcm_token,
        u1_0.full_name,
        u1_0.gender,
        u1_0.hospital_name,
        u1_0.id_proof_url,
        u1_0.nuid,
        u1_0.password_hash,
        u1_0.phone_number,
        u1_0.pincode,
        u1_0.profession,
        u1_0.qr_code_token,
        u1_0.registration_number,
        u1_0.role,
        u1_0.specialization,
        u1_0.state,
        u1_0.state_council,
        u1_0.verification_status 
    from
        users u1_0 
    where
        u1_0.user_id=?
Hibernate: 
    select
        u1_0.user_id,
        u1_0.age,
        u1_0.created_at,
        u1_0.date_of_birth,
        u1_0.district,
        u1_0.email,
        u1_0.fcm_token,
        u1_0.full_name,
        u1_0.gender,
        u1_0.hospital_name,
        u1_0.id_proof_url,
        u1_0.nuid,
        u1_0.password_hash,
        u1_0.phone_number,
        u1_0.pincode,
        u1_0.profession,
        u1_0.qr_code_token,
        u1_0.registration_number,
        u1_0.role,
        u1_0.specialization,
        u1_0.state,
        u1_0.state_council,
        u1_0.verification_status 
    from
        users u1_0 
    where
        upper(u1_0.qr_code_token)=upper(?)
Hibernate: 
    select
        pcm1_0.id,
        pcm1_0.caretaker_id,
        pcm1_0.is_primary,
        pcm1_0.linked_at,
        pcm1_0.patient_id,
        pcm1_0.relation 
    from
        patient_caretaker_mappings pcm1_0 
    where
        pcm1_0.patient_id=? 
    order by
        pcm1_0.is_primary desc,
        pcm1_0.linked_at
Hibernate: 
    update
        patient_caretaker_mappings pcm1_0 
    set
        pcm1_0.is_primary=0 
    where
        pcm1_0.patient_id=?
Hibernate: 
    select
        pcm1_0.id,
        pcm1_0.caretaker_id,
        pcm1_0.is_primary,
        pcm1_0.linked_at,
        pcm1_0.patient_id,
        pcm1_0.relation 
    from
        patient_caretaker_mappings pcm1_0 
    where
        pcm1_0.patient_id=? 
        and pcm1_0.caretaker_id=?
Hibernate: 
    select
        mapping_seq.nextval 
    from
        dual
2026-09-24T00:08:49.187+05:30  INFO 11296 --- [cognitivecare-backend] [nio-8088-exec-5] c.e.backend.service.CaretakerService     : ✅ Linked Caretaker Test Caretaker (testcaretaker@care.in) with Patient Test Patient (testpatient@care.in) - Relation: Primary Caregiver
Hibernate: 
    insert 
    into
        patient_caretaker_mappings
        (caretaker_id, is_primary, linked_at, patient_id, relation, id) 
    values
        (?, ?, ?, ?, ?, ?)
Hibernate: 
    select
        u1_0.user_id,
        u1_0.age,
        u1_0.created_at,
        u1_0.date_of_birth,
        u1_0.district,
        u1_0.email,
        u1_0.fcm_token,
        u1_0.full_name,
        u1_0.gender,
        u1_0.hospital_name,
        u1_0.id_proof_url,
        u1_0.nuid,
        u1_0.password_hash,
        u1_0.phone_number,
        u1_0.pincode,
        u1_0.profession,
        u1_0.qr_code_token,
        u1_0.registration_number,
        u1_0.role,
        u1_0.specialization,
        u1_0.state,
        u1_0.state_council,
        u1_0.verification_status 
    from
        users u1_0 
    where
        lower(u1_0.email)=lower(?) 
        or u1_0.phone_number=?
Hibernate: 
    select
        u1_0.user_id,
        u1_0.age,
        u1_0.created_at,
        u1_0.date_of_birth,
        u1_0.district,
        u1_0.email,
        u1_0.fcm_token,
        u1_0.full_name,
        u1_0.gender,
        u1_0.hospital_name,
        u1_0.id_proof_url,
        u1_0.nuid,
        u1_0.password_hash,
        u1_0.phone_number,
        u1_0.pincode,
        u1_0.profession,
        u1_0.qr_code_token,
        u1_0.registration_number,
        u1_0.role,
        u1_0.specialization,
        u1_0.state,
        u1_0.state_council,
        u1_0.verification_status 
    from
        users u1_0 
    where
        u1_0.user_id=?
Hibernate: 
    select
        u1_0.user_id,
        u1_0.age,
        u1_0.created_at,
        u1_0.date_of_birth,
        u1_0.district,
        u1_0.email,
        u1_0.fcm_token,
        u1_0.full_name,
        u1_0.gender,
        u1_0.hospital_name,
        u1_0.id_proof_url,
        u1_0.nuid,
        u1_0.password_hash,
        u1_0.phone_number,
        u1_0.pincode,
        u1_0.profession,
        u1_0.qr_code_token,
        u1_0.registration_number,
        u1_0.role,
        u1_0.specialization,
        u1_0.state,
        u1_0.state_council,
        u1_0.verification_status 
    from
        users u1_0 
    where
        lower(u1_0.email)=lower(?)
Hibernate: 
    select
        pcm1_0.id,
        pcm1_0.caretaker_id,
        pcm1_0.is_primary,
        pcm1_0.linked_at,
        pcm1_0.patient_id,
        pcm1_0.relation 
    from
        patient_caretaker_mappings pcm1_0 
    where
        pcm1_0.patient_id=? 
    order by
        pcm1_0.is_primary desc,
        pcm1_0.linked_at
Hibernate: 
    select
        u1_0.user_id,
        u1_0.age,
        u1_0.created_at,
        u1_0.date_of_birth,
        u1_0.district,
        u1_0.email,
        u1_0.fcm_token,
        u1_0.full_name,
        u1_0.gender,
        u1_0.hospital_name,
        u1_0.id_proof_url,
        u1_0.nuid,
        u1_0.password_hash,
        u1_0.phone_number,
        u1_0.pincode,
        u1_0.profession,
        u1_0.qr_code_token,
        u1_0.registration_number,
        u1_0.role,
        u1_0.specialization,
        u1_0.state,
        u1_0.state_council,
        u1_0.verification_status 
    from
        users u1_0 
    where
        u1_0.user_id=?
Hibernate: 
    select
        u1_0.user_id,
        u1_0.age,
        u1_0.created_at,
        u1_0.date_of_birth,
        u1_0.district,
        u1_0.email,
        u1_0.fcm_token,
        u1_0.full_name,
        u1_0.gender,
        u1_0.hospital_name,
        u1_0.id_proof_url,
        u1_0.nuid,
        u1_0.password_hash,
        u1_0.phone_number,
        u1_0.pincode,
        u1_0.profession,
        u1_0.qr_code_token,
        u1_0.registration_number,
        u1_0.role,
        u1_0.specialization,
        u1_0.state,
        u1_0.state_council,
        u1_0.verification_status 
    from
        users u1_0 
    where
        lower(u1_0.email)=lower(?) 
        or u1_0.phone_number=?
Hibernate: 
    select
        u1_0.user_id,
        u1_0.age,
        u1_0.created_at,
        u1_0.date_of_birth,
        u1_0.district,
        u1_0.email,
        u1_0.fcm_token,
        u1_0.full_name,
        u1_0.gender,
        u1_0.hospital_name,
        u1_0.id_proof_url,
        u1_0.nuid,
        u1_0.password_hash,
        u1_0.phone_number,
        u1_0.pincode,
        u1_0.profession,
        u1_0.qr_code_token,
        u1_0.registration_number,
        u1_0.role,
        u1_0.specialization,
        u1_0.state,
        u1_0.state_council,
        u1_0.verification_status 
    from
        users u1_0 
    where
        u1_0.phone_number=?
Hibernate: 
    select
        u1_0.user_id,
        u1_0.age,
        u1_0.created_at,
        u1_0.date_of_birth,
        u1_0.district,
        u1_0.email,
        u1_0.fcm_token,
        u1_0.full_name,
        u1_0.gender,
        u1_0.hospital_name,
        u1_0.id_proof_url,
        u1_0.nuid,
        u1_0.password_hash,
        u1_0.phone_number,
        u1_0.pincode,
        u1_0.profession,
        u1_0.qr_code_token,
        u1_0.registration_number,
        u1_0.role,
        u1_0.specialization,
        u1_0.state,
        u1_0.state_council,
        u1_0.verification_status 
    from
        users u1_0 
    where
        lower(u1_0.email)=lower(?) 
        or u1_0.phone_number=?
Hibernate: 
    select
        pcm1_0.id,
        pcm1_0.caretaker_id,
        pcm1_0.is_primary,
        pcm1_0.linked_at,
        pcm1_0.patient_id,
        pcm1_0.relation 
    from
        patient_caretaker_mappings pcm1_0 
    where
        pcm1_0.caretaker_id=? 
    order by
        pcm1_0.linked_at desc
Hibernate: 
    select
        u1_0.user_id,
        u1_0.age,
        u1_0.created_at,
        u1_0.date_of_birth,
        u1_0.district,
        u1_0.email,
        u1_0.fcm_token,
        u1_0.full_name,
        u1_0.gender,
        u1_0.hospital_name,
        u1_0.id_proof_url,
        u1_0.nuid,
        u1_0.password_hash,
        u1_0.phone_number,
        u1_0.pincode,
        u1_0.profession,
        u1_0.qr_code_token,
        u1_0.registration_number,
        u1_0.role,
        u1_0.specialization,
        u1_0.state,
        u1_0.state_council,
        u1_0.verification_status 
    from
        users u1_0 
    where
        lower(u1_0.email)=lower(?)
Hibernate: 
    select
        pcm1_0.id,
        pcm1_0.caretaker_id,
        pcm1_0.is_primary,
        pcm1_0.linked_at,
        pcm1_0.patient_id,
        pcm1_0.relation 
    from
        patient_caretaker_mappings pcm1_0 
    where
        pcm1_0.caretaker_id=? 
    order by
        pcm1_0.linked_at desc
Hibernate: 
    select
        u1_0.user_id,
        u1_0.age,
        u1_0.created_at,
        u1_0.date_of_birth,
        u1_0.district,
        u1_0.email,
        u1_0.fcm_token,
        u1_0.full_name,
        u1_0.gender,
        u1_0.hospital_name,
        u1_0.id_proof_url,
        u1_0.nuid,
        u1_0.password_hash,
        u1_0.phone_number,
        u1_0.pincode,
        u1_0.profession,
        u1_0.qr_code_token,
        u1_0.registration_number,
        u1_0.role,
        u1_0.specialization,
        u1_0.state,
        u1_0.state_council,
        u1_0.verification_status 
    from
        users u1_0 
    where
        u1_0.user_id=?
Hibernate: 
    select
        sc1_0.id,
        sc1_0.caretaker_approved,
        sc1_0.caretaker_approved_at,
        sc1_0.caretaker_id,
        sc1_0.connected_at,
        sc1_0.patient_approved,
        sc1_0.patient_approved_at,
        sc1_0.receiver_patient_id,
        sc1_0.request_message,
        sc1_0.requested_at,
        sc1_0.requester_patient_id,
        sc1_0.status 
    from
        social_connections sc1_0 
    where
        sc1_0.receiver_patient_id in (?) 
        and sc1_0.caretaker_approved=0 
        and sc1_0.status='PENDING' 
    order by
        sc1_0.requested_at desc
Hibernate: 
    select
        ea1_0.id,
        ea1_0.created_at,
        ea1_0.patient_email,
        ea1_0.patient_id,
        ea1_0.patient_name,
        ea1_0.patient_phone,
        ea1_0.primary_caretaker_name,
        ea1_0.primary_caretaker_phone,
        ea1_0.resolved_at,
        ea1_0.status 
    from
        emergency_alerts ea1_0 
    where
        ea1_0.patient_id in (select
            pcm1_0.patient_id 
        from
            patient_caretaker_mappings pcm1_0 
        where
            pcm1_0.caretaker_id=?) 
        and ea1_0.status='ACTIVE' 
    order by
        ea1_0.created_at desc
2026-09-24T00:15:25.511+05:30  WARN 11296 --- [cognitivecare-backend] [nio-8088-exec-9] o.h.engine.jdbc.spi.SqlExceptionHelper   : SQL Warning Code: 28002, SQLState: 99999
2026-09-24T00:15:25.512+05:30  WARN 11296 --- [cognitivecare-backend] [nio-8088-exec-9] o.h.engine.jdbc.spi.SqlExceptionHelper   : ORA-28002: the password will expire within 1 days

https://docs.oracle.com/error-help/db/ora-28002/
Hibernate: 
    select
        u1_0.user_id,
        u1_0.age,
        u1_0.created_at,
        u1_0.date_of_birth,
        u1_0.district,
        u1_0.email,
        u1_0.fcm_token,
        u1_0.full_name,
        u1_0.gender,
        u1_0.hospital_name,
        u1_0.id_proof_url,
        u1_0.nuid,
        u1_0.password_hash,
        u1_0.phone_number,
        u1_0.pincode,
        u1_0.profession,
        u1_0.qr_code_token,
        u1_0.registration_number,
        u1_0.role,
        u1_0.specialization,
        u1_0.state,
        u1_0.state_council,
        u1_0.verification_status 
    from
        users u1_0 
    where
        lower(u1_0.email)=lower(?)
2026-09-24T00:15:25.785+05:30  INFO 11296 --- [cognitivecare-backend] [nio-8088-exec-2] c.e.backend.service.EmergencyService     : 📱 Updated FCM Token for user: 717824p120@kce.ac.in
Hibernate: 
    update
        users 
    set
        age=?,
        created_at=?,
        date_of_birth=?,
        district=?,
        email=?,
        fcm_token=?,
        full_name=?,
        gender=?,
        hospital_name=?,
        id_proof_url=?,
        nuid=?,
        password_hash=?,
        phone_number=?,
        pincode=?,
        profession=?,
        qr_code_token=?,
        registration_number=?,
        role=?,
        specialization=?,
        state=?,
        state_council=?,
        verification_status=? 
    where
        user_id=?
Hibernate: 
    select
        u1_0.user_id,
        u1_0.age,
        u1_0.created_at,
        u1_0.date_of_birth,
        u1_0.district,
        u1_0.email,
        u1_0.fcm_token,
        u1_0.full_name,
        u1_0.gender,
        u1_0.hospital_name,
        u1_0.id_proof_url,
        u1_0.nuid,
        u1_0.password_hash,
        u1_0.phone_number,
        u1_0.pincode,
        u1_0.profession,
        u1_0.qr_code_token,
        u1_0.registration_number,
        u1_0.role,
        u1_0.specialization,
        u1_0.state,
        u1_0.state_council,
        u1_0.verification_status 
    from
        users u1_0 
    where
        lower(u1_0.email)=lower(?)
Hibernate: 
    select
        ea1_0.id,
        ea1_0.created_at,
        ea1_0.patient_email,
        ea1_0.patient_id,
        ea1_0.patient_name,
        ea1_0.patient_phone,
        ea1_0.primary_caretaker_name,
        ea1_0.primary_caretaker_phone,
        ea1_0.resolved_at,
        ea1_0.status 
    from
        emergency_alerts ea1_0 
    where
        ea1_0.patient_id in (select
            pcm1_0.patient_id 
        from
            patient_caretaker_mappings pcm1_0 
        where
            pcm1_0.caretaker_id=?) 
        and ea1_0.status='ACTIVE' 
    order by
        ea1_0.created_at desc
Hibernate: 
    select
        ea1_0.id,
        ea1_0.created_at,
        ea1_0.patient_email,
        ea1_0.patient_id,
        ea1_0.patient_name,
        ea1_0.patient_phone,
        ea1_0.primary_caretaker_name,
        ea1_0.primary_caretaker_phone,
        ea1_0.resolved_at,
        ea1_0.status 
    from
        emergency_alerts ea1_0 
    where
        ea1_0.id=?
2026-09-24T00:15:31.620+05:30  INFO 11296 --- [cognitivecare-backend] [nio-8088-exec-4] c.e.backend.service.EmergencyService     : ✅ Emergency Alert ID 4 resolved.
Hibernate: 
    update
        emergency_alerts 
    set
        created_at=?,
        patient_email=?,
        patient_id=?,
        patient_name=?,
        patient_phone=?,
        primary_caretaker_name=?,
        primary_caretaker_phone=?,
        resolved_at=?,
        status=? 
    where
        id=?
Hibernate: 
    select
        u1_0.user_id,
        u1_0.age,
        u1_0.created_at,
        u1_0.date_of_birth,
        u1_0.district,
        u1_0.email,
        u1_0.fcm_token,
        u1_0.full_name,
        u1_0.gender,
        u1_0.hospital_name,
        u1_0.id_proof_url,
        u1_0.nuid,
        u1_0.password_hash,
        u1_0.phone_number,
        u1_0.pincode,
        u1_0.profession,
        u1_0.qr_code_token,
        u1_0.registration_number,
        u1_0.role,
        u1_0.specialization,
        u1_0.state,
        u1_0.state_council,
        u1_0.verification_status 
    from
        users u1_0 
    where
        lower(u1_0.email)=lower(?)
Hibernate: 
    select
        ea1_0.id,
        ea1_0.created_at,
        ea1_0.patient_email,
        ea1_0.patient_id,
        ea1_0.patient_name,
        ea1_0.patient_phone,
        ea1_0.primary_caretaker_name,
        ea1_0.primary_caretaker_phone,
        ea1_0.resolved_at,
        ea1_0.status 
    from
        emergency_alerts ea1_0 
    where
        ea1_0.patient_id in (select
            pcm1_0.patient_id 
        from
            patient_caretaker_mappings pcm1_0 
        where
            pcm1_0.caretaker_id=?) 
        and ea1_0.status='ACTIVE' 
    order by
        ea1_0.created_at desc
Hibernate: 
    select
        u1_0.user_id,
        u1_0.age,
        u1_0.created_at,
        u1_0.date_of_birth,
        u1_0.district,
        u1_0.email,
        u1_0.fcm_token,
        u1_0.full_name,
        u1_0.gender,
        u1_0.hospital_name,
        u1_0.id_proof_url,
        u1_0.nuid,
        u1_0.password_hash,
        u1_0.phone_number,
        u1_0.pincode,
        u1_0.profession,
        u1_0.qr_code_token,
        u1_0.registration_number,
        u1_0.role,
        u1_0.specialization,
        u1_0.state,
        u1_0.state_council,
        u1_0.verification_status 
    from
        users u1_0 
    where
        lower(u1_0.email)=lower(?)
Hibernate: 
    select
        ea1_0.id,
        ea1_0.created_at,
        ea1_0.patient_email,
        ea1_0.patient_id,
        ea1_0.patient_name,
        ea1_0.patient_phone,
        ea1_0.primary_caretaker_name,
        ea1_0.primary_caretaker_phone,
        ea1_0.resolved_at,
        ea1_0.status 
    from
        emergency_alerts ea1_0 
    where
        ea1_0.patient_id in (select
            pcm1_0.patient_id 
        from
            patient_caretaker_mappings pcm1_0 
        where
            pcm1_0.caretaker_id=?) 
        and ea1_0.status='ACTIVE' 
    order by
        ea1_0.created_at desc
Hibernate: 
    select
        u1_0.user_id,
        u1_0.age,
        u1_0.created_at,
        u1_0.date_of_birth,
        u1_0.district,
        u1_0.email,
        u1_0.fcm_token,
        u1_0.full_name,
        u1_0.gender,
        u1_0.hospital_name,
        u1_0.id_proof_url,
        u1_0.nuid,
        u1_0.password_hash,
        u1_0.phone_number,
        u1_0.pincode,
        u1_0.profession,
        u1_0.qr_code_token,
        u1_0.registration_number,
        u1_0.role,
        u1_0.specialization,
        u1_0.state,
        u1_0.state_council,
        u1_0.verification_status 
    from
        users u1_0 
    where
        lower(u1_0.email)=lower(?)
Hibernate: 
    select
        ea1_0.id,
        ea1_0.created_at,
        ea1_0.patient_email,
        ea1_0.patient_id,
        ea1_0.patient_name,
        ea1_0.patient_phone,
        ea1_0.primary_caretaker_name,
        ea1_0.primary_caretaker_phone,
        ea1_0.resolved_at,
        ea1_0.status 
    from
        emergency_alerts ea1_0 
    where
        ea1_0.patient_id in (select
            pcm1_0.patient_id 
        from
            patient_caretaker_mappings pcm1_0 
        where
            pcm1_0.caretaker_id=?) 
        and ea1_0.status='ACTIVE' 
    order by
        ea1_0.created_at desc
Hibernate: 
    select
        u1_0.user_id,
        u1_0.age,
        u1_0.created_at,
        u1_0.date_of_birth,
        u1_0.district,
        u1_0.email,
        u1_0.fcm_token,
        u1_0.full_name,
        u1_0.gender,
        u1_0.hospital_name,
        u1_0.id_proof_url,
        u1_0.nuid,
        u1_0.password_hash,
        u1_0.phone_number,
        u1_0.pincode,
        u1_0.profession,
        u1_0.qr_code_token,
        u1_0.registration_number,
        u1_0.role,
        u1_0.specialization,
        u1_0.state,
        u1_0.state_council,
        u1_0.verification_status 
    from
        users u1_0 
    where
        lower(u1_0.email)=lower(?)
Hibernate: 
    select
        ea1_0.id,
        ea1_0.created_at,
        ea1_0.patient_email,
        ea1_0.patient_id,
        ea1_0.patient_name,
        ea1_0.patient_phone,
        ea1_0.primary_caretaker_name,
        ea1_0.primary_caretaker_phone,
        ea1_0.resolved_at,
        ea1_0.status 
    from
        emergency_alerts ea1_0 
    where
        ea1_0.patient_id in (select
            pcm1_0.patient_id 
        from
            patient_caretaker_mappings pcm1_0 
        where
            pcm1_0.caretaker_id=?) 
        and ea1_0.status='ACTIVE' 
    order by
        ea1_0.created_at desc
Hibernate: 
    select
        u1_0.user_id,
        u1_0.age,
        u1_0.created_at,
        u1_0.date_of_birth,
        u1_0.district,
        u1_0.email,
        u1_0.fcm_token,
        u1_0.full_name,
        u1_0.gender,
        u1_0.hospital_name,
        u1_0.id_proof_url,
        u1_0.nuid,
        u1_0.password_hash,
        u1_0.phone_number,
        u1_0.pincode,
        u1_0.profession,
        u1_0.qr_code_token,
        u1_0.registration_number,
        u1_0.role,
        u1_0.specialization,
        u1_0.state,
        u1_0.state_council,
        u1_0.verification_status 
    from
        users u1_0 
    where
        lower(u1_0.email)=lower(?)
Hibernate: 
    select
        ea1_0.id,
        ea1_0.created_at,
        ea1_0.patient_email,
        ea1_0.patient_id,
        ea1_0.patient_name,
        ea1_0.patient_phone,
        ea1_0.primary_caretaker_name,
        ea1_0.primary_caretaker_phone,
        ea1_0.resolved_at,
        ea1_0.status 
    from
        emergency_alerts ea1_0 
    where
        ea1_0.patient_id in (select
            pcm1_0.patient_id 
        from
            patient_caretaker_mappings pcm1_0 
        where
            pcm1_0.caretaker_id=?) 
        and ea1_0.status='ACTIVE' 
    order by
        ea1_0.created_at desc
Hibernate: 
    select
        u1_0.user_id,
        u1_0.age,
        u1_0.created_at,
        u1_0.date_of_birth,
        u1_0.district,
        u1_0.email,
        u1_0.fcm_token,
        u1_0.full_name,
        u1_0.gender,
        u1_0.hospital_name,
        u1_0.id_proof_url,
        u1_0.nuid,
        u1_0.password_hash,
        u1_0.phone_number,
        u1_0.pincode,
        u1_0.profession,
        u1_0.qr_code_token,
        u1_0.registration_number,
        u1_0.role,
        u1_0.specialization,
        u1_0.state,
        u1_0.state_council,
        u1_0.verification_status 
    from
        users u1_0 
    where
        lower(u1_0.email)=lower(?)
Hibernate: 
    select
        ea1_0.id,
        ea1_0.created_at,
        ea1_0.patient_email,
        ea1_0.patient_id,
        ea1_0.patient_name,
        ea1_0.patient_phone,
        ea1_0.primary_caretaker_name,
        ea1_0.primary_caretaker_phone,
        ea1_0.resolved_at,
        ea1_0.status 
    from
        emergency_alerts ea1_0 
    where
        ea1_0.patient_id in (select
            pcm1_0.patient_id 
        from
            patient_caretaker_mappings pcm1_0 
        where
            pcm1_0.caretaker_id=?) 
        and ea1_0.status='ACTIVE' 
    order by
        ea1_0.created_at desc
Hibernate: 
    select
        u1_0.user_id,
        u1_0.age,
        u1_0.created_at,
        u1_0.date_of_birth,
        u1_0.district,
        u1_0.email,
        u1_0.fcm_token,
        u1_0.full_name,
        u1_0.gender,
        u1_0.hospital_name,
        u1_0.id_proof_url,
        u1_0.nuid,
        u1_0.password_hash,
        u1_0.phone_number,
        u1_0.pincode,
        u1_0.profession,
        u1_0.qr_code_token,
        u1_0.registration_number,
        u1_0.role,
        u1_0.specialization,
        u1_0.state,
        u1_0.state_council,
        u1_0.verification_status 
    from
        users u1_0 
    where
        lower(u1_0.email)=lower(?)
Hibernate: 
    select
        ea1_0.id,
        ea1_0.created_at,
        ea1_0.patient_email,
        ea1_0.patient_id,
        ea1_0.patient_name,
        ea1_0.patient_phone,
        ea1_0.primary_caretaker_name,
        ea1_0.primary_caretaker_phone,
        ea1_0.resolved_at,
        ea1_0.status 
    from
        emergency_alerts ea1_0 
    where
        ea1_0.patient_id in (select
            pcm1_0.patient_id 
        from
            patient_caretaker_mappings pcm1_0 
        where
            pcm1_0.caretaker_id=?) 
        and ea1_0.status='ACTIVE' 
    order by
        ea1_0.created_at desc
Hibernate: 
    select
        u1_0.user_id,
        u1_0.age,
        u1_0.created_at,
        u1_0.date_of_birth,
        u1_0.district,
        u1_0.email,
        u1_0.fcm_token,
        u1_0.full_name,
        u1_0.gender,
        u1_0.hospital_name,
        u1_0.id_proof_url,
        u1_0.nuid,
        u1_0.password_hash,
        u1_0.phone_number,
        u1_0.pincode,
        u1_0.profession,
        u1_0.qr_code_token,
        u1_0.registration_number,
        u1_0.role,
        u1_0.specialization,
        u1_0.state,
        u1_0.state_council,
        u1_0.verification_status 
    from
        users u1_0 
    where
        lower(u1_0.email)=lower(?)
Hibernate: 
    select
        ea1_0.id,
        ea1_0.created_at,
        ea1_0.patient_email,
        ea1_0.patient_id,
        ea1_0.patient_name,
        ea1_0.patient_phone,
        ea1_0.primary_caretaker_name,
        ea1_0.primary_caretaker_phone,
        ea1_0.resolved_at,
        ea1_0.status 
    from
        emergency_alerts ea1_0 
    where
        ea1_0.patient_id in (select
            pcm1_0.patient_id 
        from
            patient_caretaker_mappings pcm1_0 
        where
            pcm1_0.caretaker_id=?) 
        and ea1_0.status='ACTIVE' 
    order by
        ea1_0.created_at desc
Hibernate: 
    select
        u1_0.user_id,
        u1_0.age,
        u1_0.created_at,
        u1_0.date_of_birth,
        u1_0.district,
        u1_0.email,
        u1_0.fcm_token,
        u1_0.full_name,
        u1_0.gender,
        u1_0.hospital_name,
        u1_0.id_proof_url,
        u1_0.nuid,
        u1_0.password_hash,
        u1_0.phone_number,
        u1_0.pincode,
        u1_0.profession,
        u1_0.qr_code_token,
        u1_0.registration_number,
        u1_0.role,
        u1_0.specialization,
        u1_0.state,
        u1_0.state_council,
        u1_0.verification_status 
    from
        users u1_0 
    where
        lower(u1_0.email)=lower(?)
Hibernate: 
    select
        ea1_0.id,
        ea1_0.created_at,
        ea1_0.patient_email,
        ea1_0.patient_id,
        ea1_0.patient_name,
        ea1_0.patient_phone,
        ea1_0.primary_caretaker_name,
        ea1_0.primary_caretaker_phone,
        ea1_0.resolved_at,
        ea1_0.status 
    from
        emergency_alerts ea1_0 
    where
        ea1_0.patient_id in (select
            pcm1_0.patient_id 
        from
            patient_caretaker_mappings pcm1_0 
        where
            pcm1_0.caretaker_id=?) 
        and ea1_0.status='ACTIVE' 
    order by
        ea1_0.created_at desc
Hibernate: 
    select
        u1_0.user_id,
        u1_0.age,
        u1_0.created_at,
        u1_0.date_of_birth,
        u1_0.district,
        u1_0.email,
        u1_0.fcm_token,
        u1_0.full_name,
        u1_0.gender,
        u1_0.hospital_name,
        u1_0.id_proof_url,
        u1_0.nuid,
        u1_0.password_hash,
        u1_0.phone_number,
        u1_0.pincode,
        u1_0.profession,
        u1_0.qr_code_token,
        u1_0.registration_number,
        u1_0.role,
        u1_0.specialization,
        u1_0.state,
        u1_0.state_council,
        u1_0.verification_status 
    from
        users u1_0 
    where
        lower(u1_0.email)=lower(?)
Hibernate: 
    select
        ea1_0.id,
        ea1_0.created_at,
        ea1_0.patient_email,
        ea1_0.patient_id,
        ea1_0.patient_name,
        ea1_0.patient_phone,
        ea1_0.primary_caretaker_name,
        ea1_0.primary_caretaker_phone,
        ea1_0.resolved_at,
        ea1_0.status 
    from
        emergency_alerts ea1_0 
    where
        ea1_0.patient_id in (select
            pcm1_0.patient_id 
        from
            patient_caretaker_mappings pcm1_0 
        where
            pcm1_0.caretaker_id=?) 
        and ea1_0.status='ACTIVE' 
    order by
        ea1_0.created_at desc
Hibernate: 
    select
        u1_0.user_id,
        u1_0.age,
        u1_0.created_at,
        u1_0.date_of_birth,
        u1_0.district,
        u1_0.email,
        u1_0.fcm_token,
        u1_0.full_name,
        u1_0.gender,
        u1_0.hospital_name,
        u1_0.id_proof_url,
        u1_0.nuid,
        u1_0.password_hash,
        u1_0.phone_number,
        u1_0.pincode,
        u1_0.profession,
        u1_0.qr_code_token,
        u1_0.registration_number,
        u1_0.role,
        u1_0.specialization,
        u1_0.state,
        u1_0.state_council,
        u1_0.verification_status 
    from
        users u1_0 
    where
        lower(u1_0.email)=lower(?)
Hibernate: 
    select
        ea1_0.id,
        ea1_0.created_at,
        ea1_0.patient_email,
        ea1_0.patient_id,
        ea1_0.patient_name,
        ea1_0.patient_phone,
        ea1_0.primary_caretaker_name,
        ea1_0.primary_caretaker_phone,
        ea1_0.resolved_at,
        ea1_0.status 
    from
        emergency_alerts ea1_0 
    where
        ea1_0.patient_id in (select
            pcm1_0.patient_id 
        from
            patient_caretaker_mappings pcm1_0 
        where
            pcm1_0.caretaker_id=?) 
        and ea1_0.status='ACTIVE' 
    order by
        ea1_0.created_at desc
Hibernate: 
    select
        u1_0.user_id,
        u1_0.age,
        u1_0.created_at,
        u1_0.date_of_birth,
        u1_0.district,
        u1_0.email,
        u1_0.fcm_token,
        u1_0.full_name,
        u1_0.gender,
        u1_0.hospital_name,
        u1_0.id_proof_url,
        u1_0.nuid,
        u1_0.password_hash,
        u1_0.phone_number,
        u1_0.pincode,
        u1_0.profession,
        u1_0.qr_code_token,
        u1_0.registration_number,
        u1_0.role,
        u1_0.specialization,
        u1_0.state,
        u1_0.state_council,
        u1_0.verification_status 
    from
        users u1_0 
    where
        lower(u1_0.email)=lower(?)
Hibernate: 
    select
        ea1_0.id,
        ea1_0.created_at,
        ea1_0.patient_email,
        ea1_0.patient_id,
        ea1_0.patient_name,
        ea1_0.patient_phone,
        ea1_0.primary_caretaker_name,
        ea1_0.primary_caretaker_phone,
        ea1_0.resolved_at,
        ea1_0.status 
    from
        emergency_alerts ea1_0 
    where
        ea1_0.patient_id in (select
            pcm1_0.patient_id 
        from
            patient_caretaker_mappings pcm1_0 
        where
            pcm1_0.caretaker_id=?) 
        and ea1_0.status='ACTIVE' 
    order by
        ea1_0.created_at desc
Hibernate: 
    select
        u1_0.user_id,
        u1_0.age,
        u1_0.created_at,
        u1_0.date_of_birth,
        u1_0.district,
        u1_0.email,
        u1_0.fcm_token,
        u1_0.full_name,
        u1_0.gender,
        u1_0.hospital_name,
        u1_0.id_proof_url,
        u1_0.nuid,
        u1_0.password_hash,
        u1_0.phone_number,
        u1_0.pincode,
        u1_0.profession,
        u1_0.qr_code_token,
        u1_0.registration_number,
        u1_0.role,
        u1_0.specialization,
        u1_0.state,
        u1_0.state_council,
        u1_0.verification_status 
    from
        users u1_0 
    where
        lower(u1_0.email)=lower(?)
Hibernate: 
    select
        ea1_0.id,
        ea1_0.created_at,
        ea1_0.patient_email,
        ea1_0.patient_id,
        ea1_0.patient_name,
        ea1_0.patient_phone,
        ea1_0.primary_caretaker_name,
        ea1_0.primary_caretaker_phone,
        ea1_0.resolved_at,
        ea1_0.status 
    from
        emergency_alerts ea1_0 
    where
        ea1_0.patient_id in (select
            pcm1_0.patient_id 
        from
            patient_caretaker_mappings pcm1_0 
        where
            pcm1_0.caretaker_id=?) 
        and ea1_0.status='ACTIVE' 
    order by
        ea1_0.created_at desc
Hibernate: 
    select
        u1_0.user_id,
        u1_0.age,
        u1_0.created_at,
        u1_0.date_of_birth,
        u1_0.district,
        u1_0.email,
        u1_0.fcm_token,
        u1_0.full_name,
        u1_0.gender,
        u1_0.hospital_name,
        u1_0.id_proof_url,
        u1_0.nuid,
        u1_0.password_hash,
        u1_0.phone_number,
        u1_0.pincode,
        u1_0.profession,
        u1_0.qr_code_token,
        u1_0.registration_number,
        u1_0.role,
        u1_0.specialization,
        u1_0.state,
        u1_0.state_council,
        u1_0.verification_status 
    from
        users u1_0 
    where
        lower(u1_0.email)=lower(?)
Hibernate: 
    select
        ea1_0.id,
        ea1_0.created_at,
        ea1_0.patient_email,
        ea1_0.patient_id,
        ea1_0.patient_name,
        ea1_0.patient_phone,
        ea1_0.primary_caretaker_name,
        ea1_0.primary_caretaker_phone,
        ea1_0.resolved_at,
        ea1_0.status 
    from
        emergency_alerts ea1_0 
    where
        ea1_0.patient_id in (select
            pcm1_0.patient_id 
        from
            patient_caretaker_mappings pcm1_0 
        where
            pcm1_0.caretaker_id=?) 
        and ea1_0.status='ACTIVE' 
    order by
        ea1_0.created_at desc
Hibernate: 
    select
        u1_0.user_id,
        u1_0.age,
        u1_0.created_at,
        u1_0.date_of_birth,
        u1_0.district,
        u1_0.email,
        u1_0.fcm_token,
        u1_0.full_name,
        u1_0.gender,
        u1_0.hospital_name,
        u1_0.id_proof_url,
        u1_0.nuid,
        u1_0.password_hash,
        u1_0.phone_number,
        u1_0.pincode,
        u1_0.profession,
        u1_0.qr_code_token,
        u1_0.registration_number,
        u1_0.role,
        u1_0.specialization,
        u1_0.state,
        u1_0.state_council,
        u1_0.verification_status 
    from
        users u1_0 
    where
        lower(u1_0.email)=lower(?)
Hibernate: 
    select
        ea1_0.id,
        ea1_0.created_at,
        ea1_0.patient_email,
        ea1_0.patient_id,
        ea1_0.patient_name,
        ea1_0.patient_phone,
        ea1_0.primary_caretaker_name,
        ea1_0.primary_caretaker_phone,
        ea1_0.resolved_at,
        ea1_0.status 
    from
        emergency_alerts ea1_0 
    where
        ea1_0.patient_id in (select
            pcm1_0.patient_id 
        from
            patient_caretaker_mappings pcm1_0 
        where
            pcm1_0.caretaker_id=?) 
        and ea1_0.status='ACTIVE' 
    order by
        ea1_0.created_at desc
Hibernate: 
    select
        u1_0.user_id,
        u1_0.age,
        u1_0.created_at,
        u1_0.date_of_birth,
        u1_0.district,
        u1_0.email,
        u1_0.fcm_token,
        u1_0.full_name,
        u1_0.gender,
        u1_0.hospital_name,
        u1_0.id_proof_url,
        u1_0.nuid,
        u1_0.password_hash,
        u1_0.phone_number,
        u1_0.pincode,
        u1_0.profession,
        u1_0.qr_code_token,
        u1_0.registration_number,
        u1_0.role,
        u1_0.specialization,
        u1_0.state,
        u1_0.state_council,
        u1_0.verification_status 
    from
        users u1_0 
    where
        lower(u1_0.email)=lower(?)
Hibernate: 
    select
        ea1_0.id,
        ea1_0.created_at,
        ea1_0.patient_email,
        ea1_0.patient_id,
        ea1_0.patient_name,
        ea1_0.patient_phone,
        ea1_0.primary_caretaker_name,
        ea1_0.primary_caretaker_phone,
        ea1_0.resolved_at,
        ea1_0.status 
    from
        emergency_alerts ea1_0 
    where
        ea1_0.patient_id in (select
            pcm1_0.patient_id 
        from
            patient_caretaker_mappings pcm1_0 
        where
            pcm1_0.caretaker_id=?) 
        and ea1_0.status='ACTIVE' 
    order by
        ea1_0.created_at desc
Hibernate: 
    select
        u1_0.user_id,
        u1_0.age,
        u1_0.created_at,
        u1_0.date_of_birth,
        u1_0.district,
        u1_0.email,
        u1_0.fcm_token,
        u1_0.full_name,
        u1_0.gender,
        u1_0.hospital_name,
        u1_0.id_proof_url,
        u1_0.nuid,
        u1_0.password_hash,
        u1_0.phone_number,
        u1_0.pincode,
        u1_0.profession,
        u1_0.qr_code_token,
        u1_0.registration_number,
        u1_0.role,
        u1_0.specialization,
        u1_0.state,
        u1_0.state_council,
        u1_0.verification_status 
    from
        users u1_0 
    where
        lower(u1_0.email)=lower(?)
Hibernate: 
    select
        ea1_0.id,
        ea1_0.created_at,
        ea1_0.patient_email,
        ea1_0.patient_id,
        ea1_0.patient_name,
        ea1_0.patient_phone,
        ea1_0.primary_caretaker_name,
        ea1_0.primary_caretaker_phone,
        ea1_0.resolved_at,
        ea1_0.status 
    from
        emergency_alerts ea1_0 
    where
        ea1_0.patient_id in (select
            pcm1_0.patient_id 
        from
            patient_caretaker_mappings pcm1_0 
        where
            pcm1_0.caretaker_id=?) 
        and ea1_0.status='ACTIVE' 
    order by
        ea1_0.created_at desc
Hibernate: 
    select
        u1_0.user_id,
        u1_0.age,
        u1_0.created_at,
        u1_0.date_of_birth,
        u1_0.district,
        u1_0.email,
        u1_0.fcm_token,
        u1_0.full_name,
        u1_0.gender,
        u1_0.hospital_name,
        u1_0.id_proof_url,
        u1_0.nuid,
        u1_0.password_hash,
        u1_0.phone_number,
        u1_0.pincode,
        u1_0.profession,
        u1_0.qr_code_token,
        u1_0.registration_number,
        u1_0.role,
        u1_0.specialization,
        u1_0.state,
        u1_0.state_council,
        u1_0.verification_status 
    from
        users u1_0 
    where
        lower(u1_0.email)=lower(?)
Hibernate: 
    select
        ea1_0.id,
        ea1_0.created_at,
        ea1_0.patient_email,
        ea1_0.patient_id,
        ea1_0.patient_name,
        ea1_0.patient_phone,
        ea1_0.primary_caretaker_name,
        ea1_0.primary_caretaker_phone,
        ea1_0.resolved_at,
        ea1_0.status 
    from
        emergency_alerts ea1_0 
    where
        ea1_0.patient_id in (select
            pcm1_0.patient_id 
        from
            patient_caretaker_mappings pcm1_0 
        where
            pcm1_0.caretaker_id=?) 
        and ea1_0.status='ACTIVE' 
    order by
        ea1_0.created_at desc
Hibernate: 
    select
        u1_0.user_id,
        u1_0.age,
        u1_0.created_at,
        u1_0.date_of_birth,
        u1_0.district,
        u1_0.email,
        u1_0.fcm_token,
        u1_0.full_name,
        u1_0.gender,
        u1_0.hospital_name,
        u1_0.id_proof_url,
        u1_0.nuid,
        u1_0.password_hash,
        u1_0.phone_number,
        u1_0.pincode,
        u1_0.profession,
        u1_0.qr_code_token,
        u1_0.registration_number,
        u1_0.role,
        u1_0.specialization,
        u1_0.state,
        u1_0.state_council,
        u1_0.verification_status 
    from
        users u1_0 
    where
        lower(u1_0.email)=lower(?)
Hibernate: 
    select
        ea1_0.id,
        ea1_0.created_at,
        ea1_0.patient_email,
        ea1_0.patient_id,
        ea1_0.patient_name,
        ea1_0.patient_phone,
        ea1_0.primary_caretaker_name,
        ea1_0.primary_caretaker_phone,
        ea1_0.resolved_at,
        ea1_0.status 
    from
        emergency_alerts ea1_0 
    where
        ea1_0.patient_id in (select
            pcm1_0.patient_id 
        from
            patient_caretaker_mappings pcm1_0 
        where
            pcm1_0.caretaker_id=?) 
        and ea1_0.status='ACTIVE' 
    order by
        ea1_0.created_at desc
Hibernate: 
    select
        u1_0.user_id,
        u1_0.age,
        u1_0.created_at,
        u1_0.date_of_birth,
        u1_0.district,
        u1_0.email,
        u1_0.fcm_token,
        u1_0.full_name,
        u1_0.gender,
        u1_0.hospital_name,
        u1_0.id_proof_url,
        u1_0.nuid,
        u1_0.password_hash,
        u1_0.phone_number,
        u1_0.pincode,
        u1_0.profession,
        u1_0.qr_code_token,
        u1_0.registration_number,
        u1_0.role,
        u1_0.specialization,
        u1_0.state,
        u1_0.state_council,
        u1_0.verification_status 
    from
        users u1_0 
    where
        lower(u1_0.email)=lower(?)
Hibernate: 
    select
        ea1_0.id,
        ea1_0.created_at,
        ea1_0.patient_email,
        ea1_0.patient_id,
        ea1_0.patient_name,
        ea1_0.patient_phone,
        ea1_0.primary_caretaker_name,
        ea1_0.primary_caretaker_phone,
        ea1_0.resolved_at,
        ea1_0.status 
    from
        emergency_alerts ea1_0 
    where
        ea1_0.patient_id in (select
            pcm1_0.patient_id 
        from
            patient_caretaker_mappings pcm1_0 
        where
            pcm1_0.caretaker_id=?) 
        and ea1_0.status='ACTIVE' 
    order by
        ea1_0.created_at desc
Hibernate: 
    select
        u1_0.user_id,
        u1_0.age,
        u1_0.created_at,
        u1_0.date_of_birth,
        u1_0.district,
        u1_0.email,
        u1_0.fcm_token,
        u1_0.full_name,
        u1_0.gender,
        u1_0.hospital_name,
        u1_0.id_proof_url,
        u1_0.nuid,
        u1_0.password_hash,
        u1_0.phone_number,
        u1_0.pincode,
        u1_0.profession,
        u1_0.qr_code_token,
        u1_0.registration_number,
        u1_0.role,
        u1_0.specialization,
        u1_0.state,
        u1_0.state_council,
        u1_0.verification_status 
    from
        users u1_0 
    where
        lower(u1_0.email)=lower(?)
Hibernate: 
    select
        u1_0.user_id,
        u1_0.age,
        u1_0.created_at,
        u1_0.date_of_birth,
        u1_0.district,
        u1_0.email,
        u1_0.fcm_token,
        u1_0.full_name,
        u1_0.gender,
        u1_0.hospital_name,
        u1_0.id_proof_url,
        u1_0.nuid,
        u1_0.password_hash,
        u1_0.phone_number,
        u1_0.pincode,
        u1_0.profession,
        u1_0.qr_code_token,
        u1_0.registration_number,
        u1_0.role,
        u1_0.specialization,
        u1_0.state,
        u1_0.state_council,
        u1_0.verification_status 
    from
        users u1_0 
    where
        u1_0.phone_number=?
Hibernate: 
    select
        u1_0.user_id,
        u1_0.age,
        u1_0.created_at,
        u1_0.date_of_birth,
        u1_0.district,
        u1_0.email,
        u1_0.fcm_token,
        u1_0.full_name,
        u1_0.gender,
        u1_0.hospital_name,
        u1_0.id_proof_url,
        u1_0.nuid,
        u1_0.password_hash,
        u1_0.phone_number,
        u1_0.pincode,
        u1_0.profession,
        u1_0.qr_code_token,
        u1_0.registration_number,
        u1_0.role,
        u1_0.specialization,
        u1_0.state,
        u1_0.state_council,
        u1_0.verification_status 
    from
        users u1_0 
    where
        u1_0.user_id=?
Hibernate: 
    insert 
    into
        users
        (age, created_at, date_of_birth, district, email, fcm_token, full_name, gender, hospital_name, id_proof_url, nuid, password_hash, phone_number, pincode, profession, qr_code_token, registration_number, role, specialization, state, state_council, verification_status, user_id) 
    values
        (?, ?, ?, ?, ?, ?, ?, ?, ?, ?, ?, ?, ?, ?, ?, ?, ?, ?, ?, ?, ?, ?, ?)
Hibernate: 
    select
        u1_0.user_id,
        u1_0.age,
        u1_0.created_at,
        u1_0.date_of_birth,
        u1_0.district,
        u1_0.email,
        u1_0.fcm_token,
        u1_0.full_name,
        u1_0.gender,
        u1_0.hospital_name,
        u1_0.id_proof_url,
        u1_0.nuid,
        u1_0.password_hash,
        u1_0.phone_number,
        u1_0.pincode,
        u1_0.profession,
        u1_0.qr_code_token,
        u1_0.registration_number,
        u1_0.role,
        u1_0.specialization,
        u1_0.state,
        u1_0.state_council,
        u1_0.verification_status 
    from
        users u1_0 
    where
        u1_0.user_id=?
Hibernate: 
    select
        u1_0.user_id,
        u1_0.age,
        u1_0.created_at,
        u1_0.date_of_birth,
        u1_0.district,
        u1_0.email,
        u1_0.fcm_token,
        u1_0.full_name,
        u1_0.gender,
        u1_0.hospital_name,
        u1_0.id_proof_url,
        u1_0.nuid,
        u1_0.password_hash,
        u1_0.phone_number,
        u1_0.pincode,
        u1_0.profession,
        u1_0.qr_code_token,
        u1_0.registration_number,
        u1_0.role,
        u1_0.specialization,
        u1_0.state,
        u1_0.state_council,
        u1_0.verification_status 
    from
        users u1_0 
    where
        upper(u1_0.qr_code_token)=upper(?)
Hibernate: 
    select
        pcm1_0.id,
        pcm1_0.caretaker_id,
        pcm1_0.is_primary,
        pcm1_0.linked_at,
        pcm1_0.patient_id,
        pcm1_0.relation 
    from
        patient_caretaker_mappings pcm1_0 
    where
        pcm1_0.patient_id=? 
    order by
        pcm1_0.is_primary desc,
        pcm1_0.linked_at
Hibernate: 
    update
        patient_caretaker_mappings pcm1_0 
    set
        pcm1_0.is_primary=0 
    where
        pcm1_0.patient_id=?
Hibernate: 
    select
        pcm1_0.id,
        pcm1_0.caretaker_id,
        pcm1_0.is_primary,
        pcm1_0.linked_at,
        pcm1_0.patient_id,
        pcm1_0.relation 
    from
        patient_caretaker_mappings pcm1_0 
    where
        pcm1_0.patient_id=? 
        and pcm1_0.caretaker_id=?
Hibernate: 
    select
        mapping_seq.nextval 
    from
        dual
2026-09-24T00:16:48.320+05:30  INFO 11296 --- [cognitivecare-backend] [io-8088-exec-10] c.e.backend.service.CaretakerService     : ✅ Linked Caretaker Jai (717824p120@kce.ac.in) with Patient Saisaran (717824p146@kce.ac.in) - Relation: Primary Caregiver
Hibernate: 
    insert 
    into
        patient_caretaker_mappings
        (caretaker_id, is_primary, linked_at, patient_id, relation, id) 
    values
        (?, ?, ?, ?, ?, ?)
Hibernate: 
    select
        u1_0.user_id,
        u1_0.age,
        u1_0.created_at,
        u1_0.date_of_birth,
        u1_0.district,
        u1_0.email,
        u1_0.fcm_token,
        u1_0.full_name,
        u1_0.gender,
        u1_0.hospital_name,
        u1_0.id_proof_url,
        u1_0.nuid,
        u1_0.password_hash,
        u1_0.phone_number,
        u1_0.pincode,
        u1_0.profession,
        u1_0.qr_code_token,
        u1_0.registration_number,
        u1_0.role,
        u1_0.specialization,
        u1_0.state,
        u1_0.state_council,
        u1_0.verification_status 
    from
        users u1_0 
    where
        lower(u1_0.email)=lower(?)
Hibernate: 
    select
        ea1_0.id,
        ea1_0.created_at,
        ea1_0.patient_email,
        ea1_0.patient_id,
        ea1_0.patient_name,
        ea1_0.patient_phone,
        ea1_0.primary_caretaker_name,
        ea1_0.primary_caretaker_phone,
        ea1_0.resolved_at,
        ea1_0.status 
    from
        emergency_alerts ea1_0 
    where
        ea1_0.patient_id in (select
            pcm1_0.patient_id 
        from
            patient_caretaker_mappings pcm1_0 
        where
            pcm1_0.caretaker_id=?) 
        and ea1_0.status='ACTIVE' 
    order by
        ea1_0.created_at desc
Hibernate: 
    select
        u1_0.user_id,
        u1_0.age,
        u1_0.created_at,
        u1_0.date_of_birth,
        u1_0.district,
        u1_0.email,
        u1_0.fcm_token,
        u1_0.full_name,
        u1_0.gender,
        u1_0.hospital_name,
        u1_0.id_proof_url,
        u1_0.nuid,
        u1_0.password_hash,
        u1_0.phone_number,
        u1_0.pincode,
        u1_0.profession,
        u1_0.qr_code_token,
        u1_0.registration_number,
        u1_0.role,
        u1_0.specialization,
        u1_0.state,
        u1_0.state_council,
        u1_0.verification_status 
    from
        users u1_0 
    where
        lower(u1_0.email)=lower(?)
Hibernate: 
    select
        ea1_0.id,
        ea1_0.created_at,
        ea1_0.patient_email,
        ea1_0.patient_id,
        ea1_0.patient_name,
        ea1_0.patient_phone,
        ea1_0.primary_caretaker_name,
        ea1_0.primary_caretaker_phone,
        ea1_0.resolved_at,
        ea1_0.status 
    from
        emergency_alerts ea1_0 
    where
        ea1_0.patient_id in (select
            pcm1_0.patient_id 
        from
            patient_caretaker_mappings pcm1_0 
        where
            pcm1_0.caretaker_id=?) 
        and ea1_0.status='ACTIVE' 
    order by
        ea1_0.created_at desc
Hibernate: 
    select
        pcm1_0.id,
        pcm1_0.caretaker_id,
        pcm1_0.is_primary,
        pcm1_0.linked_at,
        pcm1_0.patient_id,
        pcm1_0.relation 
    from
        patient_caretaker_mappings pcm1_0 
    where
        pcm1_0.caretaker_id=? 
    order by
        pcm1_0.linked_at desc
Hibernate: 
    select
        u1_0.user_id,
        u1_0.age,
        u1_0.created_at,
        u1_0.date_of_birth,
        u1_0.district,
        u1_0.email,
        u1_0.fcm_token,
        u1_0.full_name,
        u1_0.gender,
        u1_0.hospital_name,
        u1_0.id_proof_url,
        u1_0.nuid,
        u1_0.password_hash,
        u1_0.phone_number,
        u1_0.pincode,
        u1_0.profession,
        u1_0.qr_code_token,
        u1_0.registration_number,
        u1_0.role,
        u1_0.specialization,
        u1_0.state,
        u1_0.state_council,
        u1_0.verification_status 
    from
        users u1_0 
    where
        u1_0.user_id=?
Hibernate: 
    select
        u1_0.user_id,
        u1_0.age,
        u1_0.created_at,
        u1_0.date_of_birth,
        u1_0.district,
        u1_0.email,
        u1_0.fcm_token,
        u1_0.full_name,
        u1_0.gender,
        u1_0.hospital_name,
        u1_0.id_proof_url,
        u1_0.nuid,
        u1_0.password_hash,
        u1_0.phone_number,
        u1_0.pincode,
        u1_0.profession,
        u1_0.qr_code_token,
        u1_0.registration_number,
        u1_0.role,
        u1_0.specialization,
        u1_0.state,
        u1_0.state_council,
        u1_0.verification_status 
    from
        users u1_0 
    where
        u1_0.user_id=?
Hibernate: 
    select
        u1_0.user_id,
        u1_0.age,
        u1_0.created_at,
        u1_0.date_of_birth,
        u1_0.district,
        u1_0.email,
        u1_0.fcm_token,
        u1_0.full_name,
        u1_0.gender,
        u1_0.hospital_name,
        u1_0.id_proof_url,
        u1_0.nuid,
        u1_0.password_hash,
        u1_0.phone_number,
        u1_0.pincode,
        u1_0.profession,
        u1_0.qr_code_token,
        u1_0.registration_number,
        u1_0.role,
        u1_0.specialization,
        u1_0.state,
        u1_0.state_council,
        u1_0.verification_status 
    from
        users u1_0 
    where
        lower(u1_0.email)=lower(?)
Hibernate: 
    select
        ea1_0.id,
        ea1_0.created_at,
        ea1_0.patient_email,
        ea1_0.patient_id,
        ea1_0.patient_name,
        ea1_0.patient_phone,
        ea1_0.primary_caretaker_name,
        ea1_0.primary_caretaker_phone,
        ea1_0.resolved_at,
        ea1_0.status 
    from
        emergency_alerts ea1_0 
    where
        ea1_0.patient_id in (select
            pcm1_0.patient_id 
        from
            patient_caretaker_mappings pcm1_0 
        where
            pcm1_0.caretaker_id=?) 
        and ea1_0.status='ACTIVE' 
    order by
        ea1_0.created_at desc
Hibernate: 
    select
        u1_0.user_id,
        u1_0.age,
        u1_0.created_at,
        u1_0.date_of_birth,
        u1_0.district,
        u1_0.email,
        u1_0.fcm_token,
        u1_0.full_name,
        u1_0.gender,
        u1_0.hospital_name,
        u1_0.id_proof_url,
        u1_0.nuid,
        u1_0.password_hash,
        u1_0.phone_number,
        u1_0.pincode,
        u1_0.profession,
        u1_0.qr_code_token,
        u1_0.registration_number,
        u1_0.role,
        u1_0.specialization,
        u1_0.state,
        u1_0.state_council,
        u1_0.verification_status 
    from
        users u1_0 
    where
        lower(u1_0.email)=lower(?)
Hibernate: 
    select
        ea1_0.id,
        ea1_0.created_at,
        ea1_0.patient_email,
        ea1_0.patient_id,
        ea1_0.patient_name,
        ea1_0.patient_phone,
        ea1_0.primary_caretaker_name,
        ea1_0.primary_caretaker_phone,
        ea1_0.resolved_at,
        ea1_0.status 
    from
        emergency_alerts ea1_0 
    where
        ea1_0.patient_id in (select
            pcm1_0.patient_id 
        from
            patient_caretaker_mappings pcm1_0 
        where
            pcm1_0.caretaker_id=?) 
        and ea1_0.status='ACTIVE' 
    order by
        ea1_0.created_at desc
Hibernate: 
    select
        u1_0.user_id,
        u1_0.age,
        u1_0.created_at,
        u1_0.date_of_birth,
        u1_0.district,
        u1_0.email,
        u1_0.fcm_token,
        u1_0.full_name,
        u1_0.gender,
        u1_0.hospital_name,
        u1_0.id_proof_url,
        u1_0.nuid,
        u1_0.password_hash,
        u1_0.phone_number,
        u1_0.pincode,
        u1_0.profession,
        u1_0.qr_code_token,
        u1_0.registration_number,
        u1_0.role,
        u1_0.specialization,
        u1_0.state,
        u1_0.state_council,
        u1_0.verification_status 
    from
        users u1_0 
    where
        lower(u1_0.email)=lower(?)
Hibernate: 
    select
        ea1_0.id,
        ea1_0.created_at,
        ea1_0.patient_email,
        ea1_0.patient_id,
        ea1_0.patient_name,
        ea1_0.patient_phone,
        ea1_0.primary_caretaker_name,
        ea1_0.primary_caretaker_phone,
        ea1_0.resolved_at,
        ea1_0.status 
    from
        emergency_alerts ea1_0 
    where
        ea1_0.patient_id in (select
            pcm1_0.patient_id 
        from
            patient_caretaker_mappings pcm1_0 
        where
            pcm1_0.caretaker_id=?) 
        and ea1_0.status='ACTIVE' 
    order by
        ea1_0.created_at desc
Hibernate: 
    select
        u1_0.user_id,
        u1_0.age,
        u1_0.created_at,
        u1_0.date_of_birth,
        u1_0.district,
        u1_0.email,
        u1_0.fcm_token,
        u1_0.full_name,
        u1_0.gender,
        u1_0.hospital_name,
        u1_0.id_proof_url,
        u1_0.nuid,
        u1_0.password_hash,
        u1_0.phone_number,
        u1_0.pincode,
        u1_0.profession,
        u1_0.qr_code_token,
        u1_0.registration_number,
        u1_0.role,
        u1_0.specialization,
        u1_0.state,
        u1_0.state_council,
        u1_0.verification_status 
    from
        users u1_0 
    where
        lower(u1_0.email)=lower(?)
Hibernate: 
    select
        ea1_0.id,
        ea1_0.created_at,
        ea1_0.patient_email,
        ea1_0.patient_id,
        ea1_0.patient_name,
        ea1_0.patient_phone,
        ea1_0.primary_caretaker_name,
        ea1_0.primary_caretaker_phone,
        ea1_0.resolved_at,
        ea1_0.status 
    from
        emergency_alerts ea1_0 
    where
        ea1_0.patient_id in (select
            pcm1_0.patient_id 
        from
            patient_caretaker_mappings pcm1_0 
        where
            pcm1_0.caretaker_id=?) 
        and ea1_0.status='ACTIVE' 
    order by
        ea1_0.created_at desc
Hibernate: 
    select
        u1_0.user_id,
        u1_0.age,
        u1_0.created_at,
        u1_0.date_of_birth,
        u1_0.district,
        u1_0.email,
        u1_0.fcm_token,
        u1_0.full_name,
        u1_0.gender,
        u1_0.hospital_name,
        u1_0.id_proof_url,
        u1_0.nuid,
        u1_0.password_hash,
        u1_0.phone_number,
        u1_0.pincode,
        u1_0.profession,
        u1_0.qr_code_token,
        u1_0.registration_number,
        u1_0.role,
        u1_0.specialization,
        u1_0.state,
        u1_0.state_council,
        u1_0.verification_status 
    from
        users u1_0 
    where
        lower(u1_0.email)=lower(?)
Hibernate: 
    select
        ea1_0.id,
        ea1_0.created_at,
        ea1_0.patient_email,
        ea1_0.patient_id,
        ea1_0.patient_name,
        ea1_0.patient_phone,
        ea1_0.primary_caretaker_name,
        ea1_0.primary_caretaker_phone,
        ea1_0.resolved_at,
        ea1_0.status 
    from
        emergency_alerts ea1_0 
    where
        ea1_0.patient_id in (select
            pcm1_0.patient_id 
        from
            patient_caretaker_mappings pcm1_0 
        where
            pcm1_0.caretaker_id=?) 
        and ea1_0.status='ACTIVE' 
    order by
        ea1_0.created_at desc
Hibernate: 
    select
        pcm1_0.id,
        pcm1_0.caretaker_id,
        pcm1_0.is_primary,
        pcm1_0.linked_at,
        pcm1_0.patient_id,
        pcm1_0.relation 
    from
        patient_caretaker_mappings pcm1_0 
    where
        pcm1_0.caretaker_id=? 
    order by
        pcm1_0.linked_at desc
Hibernate: 
    select
        pcm1_0.id,
        pcm1_0.caretaker_id,
        pcm1_0.is_primary,
        pcm1_0.linked_at,
        pcm1_0.patient_id,
        pcm1_0.relation 
    from
        patient_caretaker_mappings pcm1_0 
    where
        pcm1_0.caretaker_id=? 
    order by
        pcm1_0.linked_at desc
Hibernate: 
    select
        sc1_0.id,
        sc1_0.caretaker_approved,
        sc1_0.caretaker_approved_at,
        sc1_0.caretaker_id,
        sc1_0.connected_at,
        sc1_0.patient_approved,
        sc1_0.patient_approved_at,
        sc1_0.receiver_patient_id,
        sc1_0.request_message,
        sc1_0.requested_at,
        sc1_0.requester_patient_id,
        sc1_0.status 
    from
        social_connections sc1_0
Hibernate: 
    select
        sc1_0.id,
        sc1_0.caretaker_approved,
        sc1_0.caretaker_approved_at,
        sc1_0.caretaker_id,
        sc1_0.connected_at,
        sc1_0.patient_approved,
        sc1_0.patient_approved_at,
        sc1_0.receiver_patient_id,
        sc1_0.request_message,
        sc1_0.requested_at,
        sc1_0.requester_patient_id,
        sc1_0.status 
    from
        social_connections sc1_0 
    where
        sc1_0.receiver_patient_id in (?, ?) 
        and sc1_0.caretaker_approved=0 
        and sc1_0.status='PENDING' 
    order by
        sc1_0.requested_at desc
Hibernate: 
    select
        u1_0.user_id,
        u1_0.age,
        u1_0.created_at,
        u1_0.date_of_birth,
        u1_0.district,
        u1_0.email,
        u1_0.fcm_token,
        u1_0.full_name,
        u1_0.gender,
        u1_0.hospital_name,
        u1_0.id_proof_url,
        u1_0.nuid,
        u1_0.password_hash,
        u1_0.phone_number,
        u1_0.pincode,
        u1_0.profession,
        u1_0.qr_code_token,
        u1_0.registration_number,
        u1_0.role,
        u1_0.specialization,
        u1_0.state,
        u1_0.state_council,
        u1_0.verification_status 
    from
        users u1_0 
    where
        u1_0.user_id=?
Hibernate: 
    select
        u1_0.user_id,
        u1_0.age,
        u1_0.created_at,
        u1_0.date_of_birth,
        u1_0.district,
        u1_0.email,
        u1_0.fcm_token,
        u1_0.full_name,
        u1_0.gender,
        u1_0.hospital_name,
        u1_0.id_proof_url,
        u1_0.nuid,
        u1_0.password_hash,
        u1_0.phone_number,
        u1_0.pincode,
        u1_0.profession,
        u1_0.qr_code_token,
        u1_0.registration_number,
        u1_0.role,
        u1_0.specialization,
        u1_0.state,
        u1_0.state_council,
        u1_0.verification_status 
    from
        users u1_0 
    where
        u1_0.user_id=?
Hibernate: 
    select
        u1_0.user_id,
        u1_0.age,
        u1_0.created_at,
        u1_0.date_of_birth,
        u1_0.district,
        u1_0.email,
        u1_0.fcm_token,
        u1_0.full_name,
        u1_0.gender,
        u1_0.hospital_name,
        u1_0.id_proof_url,
        u1_0.nuid,
        u1_0.password_hash,
        u1_0.phone_number,
        u1_0.pincode,
        u1_0.profession,
        u1_0.qr_code_token,
        u1_0.registration_number,
        u1_0.role,
        u1_0.specialization,
        u1_0.state,
        u1_0.state_council,
        u1_0.verification_status 
    from
        users u1_0 
    where
        u1_0.user_id=?
Hibernate: 
    select
        u1_0.user_id,
        u1_0.age,
        u1_0.created_at,
        u1_0.date_of_birth,
        u1_0.district,
        u1_0.email,
        u1_0.fcm_token,
        u1_0.full_name,
        u1_0.gender,
        u1_0.hospital_name,
        u1_0.id_proof_url,
        u1_0.nuid,
        u1_0.password_hash,
        u1_0.phone_number,
        u1_0.pincode,
        u1_0.profession,
        u1_0.qr_code_token,
        u1_0.registration_number,
        u1_0.role,
        u1_0.specialization,
        u1_0.state,
        u1_0.state_council,
        u1_0.verification_status 
    from
        users u1_0 
    where
        lower(u1_0.email)=lower(?)
Hibernate: 
    select
        ea1_0.id,
        ea1_0.created_at,
        ea1_0.patient_email,
        ea1_0.patient_id,
        ea1_0.patient_name,
        ea1_0.patient_phone,
        ea1_0.primary_caretaker_name,
        ea1_0.primary_caretaker_phone,
        ea1_0.resolved_at,
        ea1_0.status 
    from
        emergency_alerts ea1_0 
    where
        ea1_0.patient_id in (select
            pcm1_0.patient_id 
        from
            patient_caretaker_mappings pcm1_0 
        where
            pcm1_0.caretaker_id=?) 
        and ea1_0.status='ACTIVE' 
    order by
        ea1_0.created_at desc
Hibernate: 
    select
        u1_0.user_id,
        u1_0.age,
        u1_0.created_at,
        u1_0.date_of_birth,
        u1_0.district,
        u1_0.email,
        u1_0.fcm_token,
        u1_0.full_name,
        u1_0.gender,
        u1_0.hospital_name,
        u1_0.id_proof_url,
        u1_0.nuid,
        u1_0.password_hash,
        u1_0.phone_number,
        u1_0.pincode,
        u1_0.profession,
        u1_0.qr_code_token,
        u1_0.registration_number,
        u1_0.role,
        u1_0.specialization,
        u1_0.state,
        u1_0.state_council,
        u1_0.verification_status 
    from
        users u1_0 
    where
        lower(u1_0.email)=lower(?)
Hibernate: 
    select
        ea1_0.id,
        ea1_0.created_at,
        ea1_0.patient_email,
        ea1_0.patient_id,
        ea1_0.patient_name,
        ea1_0.patient_phone,
        ea1_0.primary_caretaker_name,
        ea1_0.primary_caretaker_phone,
        ea1_0.resolved_at,
        ea1_0.status 
    from
        emergency_alerts ea1_0 
    where
        ea1_0.patient_id in (select
            pcm1_0.patient_id 
        from
            patient_caretaker_mappings pcm1_0 
        where
            pcm1_0.caretaker_id=?) 
        and ea1_0.status='ACTIVE' 
    order by
        ea1_0.created_at desc
Hibernate: 
    select
        pcm1_0.id,
        pcm1_0.caretaker_id,
        pcm1_0.is_primary,
        pcm1_0.linked_at,
        pcm1_0.patient_id,
        pcm1_0.relation 
    from
        patient_caretaker_mappings pcm1_0 
    where
        pcm1_0.caretaker_id=? 
    order by
        pcm1_0.linked_at desc
Hibernate: 
    select
        sc1_0.id,
        sc1_0.caretaker_approved,
        sc1_0.caretaker_approved_at,
        sc1_0.caretaker_id,
        sc1_0.connected_at,
        sc1_0.patient_approved,
        sc1_0.patient_approved_at,
        sc1_0.receiver_patient_id,
        sc1_0.request_message,
        sc1_0.requested_at,
        sc1_0.requester_patient_id,
        sc1_0.status 
    from
        social_connections sc1_0 
    where
        sc1_0.receiver_patient_id in (?, ?) 
        and sc1_0.caretaker_approved=0 
        and sc1_0.status='PENDING' 
    order by
        sc1_0.requested_at desc
Hibernate: 
    select
        u1_0.user_id,
        u1_0.age,
        u1_0.created_at,
        u1_0.date_of_birth,
        u1_0.district,
        u1_0.email,
        u1_0.fcm_token,
        u1_0.full_name,
        u1_0.gender,
        u1_0.hospital_name,
        u1_0.id_proof_url,
        u1_0.nuid,
        u1_0.password_hash,
        u1_0.phone_number,
        u1_0.pincode,
        u1_0.profession,
        u1_0.qr_code_token,
        u1_0.registration_number,
        u1_0.role,
        u1_0.specialization,
        u1_0.state,
        u1_0.state_council,
        u1_0.verification_status 
    from
        users u1_0 
    where
        lower(u1_0.email)=lower(?)
Hibernate: 
    select
        ea1_0.id,
        ea1_0.created_at,
        ea1_0.patient_email,
        ea1_0.patient_id,
        ea1_0.patient_name,
        ea1_0.patient_phone,
        ea1_0.primary_caretaker_name,
        ea1_0.primary_caretaker_phone,
        ea1_0.resolved_at,
        ea1_0.status 
    from
        emergency_alerts ea1_0 
    where
        ea1_0.patient_id in (select
            pcm1_0.patient_id 
        from
            patient_caretaker_mappings pcm1_0 
        where
            pcm1_0.caretaker_id=?) 
        and ea1_0.status='ACTIVE' 
    order by
        ea1_0.created_at desc
Hibernate: 
    select
        u1_0.user_id,
        u1_0.age,
        u1_0.created_at,
        u1_0.date_of_birth,
        u1_0.district,
        u1_0.email,
        u1_0.fcm_token,
        u1_0.full_name,
        u1_0.gender,
        u1_0.hospital_name,
        u1_0.id_proof_url,
        u1_0.nuid,
        u1_0.password_hash,
        u1_0.phone_number,
        u1_0.pincode,
        u1_0.profession,
        u1_0.qr_code_token,
        u1_0.registration_number,
        u1_0.role,
        u1_0.specialization,
        u1_0.state,
        u1_0.state_council,
        u1_0.verification_status 
    from
        users u1_0 
    where
        lower(u1_0.email)=lower(?)
Hibernate: 
    select
        ea1_0.id,
        ea1_0.created_at,
        ea1_0.patient_email,
        ea1_0.patient_id,
        ea1_0.patient_name,
        ea1_0.patient_phone,
        ea1_0.primary_caretaker_name,
        ea1_0.primary_caretaker_phone,
        ea1_0.resolved_at,
        ea1_0.status 
    from
        emergency_alerts ea1_0 
    where
        ea1_0.patient_id in (select
            pcm1_0.patient_id 
        from
            patient_caretaker_mappings pcm1_0 
        where
            pcm1_0.caretaker_id=?) 
        and ea1_0.status='ACTIVE' 
    order by
        ea1_0.created_at desc
Hibernate: 
    select
        u1_0.user_id,
        u1_0.age,
        u1_0.created_at,
        u1_0.date_of_birth,
        u1_0.district,
        u1_0.email,
        u1_0.fcm_token,
        u1_0.full_name,
        u1_0.gender,
        u1_0.hospital_name,
        u1_0.id_proof_url,
        u1_0.nuid,
        u1_0.password_hash,
        u1_0.phone_number,
        u1_0.pincode,
        u1_0.profession,
        u1_0.qr_code_token,
        u1_0.registration_number,
        u1_0.role,
        u1_0.specialization,
        u1_0.state,
        u1_0.state_council,
        u1_0.verification_status 
    from
        users u1_0 
    where
        lower(u1_0.email)=lower(?)
Hibernate: 
    select
        ea1_0.id,
        ea1_0.created_at,
        ea1_0.patient_email,
        ea1_0.patient_id,
        ea1_0.patient_name,
        ea1_0.patient_phone,
        ea1_0.primary_caretaker_name,
        ea1_0.primary_caretaker_phone,
        ea1_0.resolved_at,
        ea1_0.status 
    from
        emergency_alerts ea1_0 
    where
        ea1_0.patient_id in (select
            pcm1_0.patient_id 
        from
            patient_caretaker_mappings pcm1_0 
        where
            pcm1_0.caretaker_id=?) 
        and ea1_0.status='ACTIVE' 
    order by
        ea1_0.created_at desc
Hibernate: 
    select
        u1_0.user_id,
        u1_0.age,
        u1_0.created_at,
        u1_0.date_of_birth,
        u1_0.district,
        u1_0.email,
        u1_0.fcm_token,
        u1_0.full_name,
        u1_0.gender,
        u1_0.hospital_name,
        u1_0.id_proof_url,
        u1_0.nuid,
        u1_0.password_hash,
        u1_0.phone_number,
        u1_0.pincode,
        u1_0.profession,
        u1_0.qr_code_token,
        u1_0.registration_number,
        u1_0.role,
        u1_0.specialization,
        u1_0.state,
        u1_0.state_council,
        u1_0.verification_status 
    from
        users u1_0 
    where
        lower(u1_0.email)=lower(?)
Hibernate: 
    select
        ea1_0.id,
        ea1_0.created_at,
        ea1_0.patient_email,
        ea1_0.patient_id,
        ea1_0.patient_name,
        ea1_0.patient_phone,
        ea1_0.primary_caretaker_name,
        ea1_0.primary_caretaker_phone,
        ea1_0.resolved_at,
        ea1_0.status 
    from
        emergency_alerts ea1_0 
    where
        ea1_0.patient_id in (select
            pcm1_0.patient_id 
        from
            patient_caretaker_mappings pcm1_0 
        where
            pcm1_0.caretaker_id=?) 
        and ea1_0.status='ACTIVE' 
    order by
        ea1_0.created_at desc
Hibernate: 
    select
        u1_0.user_id,
        u1_0.age,
        u1_0.created_at,
        u1_0.date_of_birth,
        u1_0.district,
        u1_0.email,
        u1_0.fcm_token,
        u1_0.full_name,
        u1_0.gender,
        u1_0.hospital_name,
        u1_0.id_proof_url,
        u1_0.nuid,
        u1_0.password_hash,
        u1_0.phone_number,
        u1_0.pincode,
        u1_0.profession,
        u1_0.qr_code_token,
        u1_0.registration_number,
        u1_0.role,
        u1_0.specialization,
        u1_0.state,
        u1_0.state_council,
        u1_0.verification_status 
    from
        users u1_0 
    where
        lower(u1_0.email)=lower(?)
Hibernate: 
    select
        ea1_0.id,
        ea1_0.created_at,
        ea1_0.patient_email,
        ea1_0.patient_id,
        ea1_0.patient_name,
        ea1_0.patient_phone,
        ea1_0.primary_caretaker_name,
        ea1_0.primary_caretaker_phone,
        ea1_0.resolved_at,
        ea1_0.status 
    from
        emergency_alerts ea1_0 
    where
        ea1_0.patient_id in (select
            pcm1_0.patient_id 
        from
            patient_caretaker_mappings pcm1_0 
        where
            pcm1_0.caretaker_id=?) 
        and ea1_0.status='ACTIVE' 
    order by
        ea1_0.created_at desc
Hibernate: 
    select
        u1_0.user_id,
        u1_0.age,
        u1_0.created_at,
        u1_0.date_of_birth,
        u1_0.district,
        u1_0.email,
        u1_0.fcm_token,
        u1_0.full_name,
        u1_0.gender,
        u1_0.hospital_name,
        u1_0.id_proof_url,
        u1_0.nuid,
        u1_0.password_hash,
        u1_0.phone_number,
        u1_0.pincode,
        u1_0.profession,
        u1_0.qr_code_token,
        u1_0.registration_number,
        u1_0.role,
        u1_0.specialization,
        u1_0.state,
        u1_0.state_council,
        u1_0.verification_status 
    from
        users u1_0 
    where
        lower(u1_0.email)=lower(?)
Hibernate: 
    select
        ea1_0.id,
        ea1_0.created_at,
        ea1_0.patient_email,
        ea1_0.patient_id,
        ea1_0.patient_name,
        ea1_0.patient_phone,
        ea1_0.primary_caretaker_name,
        ea1_0.primary_caretaker_phone,
        ea1_0.resolved_at,
        ea1_0.status 
    from
        emergency_alerts ea1_0 
    where
        ea1_0.patient_id in (select
            pcm1_0.patient_id 
        from
            patient_caretaker_mappings pcm1_0 
        where
            pcm1_0.caretaker_id=?) 
        and ea1_0.status='ACTIVE' 
    order by
        ea1_0.created_at desc
Hibernate: 
    select
        u1_0.user_id,
        u1_0.age,
        u1_0.created_at,
        u1_0.date_of_birth,
        u1_0.district,
        u1_0.email,
        u1_0.fcm_token,
        u1_0.full_name,
        u1_0.gender,
        u1_0.hospital_name,
        u1_0.id_proof_url,
        u1_0.nuid,
        u1_0.password_hash,
        u1_0.phone_number,
        u1_0.pincode,
        u1_0.profession,
        u1_0.qr_code_token,
        u1_0.registration_number,
        u1_0.role,
        u1_0.specialization,
        u1_0.state,
        u1_0.state_council,
        u1_0.verification_status 
    from
        users u1_0 
    where
        lower(u1_0.email)=lower(?) 
        or u1_0.phone_number=?
Hibernate: 
    select
        u1_0.user_id,
        u1_0.age,
        u1_0.created_at,
        u1_0.date_of_birth,
        u1_0.district,
        u1_0.email,
        u1_0.fcm_token,
        u1_0.full_name,
        u1_0.gender,
        u1_0.hospital_name,
        u1_0.id_proof_url,
        u1_0.nuid,
        u1_0.password_hash,
        u1_0.phone_number,
        u1_0.pincode,
        u1_0.profession,
        u1_0.qr_code_token,
        u1_0.registration_number,
        u1_0.role,
        u1_0.specialization,
        u1_0.state,
        u1_0.state_council,
        u1_0.verification_status 
    from
        users u1_0 
    where
        u1_0.user_id=?
Hibernate: 
    select
        u1_0.user_id,
        u1_0.age,
        u1_0.created_at,
        u1_0.date_of_birth,
        u1_0.district,
        u1_0.email,
        u1_0.fcm_token,
        u1_0.full_name,
        u1_0.gender,
        u1_0.hospital_name,
        u1_0.id_proof_url,
        u1_0.nuid,
        u1_0.password_hash,
        u1_0.phone_number,
        u1_0.pincode,
        u1_0.profession,
        u1_0.qr_code_token,
        u1_0.registration_number,
        u1_0.role,
        u1_0.specialization,
        u1_0.state,
        u1_0.state_council,
        u1_0.verification_status 
    from
        users u1_0 
    where
        lower(u1_0.email)=lower(?)
Hibernate: 
    select
        pcm1_0.id,
        pcm1_0.caretaker_id,
        pcm1_0.is_primary,
        pcm1_0.linked_at,
        pcm1_0.patient_id,
        pcm1_0.relation 
    from
        patient_caretaker_mappings pcm1_0 
    where
        pcm1_0.patient_id=? 
    order by
        pcm1_0.is_primary desc,
        pcm1_0.linked_at
Hibernate: 
    select
        u1_0.user_id,
        u1_0.age,
        u1_0.created_at,
        u1_0.date_of_birth,
        u1_0.district,
        u1_0.email,
        u1_0.fcm_token,
        u1_0.full_name,
        u1_0.gender,
        u1_0.hospital_name,
        u1_0.id_proof_url,
        u1_0.nuid,
        u1_0.password_hash,
        u1_0.phone_number,
        u1_0.pincode,
        u1_0.profession,
        u1_0.qr_code_token,
        u1_0.registration_number,
        u1_0.role,
        u1_0.specialization,
        u1_0.state,
        u1_0.state_council,
        u1_0.verification_status 
    from
        users u1_0 
    where
        u1_0.user_id=?
Hibernate: 
    select
        u1_0.user_id,
        u1_0.age,
        u1_0.created_at,
        u1_0.date_of_birth,
        u1_0.district,
        u1_0.email,
        u1_0.fcm_token,
        u1_0.full_name,
        u1_0.gender,
        u1_0.hospital_name,
        u1_0.id_proof_url,
        u1_0.nuid,
        u1_0.password_hash,
        u1_0.phone_number,
        u1_0.pincode,
        u1_0.profession,
        u1_0.qr_code_token,
        u1_0.registration_number,
        u1_0.role,
        u1_0.specialization,
        u1_0.state,
        u1_0.state_council,
        u1_0.verification_status 
    from
        users u1_0 
    where
        u1_0.user_id=?
Hibernate: 
    select
        u1_0.user_id,
        u1_0.age,
        u1_0.created_at,
        u1_0.date_of_birth,
        u1_0.district,
        u1_0.email,
        u1_0.fcm_token,
        u1_0.full_name,
        u1_0.gender,
        u1_0.hospital_name,
        u1_0.id_proof_url,
        u1_0.nuid,
        u1_0.password_hash,
        u1_0.phone_number,
        u1_0.pincode,
        u1_0.profession,
        u1_0.qr_code_token,
        u1_0.registration_number,
        u1_0.role,
        u1_0.specialization,
        u1_0.state,
        u1_0.state_council,
        u1_0.verification_status 
    from
        users u1_0 
    where
        lower(u1_0.email)=lower(?)
Hibernate: 
    select
        pcm1_0.id,
        pcm1_0.caretaker_id,
        pcm1_0.is_primary,
        pcm1_0.linked_at,
        pcm1_0.patient_id,
        pcm1_0.relation 
    from
        patient_caretaker_mappings pcm1_0 
    where
        pcm1_0.patient_id=? 
    order by
        pcm1_0.is_primary desc,
        pcm1_0.linked_at
Hibernate: 
    select
        u1_0.user_id,
        u1_0.age,
        u1_0.created_at,
        u1_0.date_of_birth,
        u1_0.district,
        u1_0.email,
        u1_0.fcm_token,
        u1_0.full_name,
        u1_0.gender,
        u1_0.hospital_name,
        u1_0.id_proof_url,
        u1_0.nuid,
        u1_0.password_hash,
        u1_0.phone_number,
        u1_0.pincode,
        u1_0.profession,
        u1_0.qr_code_token,
        u1_0.registration_number,
        u1_0.role,
        u1_0.specialization,
        u1_0.state,
        u1_0.state_council,
        u1_0.verification_status 
    from
        users u1_0 
    where
        u1_0.user_id=?
Hibernate: 
    select
        u1_0.user_id,
        u1_0.age,
        u1_0.created_at,
        u1_0.date_of_birth,
        u1_0.district,
        u1_0.email,
        u1_0.fcm_token,
        u1_0.full_name,
        u1_0.gender,
        u1_0.hospital_name,
        u1_0.id_proof_url,
        u1_0.nuid,
        u1_0.password_hash,
        u1_0.phone_number,
        u1_0.pincode,
        u1_0.profession,
        u1_0.qr_code_token,
        u1_0.registration_number,
        u1_0.role,
        u1_0.specialization,
        u1_0.state,
        u1_0.state_council,
        u1_0.verification_status 
    from
        users u1_0 
    where
        u1_0.user_id=?
Hibernate: 
    select
        u1_0.user_id,
        u1_0.age,
        u1_0.created_at,
        u1_0.date_of_birth,
        u1_0.district,
        u1_0.email,
        u1_0.fcm_token,
        u1_0.full_name,
        u1_0.gender,
        u1_0.hospital_name,
        u1_0.id_proof_url,
        u1_0.nuid,
        u1_0.password_hash,
        u1_0.phone_number,
        u1_0.pincode,
        u1_0.profession,
        u1_0.qr_code_token,
        u1_0.registration_number,
        u1_0.role,
        u1_0.specialization,
        u1_0.state,
        u1_0.state_council,
        u1_0.verification_status 
    from
        users u1_0 
    where
        lower(u1_0.email)=lower(?)
Hibernate: 
    select
        pcm1_0.id,
        pcm1_0.caretaker_id,
        pcm1_0.is_primary,
        pcm1_0.linked_at,
        pcm1_0.patient_id,
        pcm1_0.relation 
    from
        patient_caretaker_mappings pcm1_0 
    where
        pcm1_0.patient_id=? 
    order by
        pcm1_0.is_primary desc,
        pcm1_0.linked_at
Hibernate: 
    select
        u1_0.user_id,
        u1_0.age,
        u1_0.created_at,
        u1_0.date_of_birth,
        u1_0.district,
        u1_0.email,
        u1_0.fcm_token,
        u1_0.full_name,
        u1_0.gender,
        u1_0.hospital_name,
        u1_0.id_proof_url,
        u1_0.nuid,
        u1_0.password_hash,
        u1_0.phone_number,
        u1_0.pincode,
        u1_0.profession,
        u1_0.qr_code_token,
        u1_0.registration_number,
        u1_0.role,
        u1_0.specialization,
        u1_0.state,
        u1_0.state_council,
        u1_0.verification_status 
    from
        users u1_0 
    where
        u1_0.user_id=?
Hibernate: 
    select
        u1_0.user_id,
        u1_0.age,
        u1_0.created_at,
        u1_0.date_of_birth,
        u1_0.district,
        u1_0.email,
        u1_0.fcm_token,
        u1_0.full_name,
        u1_0.gender,
        u1_0.hospital_name,
        u1_0.id_proof_url,
        u1_0.nuid,
        u1_0.password_hash,
        u1_0.phone_number,
        u1_0.pincode,
        u1_0.profession,
        u1_0.qr_code_token,
        u1_0.registration_number,
        u1_0.role,
        u1_0.specialization,
        u1_0.state,
        u1_0.state_council,
        u1_0.verification_status 
    from
        users u1_0 
    where
        lower(u1_0.email)=lower(?) 
        or u1_0.phone_number=?
Hibernate: 
    select
        pcm1_0.id,
        pcm1_0.caretaker_id,
        pcm1_0.is_primary,
        pcm1_0.linked_at,
        pcm1_0.patient_id,
        pcm1_0.relation 
    from
        patient_caretaker_mappings pcm1_0 
    where
        pcm1_0.caretaker_id=? 
    order by
        pcm1_0.linked_at desc
Hibernate: 
    select
        pcm1_0.id,
        pcm1_0.caretaker_id,
        pcm1_0.is_primary,
        pcm1_0.linked_at,
        pcm1_0.patient_id,
        pcm1_0.relation 
    from
        patient_caretaker_mappings pcm1_0 
    where
        pcm1_0.caretaker_id=? 
    order by
        pcm1_0.linked_at desc
Hibernate: 
    select
        u1_0.user_id,
        u1_0.age,
        u1_0.created_at,
        u1_0.date_of_birth,
        u1_0.district,
        u1_0.email,
        u1_0.fcm_token,
        u1_0.full_name,
        u1_0.gender,
        u1_0.hospital_name,
        u1_0.id_proof_url,
        u1_0.nuid,
        u1_0.password_hash,
        u1_0.phone_number,
        u1_0.pincode,
        u1_0.profession,
        u1_0.qr_code_token,
        u1_0.registration_number,
        u1_0.role,
        u1_0.specialization,
        u1_0.state,
        u1_0.state_council,
        u1_0.verification_status 
    from
        users u1_0 
    where
        lower(u1_0.email)=lower(?)
Hibernate: 
    select
        u1_0.user_id,
        u1_0.age,
        u1_0.created_at,
        u1_0.date_of_birth,
        u1_0.district,
        u1_0.email,
        u1_0.fcm_token,
        u1_0.full_name,
        u1_0.gender,
        u1_0.hospital_name,
        u1_0.id_proof_url,
        u1_0.nuid,
        u1_0.password_hash,
        u1_0.phone_number,
        u1_0.pincode,
        u1_0.profession,
        u1_0.qr_code_token,
        u1_0.registration_number,
        u1_0.role,
        u1_0.specialization,
        u1_0.state,
        u1_0.state_council,
        u1_0.verification_status 
    from
        users u1_0 
    where
        lower(u1_0.email)=lower(?)
Hibernate: 
    select
        u1_0.user_id,
        u1_0.age,
        u1_0.created_at,
        u1_0.date_of_birth,
        u1_0.district,
        u1_0.email,
        u1_0.fcm_token,
        u1_0.full_name,
        u1_0.gender,
        u1_0.hospital_name,
        u1_0.id_proof_url,
        u1_0.nuid,
        u1_0.password_hash,
        u1_0.phone_number,
        u1_0.pincode,
        u1_0.profession,
        u1_0.qr_code_token,
        u1_0.registration_number,
        u1_0.role,
        u1_0.specialization,
        u1_0.state,
        u1_0.state_council,
        u1_0.verification_status 
    from
        users u1_0 
    where
        u1_0.user_id=?
Hibernate: 
    select
        ea1_0.id,
        ea1_0.created_at,
        ea1_0.patient_email,
        ea1_0.patient_id,
        ea1_0.patient_name,
        ea1_0.patient_phone,
        ea1_0.primary_caretaker_name,
        ea1_0.primary_caretaker_phone,
        ea1_0.resolved_at,
        ea1_0.status 
    from
        emergency_alerts ea1_0 
    where
        ea1_0.patient_id in (select
            pcm1_0.patient_id 
        from
            patient_caretaker_mappings pcm1_0 
        where
            pcm1_0.caretaker_id=?) 
        and ea1_0.status='ACTIVE' 
    order by
        ea1_0.created_at desc
Hibernate: 
    select
        sc1_0.id,
        sc1_0.caretaker_approved,
        sc1_0.caretaker_approved_at,
        sc1_0.caretaker_id,
        sc1_0.connected_at,
        sc1_0.patient_approved,
        sc1_0.patient_approved_at,
        sc1_0.receiver_patient_id,
        sc1_0.request_message,
        sc1_0.requested_at,
        sc1_0.requester_patient_id,
        sc1_0.status 
    from
        social_connections sc1_0 
    where
        sc1_0.receiver_patient_id in (?, ?) 
        and sc1_0.caretaker_approved=0 
        and sc1_0.status='PENDING' 
    order by
        sc1_0.requested_at desc
2026-09-24T00:18:33.175+05:30  INFO 11296 --- [cognitivecare-backend] [nio-8088-exec-6] c.e.backend.service.EmergencyService     : 📱 Updated FCM Token for user: 717824p120@kce.ac.in
Hibernate: 
    select
        u1_0.user_id,
        u1_0.age,
        u1_0.created_at,
        u1_0.date_of_birth,
        u1_0.district,
        u1_0.email,
        u1_0.fcm_token,
        u1_0.full_name,
        u1_0.gender,
        u1_0.hospital_name,
        u1_0.id_proof_url,
        u1_0.nuid,
        u1_0.password_hash,
        u1_0.phone_number,
        u1_0.pincode,
        u1_0.profession,
        u1_0.qr_code_token,
        u1_0.registration_number,
        u1_0.role,
        u1_0.specialization,
        u1_0.state,
        u1_0.state_council,
        u1_0.verification_status 
    from
        users u1_0 
    where
        u1_0.user_id=?
2026-09-24T00:18:33.176+05:30  WARN 11296 --- [cognitivecare-backend] [nio-8088-exec-1] o.h.engine.jdbc.spi.SqlExceptionHelper   : SQL Warning Code: 28002, SQLState: 99999
2026-09-24T00:18:33.177+05:30  WARN 11296 --- [cognitivecare-backend] [nio-8088-exec-1] o.h.engine.jdbc.spi.SqlExceptionHelper   : ORA-28002: the password will expire within 1 days

https://docs.oracle.com/error-help/db/ora-28002/
Hibernate: 
    select
        u1_0.user_id,
        u1_0.age,
        u1_0.created_at,
        u1_0.date_of_birth,
        u1_0.district,
        u1_0.email,
        u1_0.fcm_token,
        u1_0.full_name,
        u1_0.gender,
        u1_0.hospital_name,
        u1_0.id_proof_url,
        u1_0.nuid,
        u1_0.password_hash,
        u1_0.phone_number,
        u1_0.pincode,
        u1_0.profession,
        u1_0.qr_code_token,
        u1_0.registration_number,
        u1_0.role,
        u1_0.specialization,
        u1_0.state,
        u1_0.state_council,
        u1_0.verification_status 
    from
        users u1_0 
    where
        lower(u1_0.email)=lower(?)
Hibernate: 
    select
        ea1_0.id,
        ea1_0.created_at,
        ea1_0.patient_email,
        ea1_0.patient_id,
        ea1_0.patient_name,
        ea1_0.patient_phone,
        ea1_0.primary_caretaker_name,
        ea1_0.primary_caretaker_phone,
        ea1_0.resolved_at,
        ea1_0.status 
    from
        emergency_alerts ea1_0 
    where
        ea1_0.patient_id in (select
            pcm1_0.patient_id 
        from
            patient_caretaker_mappings pcm1_0 
        where
            pcm1_0.caretaker_id=?) 
        and ea1_0.status='ACTIVE' 
    order by
        ea1_0.created_at desc
Hibernate: 
    select
        u1_0.user_id,
        u1_0.age,
        u1_0.created_at,
        u1_0.date_of_birth,
        u1_0.district,
        u1_0.email,
        u1_0.fcm_token,
        u1_0.full_name,
        u1_0.gender,
        u1_0.hospital_name,
        u1_0.id_proof_url,
        u1_0.nuid,
        u1_0.password_hash,
        u1_0.phone_number,
        u1_0.pincode,
        u1_0.profession,
        u1_0.qr_code_token,
        u1_0.registration_number,
        u1_0.role,
        u1_0.specialization,
        u1_0.state,
        u1_0.state_council,
        u1_0.verification_status 
    from
        users u1_0 
    where
        lower(u1_0.email)=lower(?)
Hibernate: 
    select
        ea1_0.id,
        ea1_0.created_at,
        ea1_0.patient_email,
        ea1_0.patient_id,
        ea1_0.patient_name,
        ea1_0.patient_phone,
        ea1_0.primary_caretaker_name,
        ea1_0.primary_caretaker_phone,
        ea1_0.resolved_at,
        ea1_0.status 
    from
        emergency_alerts ea1_0 
    where
        ea1_0.patient_id in (select
            pcm1_0.patient_id 
        from
            patient_caretaker_mappings pcm1_0 
        where
            pcm1_0.caretaker_id=?) 
        and ea1_0.status='ACTIVE' 
    order by
        ea1_0.created_at desc
Hibernate: 
    select
        u1_0.user_id,
        u1_0.age,
        u1_0.created_at,
        u1_0.date_of_birth,
        u1_0.district,
        u1_0.email,
        u1_0.fcm_token,
        u1_0.full_name,
        u1_0.gender,
        u1_0.hospital_name,
        u1_0.id_proof_url,
        u1_0.nuid,
        u1_0.password_hash,
        u1_0.phone_number,
        u1_0.pincode,
        u1_0.profession,
        u1_0.qr_code_token,
        u1_0.registration_number,
        u1_0.role,
        u1_0.specialization,
        u1_0.state,
        u1_0.state_council,
        u1_0.verification_status 
    from
        users u1_0 
    where
        lower(u1_0.email)=lower(?)
Hibernate: 
    select
        ea1_0.id,
        ea1_0.created_at,
        ea1_0.patient_email,
        ea1_0.patient_id,
        ea1_0.patient_name,
        ea1_0.patient_phone,
        ea1_0.primary_caretaker_name,
        ea1_0.primary_caretaker_phone,
        ea1_0.resolved_at,
        ea1_0.status 
    from
        emergency_alerts ea1_0 
    where
        ea1_0.patient_id in (select
            pcm1_0.patient_id 
        from
            patient_caretaker_mappings pcm1_0 
        where
            pcm1_0.caretaker_id=?) 
        and ea1_0.status='ACTIVE' 
    order by
        ea1_0.created_at desc
Hibernate: 
    select
        u1_0.user_id,
        u1_0.age,
        u1_0.created_at,
        u1_0.date_of_birth,
        u1_0.district,
        u1_0.email,
        u1_0.fcm_token,
        u1_0.full_name,
        u1_0.gender,
        u1_0.hospital_name,
        u1_0.id_proof_url,
        u1_0.nuid,
        u1_0.password_hash,
        u1_0.phone_number,
        u1_0.pincode,
        u1_0.profession,
        u1_0.qr_code_token,
        u1_0.registration_number,
        u1_0.role,
        u1_0.specialization,
        u1_0.state,
        u1_0.state_council,
        u1_0.verification_status 
    from
        users u1_0 
    where
        lower(u1_0.email)=lower(?)
Hibernate: 
    select
        ea1_0.id,
        ea1_0.created_at,
        ea1_0.patient_email,
        ea1_0.patient_id,
        ea1_0.patient_name,
        ea1_0.patient_phone,
        ea1_0.primary_caretaker_name,
        ea1_0.primary_caretaker_phone,
        ea1_0.resolved_at,
        ea1_0.status 
    from
        emergency_alerts ea1_0 
    where
        ea1_0.patient_id in (select
            pcm1_0.patient_id 
        from
            patient_caretaker_mappings pcm1_0 
        where
            pcm1_0.caretaker_id=?) 
        and ea1_0.status='ACTIVE' 
    order by
        ea1_0.created_at desc
Hibernate: 
    select
        u1_0.user_id,
        u1_0.age,
        u1_0.created_at,
        u1_0.date_of_birth,
        u1_0.district,
        u1_0.email,
        u1_0.fcm_token,
        u1_0.full_name,
        u1_0.gender,
        u1_0.hospital_name,
        u1_0.id_proof_url,
        u1_0.nuid,
        u1_0.password_hash,
        u1_0.phone_number,
        u1_0.pincode,
        u1_0.profession,
        u1_0.qr_code_token,
        u1_0.registration_number,
        u1_0.role,
        u1_0.specialization,
        u1_0.state,
        u1_0.state_council,
        u1_0.verification_status 
    from
        users u1_0 
    where
        lower(u1_0.email)=lower(?)
Hibernate: 
    select
        ea1_0.id,
        ea1_0.created_at,
        ea1_0.patient_email,
        ea1_0.patient_id,
        ea1_0.patient_name,
        ea1_0.patient_phone,
        ea1_0.primary_caretaker_name,
        ea1_0.primary_caretaker_phone,
        ea1_0.resolved_at,
        ea1_0.status 
    from
        emergency_alerts ea1_0 
    where
        ea1_0.patient_id in (select
            pcm1_0.patient_id 
        from
            patient_caretaker_mappings pcm1_0 
        where
            pcm1_0.caretaker_id=?) 
        and ea1_0.status='ACTIVE' 
    order by
        ea1_0.created_at desc
Hibernate: 
    select
        u1_0.user_id,
        u1_0.age,
        u1_0.created_at,
        u1_0.date_of_birth,
        u1_0.district,
        u1_0.email,
        u1_0.fcm_token,
        u1_0.full_name,
        u1_0.gender,
        u1_0.hospital_name,
        u1_0.id_proof_url,
        u1_0.nuid,
        u1_0.password_hash,
        u1_0.phone_number,
        u1_0.pincode,
        u1_0.profession,
        u1_0.qr_code_token,
        u1_0.registration_number,
        u1_0.role,
        u1_0.specialization,
        u1_0.state,
        u1_0.state_council,
        u1_0.verification_status 
    from
        users u1_0 
    where
        lower(u1_0.email)=lower(?)
Hibernate: 
    select
        ea1_0.id,
        ea1_0.created_at,
        ea1_0.patient_email,
        ea1_0.patient_id,
        ea1_0.patient_name,
        ea1_0.patient_phone,
        ea1_0.primary_caretaker_name,
        ea1_0.primary_caretaker_phone,
        ea1_0.resolved_at,
        ea1_0.status 
    from
        emergency_alerts ea1_0 
    where
        ea1_0.patient_id in (select
            pcm1_0.patient_id 
        from
            patient_caretaker_mappings pcm1_0 
        where
            pcm1_0.caretaker_id=?) 
        and ea1_0.status='ACTIVE' 
    order by
        ea1_0.created_at desc
Hibernate: 
    select
        u1_0.user_id,
        u1_0.age,
        u1_0.created_at,
        u1_0.date_of_birth,
        u1_0.district,
        u1_0.email,
        u1_0.fcm_token,
        u1_0.full_name,
        u1_0.gender,
        u1_0.hospital_name,
        u1_0.id_proof_url,
        u1_0.nuid,
        u1_0.password_hash,
        u1_0.phone_number,
        u1_0.pincode,
        u1_0.profession,
        u1_0.qr_code_token,
        u1_0.registration_number,
        u1_0.role,
        u1_0.specialization,
        u1_0.state,
        u1_0.state_council,
        u1_0.verification_status 
    from
        users u1_0 
    where
        lower(u1_0.email)=lower(?)
Hibernate: 
    select
        ea1_0.id,
        ea1_0.created_at,
        ea1_0.patient_email,
        ea1_0.patient_id,
        ea1_0.patient_name,
        ea1_0.patient_phone,
        ea1_0.primary_caretaker_name,
        ea1_0.primary_caretaker_phone,
        ea1_0.resolved_at,
        ea1_0.status 
    from
        emergency_alerts ea1_0 
    where
        ea1_0.patient_id in (select
            pcm1_0.patient_id 
        from
            patient_caretaker_mappings pcm1_0 
        where
            pcm1_0.caretaker_id=?) 
        and ea1_0.status='ACTIVE' 
    order by
        ea1_0.created_at desc
Hibernate: 
    select
        u1_0.user_id,
        u1_0.age,
        u1_0.created_at,
        u1_0.date_of_birth,
        u1_0.district,
        u1_0.email,
        u1_0.fcm_token,
        u1_0.full_name,
        u1_0.gender,
        u1_0.hospital_name,
        u1_0.id_proof_url,
        u1_0.nuid,
        u1_0.password_hash,
        u1_0.phone_number,
        u1_0.pincode,
        u1_0.profession,
        u1_0.qr_code_token,
        u1_0.registration_number,
        u1_0.role,
        u1_0.specialization,
        u1_0.state,
        u1_0.state_council,
        u1_0.verification_status 
    from
        users u1_0 
    where
        lower(u1_0.email)=lower(?)
Hibernate: 
    select
        ea1_0.id,
        ea1_0.created_at,
        ea1_0.patient_email,
        ea1_0.patient_id,
        ea1_0.patient_name,
        ea1_0.patient_phone,
        ea1_0.primary_caretaker_name,
        ea1_0.primary_caretaker_phone,
        ea1_0.resolved_at,
        ea1_0.status 
    from
        emergency_alerts ea1_0 
    where
        ea1_0.patient_id in (select
            pcm1_0.patient_id 
        from
            patient_caretaker_mappings pcm1_0 
        where
            pcm1_0.caretaker_id=?) 
        and ea1_0.status='ACTIVE' 
    order by
        ea1_0.created_at desc
Hibernate: 
    select
        u1_0.user_id,
        u1_0.age,
        u1_0.created_at,
        u1_0.date_of_birth,
        u1_0.district,
        u1_0.email,
        u1_0.fcm_token,
        u1_0.full_name,
        u1_0.gender,
        u1_0.hospital_name,
        u1_0.id_proof_url,
        u1_0.nuid,
        u1_0.password_hash,
        u1_0.phone_number,
        u1_0.pincode,
        u1_0.profession,
        u1_0.qr_code_token,
        u1_0.registration_number,
        u1_0.role,
        u1_0.specialization,
        u1_0.state,
        u1_0.state_council,
        u1_0.verification_status 
    from
        users u1_0 
    where
        lower(u1_0.email)=lower(?)
Hibernate: 
    select
        ea1_0.id,
        ea1_0.created_at,
        ea1_0.patient_email,
        ea1_0.patient_id,
        ea1_0.patient_name,
        ea1_0.patient_phone,
        ea1_0.primary_caretaker_name,
        ea1_0.primary_caretaker_phone,
        ea1_0.resolved_at,
        ea1_0.status 
    from
        emergency_alerts ea1_0 
    where
        ea1_0.patient_id in (select
            pcm1_0.patient_id 
        from
            patient_caretaker_mappings pcm1_0 
        where
            pcm1_0.caretaker_id=?) 
        and ea1_0.status='ACTIVE' 
    order by
        ea1_0.created_at desc
Hibernate: 
    select
        gsl1_0.session_id,
        gsl1_0.accuracy_percentage,
        gsl1_0.ai_confidence,
        gsl1_0.ai_recommended_level,
        gsl1_0.completion_time_seconds,
        gsl1_0.difficulty_level,
        gsl1_0.game_title,
        gsl1_0.mistakes_count,
        gsl1_0.patient_id,
        gsl1_0.patient_name,
        gsl1_0.played_at,
        gsl1_0.score 
    from
        game_session_logs gsl1_0 
    where
        gsl1_0.patient_id=? 
    order by
        gsl1_0.played_at desc
Hibernate: 
    select
        u1_0.user_id,
        u1_0.age,
        u1_0.created_at,
        u1_0.date_of_birth,
        u1_0.district,
        u1_0.email,
        u1_0.fcm_token,
        u1_0.full_name,
        u1_0.gender,
        u1_0.hospital_name,
        u1_0.id_proof_url,
        u1_0.nuid,
        u1_0.password_hash,
        u1_0.phone_number,
        u1_0.pincode,
        u1_0.profession,
        u1_0.qr_code_token,
        u1_0.registration_number,
        u1_0.role,
        u1_0.specialization,
        u1_0.state,
        u1_0.state_council,
        u1_0.verification_status 
    from
        users u1_0 
    where
        lower(u1_0.email)=lower(?)
Hibernate: 
    select
        ea1_0.id,
        ea1_0.created_at,
        ea1_0.patient_email,
        ea1_0.patient_id,
        ea1_0.patient_name,
        ea1_0.patient_phone,
        ea1_0.primary_caretaker_name,
        ea1_0.primary_caretaker_phone,
        ea1_0.resolved_at,
        ea1_0.status 
    from
        emergency_alerts ea1_0 
    where
        ea1_0.patient_id in (select
            pcm1_0.patient_id 
        from
            patient_caretaker_mappings pcm1_0 
        where
            pcm1_0.caretaker_id=?) 
        and ea1_0.status='ACTIVE' 
    order by
        ea1_0.created_at desc
Hibernate: 
    select
        u1_0.user_id,
        u1_0.age,
        u1_0.created_at,
        u1_0.date_of_birth,
        u1_0.district,
        u1_0.email,
        u1_0.fcm_token,
        u1_0.full_name,
        u1_0.gender,
        u1_0.hospital_name,
        u1_0.id_proof_url,
        u1_0.nuid,
        u1_0.password_hash,
        u1_0.phone_number,
        u1_0.pincode,
        u1_0.profession,
        u1_0.qr_code_token,
        u1_0.registration_number,
        u1_0.role,
        u1_0.specialization,
        u1_0.state,
        u1_0.state_council,
        u1_0.verification_status 
    from
        users u1_0 
    where
        lower(u1_0.email)=lower(?)
Hibernate: 
    select
        ea1_0.id,
        ea1_0.created_at,
        ea1_0.patient_email,
        ea1_0.patient_id,
        ea1_0.patient_name,
        ea1_0.patient_phone,
        ea1_0.primary_caretaker_name,
        ea1_0.primary_caretaker_phone,
        ea1_0.resolved_at,
        ea1_0.status 
    from
        emergency_alerts ea1_0 
    where
        ea1_0.patient_id in (select
            pcm1_0.patient_id 
        from
            patient_caretaker_mappings pcm1_0 
        where
            pcm1_0.caretaker_id=?) 
        and ea1_0.status='ACTIVE' 
    order by
        ea1_0.created_at desc
Hibernate: 
    select
        u1_0.user_id,
        u1_0.age,
        u1_0.created_at,
        u1_0.date_of_birth,
        u1_0.district,
        u1_0.email,
        u1_0.fcm_token,
        u1_0.full_name,
        u1_0.gender,
        u1_0.hospital_name,
        u1_0.id_proof_url,
        u1_0.nuid,
        u1_0.password_hash,
        u1_0.phone_number,
        u1_0.pincode,
        u1_0.profession,
        u1_0.qr_code_token,
        u1_0.registration_number,
        u1_0.role,
        u1_0.specialization,
        u1_0.state,
        u1_0.state_council,
        u1_0.verification_status 
    from
        users u1_0 
    where
        lower(u1_0.email)=lower(?)
Hibernate: 
    select
        ea1_0.id,
        ea1_0.created_at,
        ea1_0.patient_email,
        ea1_0.patient_id,
        ea1_0.patient_name,
        ea1_0.patient_phone,
        ea1_0.primary_caretaker_name,
        ea1_0.primary_caretaker_phone,
        ea1_0.resolved_at,
        ea1_0.status 
    from
        emergency_alerts ea1_0 
    where
        ea1_0.patient_id in (select
            pcm1_0.patient_id 
        from
            patient_caretaker_mappings pcm1_0 
        where
            pcm1_0.caretaker_id=?) 
        and ea1_0.status='ACTIVE' 
    order by
        ea1_0.created_at desc
Hibernate: 
    select
        u1_0.user_id,
        u1_0.age,
        u1_0.created_at,
        u1_0.date_of_birth,
        u1_0.district,
        u1_0.email,
        u1_0.fcm_token,
        u1_0.full_name,
        u1_0.gender,
        u1_0.hospital_name,
        u1_0.id_proof_url,
        u1_0.nuid,
        u1_0.password_hash,
        u1_0.phone_number,
        u1_0.pincode,
        u1_0.profession,
        u1_0.qr_code_token,
        u1_0.registration_number,
        u1_0.role,
        u1_0.specialization,
        u1_0.state,
        u1_0.state_council,
        u1_0.verification_status 
    from
        users u1_0 
    where
        u1_0.role='HEALTHCARE_WORKER' 
        and u1_0.verification_status='APPROVED' 
        and (
            ? is null 
            or lower(u1_0.state)=lower(?)
        ) 
        and (
            ? is null 
            or lower(u1_0.district)=lower(?)
        )
Hibernate: 
    select
        u1_0.user_id,
        u1_0.age,
        u1_0.created_at,
        u1_0.date_of_birth,
        u1_0.district,
        u1_0.email,
        u1_0.fcm_token,
        u1_0.full_name,
        u1_0.gender,
        u1_0.hospital_name,
        u1_0.id_proof_url,
        u1_0.nuid,
        u1_0.password_hash,
        u1_0.phone_number,
        u1_0.pincode,
        u1_0.profession,
        u1_0.qr_code_token,
        u1_0.registration_number,
        u1_0.role,
        u1_0.specialization,
        u1_0.state,
        u1_0.state_council,
        u1_0.verification_status 
    from
        users u1_0 
    where
        lower(u1_0.email)=lower(?)
Hibernate: 
    select
        ea1_0.id,
        ea1_0.created_at,
        ea1_0.patient_email,
        ea1_0.patient_id,
        ea1_0.patient_name,
        ea1_0.patient_phone,
        ea1_0.primary_caretaker_name,
        ea1_0.primary_caretaker_phone,
        ea1_0.resolved_at,
        ea1_0.status 
    from
        emergency_alerts ea1_0 
    where
        ea1_0.patient_id in (select
            pcm1_0.patient_id 
        from
            patient_caretaker_mappings pcm1_0 
        where
            pcm1_0.caretaker_id=?) 
        and ea1_0.status='ACTIVE' 
    order by
        ea1_0.created_at desc
Hibernate: 
    select
        u1_0.user_id,
        u1_0.age,
        u1_0.created_at,
        u1_0.date_of_birth,
        u1_0.district,
        u1_0.email,
        u1_0.fcm_token,
        u1_0.full_name,
        u1_0.gender,
        u1_0.hospital_name,
        u1_0.id_proof_url,
        u1_0.nuid,
        u1_0.password_hash,
        u1_0.phone_number,
        u1_0.pincode,
        u1_0.profession,
        u1_0.qr_code_token,
        u1_0.registration_number,
        u1_0.role,
        u1_0.specialization,
        u1_0.state,
        u1_0.state_council,
        u1_0.verification_status 
    from
        users u1_0 
    where
        lower(u1_0.email)=lower(?)
Hibernate: 
    select
        ea1_0.id,
        ea1_0.created_at,
        ea1_0.patient_email,
        ea1_0.patient_id,
        ea1_0.patient_name,
        ea1_0.patient_phone,
        ea1_0.primary_caretaker_name,
        ea1_0.primary_caretaker_phone,
        ea1_0.resolved_at,
        ea1_0.status 
    from
        emergency_alerts ea1_0 
    where
        ea1_0.patient_id in (select
            pcm1_0.patient_id 
        from
            patient_caretaker_mappings pcm1_0 
        where
            pcm1_0.caretaker_id=?) 
        and ea1_0.status='ACTIVE' 
    order by
        ea1_0.created_at desc
Hibernate: 
    select
        u1_0.user_id,
        u1_0.age,
        u1_0.created_at,
        u1_0.date_of_birth,
        u1_0.district,
        u1_0.email,
        u1_0.fcm_token,
        u1_0.full_name,
        u1_0.gender,
        u1_0.hospital_name,
        u1_0.id_proof_url,
        u1_0.nuid,
        u1_0.password_hash,
        u1_0.phone_number,
        u1_0.pincode,
        u1_0.profession,
        u1_0.qr_code_token,
        u1_0.registration_number,
        u1_0.role,
        u1_0.specialization,
        u1_0.state,
        u1_0.state_council,
        u1_0.verification_status 
    from
        users u1_0 
    where
        lower(u1_0.email)=lower(?)
Hibernate: 
    select
        ea1_0.id,
        ea1_0.created_at,
        ea1_0.patient_email,
        ea1_0.patient_id,
        ea1_0.patient_name,
        ea1_0.patient_phone,
        ea1_0.primary_caretaker_name,
        ea1_0.primary_caretaker_phone,
        ea1_0.resolved_at,
        ea1_0.status 
    from
        emergency_alerts ea1_0 
    where
        ea1_0.patient_id in (select
            pcm1_0.patient_id 
        from
            patient_caretaker_mappings pcm1_0 
        where
            pcm1_0.caretaker_id=?) 
        and ea1_0.status='ACTIVE' 
    order by
        ea1_0.created_at desc
Hibernate: 
    select
        u1_0.user_id,
        u1_0.age,
        u1_0.created_at,
        u1_0.date_of_birth,
        u1_0.district,
        u1_0.email,
        u1_0.fcm_token,
        u1_0.full_name,
        u1_0.gender,
        u1_0.hospital_name,
        u1_0.id_proof_url,
        u1_0.nuid,
        u1_0.password_hash,
        u1_0.phone_number,
        u1_0.pincode,
        u1_0.profession,
        u1_0.qr_code_token,
        u1_0.registration_number,
        u1_0.role,
        u1_0.specialization,
        u1_0.state,
        u1_0.state_council,
        u1_0.verification_status 
    from
        users u1_0 
    where
        u1_0.role='HEALTHCARE_WORKER' 
        and u1_0.verification_status='APPROVED' 
        and (
            ? is null 
            or lower(u1_0.state)=lower(?)
        ) 
        and (
            ? is null 
            or lower(u1_0.district)=lower(?)
        )
Hibernate: 
    select
        u1_0.user_id,
        u1_0.age,
        u1_0.created_at,
        u1_0.date_of_birth,
        u1_0.district,
        u1_0.email,
        u1_0.fcm_token,
        u1_0.full_name,
        u1_0.gender,
        u1_0.hospital_name,
        u1_0.id_proof_url,
        u1_0.nuid,
        u1_0.password_hash,
        u1_0.phone_number,
        u1_0.pincode,
        u1_0.profession,
        u1_0.qr_code_token,
        u1_0.registration_number,
        u1_0.role,
        u1_0.specialization,
        u1_0.state,
        u1_0.state_council,
        u1_0.verification_status 
    from
        users u1_0 
    where
        lower(u1_0.email)=lower(?)
Hibernate: 
    select
        ea1_0.id,
        ea1_0.created_at,
        ea1_0.patient_email,
        ea1_0.patient_id,
        ea1_0.patient_name,
        ea1_0.patient_phone,
        ea1_0.primary_caretaker_name,
        ea1_0.primary_caretaker_phone,
        ea1_0.resolved_at,
        ea1_0.status 
    from
        emergency_alerts ea1_0 
    where
        ea1_0.patient_id in (select
            pcm1_0.patient_id 
        from
            patient_caretaker_mappings pcm1_0 
        where
            pcm1_0.caretaker_id=?) 
        and ea1_0.status='ACTIVE' 
    order by
        ea1_0.created_at desc
Hibernate: 
    select
        gsl1_0.session_id,
        gsl1_0.accuracy_percentage,
        gsl1_0.ai_confidence,
        gsl1_0.ai_recommended_level,
        gsl1_0.completion_time_seconds,
        gsl1_0.difficulty_level,
        gsl1_0.game_title,
        gsl1_0.mistakes_count,
        gsl1_0.patient_id,
        gsl1_0.patient_name,
        gsl1_0.played_at,
        gsl1_0.score 
    from
        game_session_logs gsl1_0 
    where
        gsl1_0.patient_id=? 
    order by
        gsl1_0.played_at desc
Hibernate: 
    select
        u1_0.user_id,
        u1_0.age,
        u1_0.created_at,
        u1_0.date_of_birth,
        u1_0.district,
        u1_0.email,
        u1_0.fcm_token,
        u1_0.full_name,
        u1_0.gender,
        u1_0.hospital_name,
        u1_0.id_proof_url,
        u1_0.nuid,
        u1_0.password_hash,
        u1_0.phone_number,
        u1_0.pincode,
        u1_0.profession,
        u1_0.qr_code_token,
        u1_0.registration_number,
        u1_0.role,
        u1_0.specialization,
        u1_0.state,
        u1_0.state_council,
        u1_0.verification_status 
    from
        users u1_0 
    where
        lower(u1_0.email)=lower(?)
Hibernate: 
    select
        ea1_0.id,
        ea1_0.created_at,
        ea1_0.patient_email,
        ea1_0.patient_id,
        ea1_0.patient_name,
        ea1_0.patient_phone,
        ea1_0.primary_caretaker_name,
        ea1_0.primary_caretaker_phone,
        ea1_0.resolved_at,
        ea1_0.status 
    from
        emergency_alerts ea1_0 
    where
        ea1_0.patient_id in (select
            pcm1_0.patient_id 
        from
            patient_caretaker_mappings pcm1_0 
        where
            pcm1_0.caretaker_id=?) 
        and ea1_0.status='ACTIVE' 
    order by
        ea1_0.created_at desc
Hibernate: 
    select
        gsl1_0.session_id,
        gsl1_0.accuracy_percentage,
        gsl1_0.ai_confidence,
        gsl1_0.ai_recommended_level,
        gsl1_0.completion_time_seconds,
        gsl1_0.difficulty_level,
        gsl1_0.game_title,
        gsl1_0.mistakes_count,
        gsl1_0.patient_id,
        gsl1_0.patient_name,
        gsl1_0.played_at,
        gsl1_0.score 
    from
        game_session_logs gsl1_0 
    where
        gsl1_0.patient_id=? 
    order by
        gsl1_0.played_at desc
Hibernate: 
    select
        u1_0.user_id,
        u1_0.age,
        u1_0.created_at,
        u1_0.date_of_birth,
        u1_0.district,
        u1_0.email,
        u1_0.fcm_token,
        u1_0.full_name,
        u1_0.gender,
        u1_0.hospital_name,
        u1_0.id_proof_url,
        u1_0.nuid,
        u1_0.password_hash,
        u1_0.phone_number,
        u1_0.pincode,
        u1_0.profession,
        u1_0.qr_code_token,
        u1_0.registration_number,
        u1_0.role,
        u1_0.specialization,
        u1_0.state,
        u1_0.state_council,
        u1_0.verification_status 
    from
        users u1_0 
    where
        lower(u1_0.email)=lower(?)
Hibernate: 
    select
        ea1_0.id,
        ea1_0.created_at,
        ea1_0.patient_email,
        ea1_0.patient_id,
        ea1_0.patient_name,
        ea1_0.patient_phone,
        ea1_0.primary_caretaker_name,
        ea1_0.primary_caretaker_phone,
        ea1_0.resolved_at,
        ea1_0.status 
    from
        emergency_alerts ea1_0 
    where
        ea1_0.patient_id in (select
            pcm1_0.patient_id 
        from
            patient_caretaker_mappings pcm1_0 
        where
            pcm1_0.caretaker_id=?) 
        and ea1_0.status='ACTIVE' 
    order by
        ea1_0.created_at desc
Hibernate: 
    select
        u1_0.user_id,
        u1_0.age,
        u1_0.created_at,
        u1_0.date_of_birth,
        u1_0.district,
        u1_0.email,
        u1_0.fcm_token,
        u1_0.full_name,
        u1_0.gender,
        u1_0.hospital_name,
        u1_0.id_proof_url,
        u1_0.nuid,
        u1_0.password_hash,
        u1_0.phone_number,
        u1_0.pincode,
        u1_0.profession,
        u1_0.qr_code_token,
        u1_0.registration_number,
        u1_0.role,
        u1_0.specialization,
        u1_0.state,
        u1_0.state_council,
        u1_0.verification_status 
    from
        users u1_0 
    where
        lower(u1_0.email)=lower(?) 
        or u1_0.phone_number=?
2026-09-24T00:27:44.923+05:30  WARN 11296 --- [cognitivecare-backend] [nio-8088-exec-5] o.h.engine.jdbc.spi.SqlExceptionHelper   : SQL Warning Code: 28002, SQLState: 99999
2026-09-24T00:27:44.923+05:30  WARN 11296 --- [cognitivecare-backend] [nio-8088-exec-5] o.h.engine.jdbc.spi.SqlExceptionHelper   : ORA-28002: the password will expire within 0 days

https://docs.oracle.com/error-help/db/ora-28002/
Hibernate: 
    select
        pcm1_0.id,
        pcm1_0.caretaker_id,
        pcm1_0.is_primary,
        pcm1_0.linked_at,
        pcm1_0.patient_id,
        pcm1_0.relation 
    from
        patient_caretaker_mappings pcm1_0 
    where
        pcm1_0.caretaker_id=? 
    order by
        pcm1_0.linked_at desc
Hibernate: 
    select
        pcm1_0.id,
        pcm1_0.caretaker_id,
        pcm1_0.is_primary,
        pcm1_0.linked_at,
        pcm1_0.patient_id,
        pcm1_0.relation 
    from
        patient_caretaker_mappings pcm1_0 
    where
        pcm1_0.caretaker_id=? 
    order by
        pcm1_0.linked_at desc
Hibernate: 
    select
        u1_0.user_id,
        u1_0.age,
        u1_0.created_at,
        u1_0.date_of_birth,
        u1_0.district,
        u1_0.email,
        u1_0.fcm_token,
        u1_0.full_name,
        u1_0.gender,
        u1_0.hospital_name,
        u1_0.id_proof_url,
        u1_0.nuid,
        u1_0.password_hash,
        u1_0.phone_number,
        u1_0.pincode,
        u1_0.profession,
        u1_0.qr_code_token,
        u1_0.registration_number,
        u1_0.role,
        u1_0.specialization,
        u1_0.state,
        u1_0.state_council,
        u1_0.verification_status 
    from
        users u1_0 
    where
        lower(u1_0.email)=lower(?)
Hibernate: 
    select
        u1_0.user_id,
        u1_0.age,
        u1_0.created_at,
        u1_0.date_of_birth,
        u1_0.district,
        u1_0.email,
        u1_0.fcm_token,
        u1_0.full_name,
        u1_0.gender,
        u1_0.hospital_name,
        u1_0.id_proof_url,
        u1_0.nuid,
        u1_0.password_hash,
        u1_0.phone_number,
        u1_0.pincode,
        u1_0.profession,
        u1_0.qr_code_token,
        u1_0.registration_number,
        u1_0.role,
        u1_0.specialization,
        u1_0.state,
        u1_0.state_council,
        u1_0.verification_status 
    from
        users u1_0 
    where
        u1_0.user_id=?
Hibernate: 
    select
        ea1_0.id,
        ea1_0.created_at,
        ea1_0.patient_email,
        ea1_0.patient_id,
        ea1_0.patient_name,
        ea1_0.patient_phone,
        ea1_0.primary_caretaker_name,
        ea1_0.primary_caretaker_phone,
        ea1_0.resolved_at,
        ea1_0.status 
    from
        emergency_alerts ea1_0 
    where
        ea1_0.patient_id in (select
            pcm1_0.patient_id 
        from
            patient_caretaker_mappings pcm1_0 
        where
            pcm1_0.caretaker_id=?) 
        and ea1_0.status='ACTIVE' 
    order by
        ea1_0.created_at desc
Hibernate: 
    select
        sc1_0.id,
        sc1_0.caretaker_approved,
        sc1_0.caretaker_approved_at,
        sc1_0.caretaker_id,
        sc1_0.connected_at,
        sc1_0.patient_approved,
        sc1_0.patient_approved_at,
        sc1_0.receiver_patient_id,
        sc1_0.request_message,
        sc1_0.requested_at,
        sc1_0.requester_patient_id,
        sc1_0.status 
    from
        social_connections sc1_0 
    where
        sc1_0.receiver_patient_id in (?, ?) 
        and sc1_0.caretaker_approved=0 
        and sc1_0.status='PENDING' 
    order by
        sc1_0.requested_at desc
Hibernate: 
    select
        u1_0.user_id,
        u1_0.age,
        u1_0.created_at,
        u1_0.date_of_birth,
        u1_0.district,
        u1_0.email,
        u1_0.fcm_token,
        u1_0.full_name,
        u1_0.gender,
        u1_0.hospital_name,
        u1_0.id_proof_url,
        u1_0.nuid,
        u1_0.password_hash,
        u1_0.phone_number,
        u1_0.pincode,
        u1_0.profession,
        u1_0.qr_code_token,
        u1_0.registration_number,
        u1_0.role,
        u1_0.specialization,
        u1_0.state,
        u1_0.state_council,
        u1_0.verification_status 
    from
        users u1_0 
    where
        u1_0.user_id=?
2026-09-24T00:27:45.300+05:30  WARN 11296 --- [cognitivecare-backend] [nio-8088-exec-7] o.h.engine.jdbc.spi.SqlExceptionHelper   : SQL Warning Code: 28002, SQLState: 99999
2026-09-24T00:27:45.300+05:30  WARN 11296 --- [cognitivecare-backend] [nio-8088-exec-7] o.h.engine.jdbc.spi.SqlExceptionHelper   : ORA-28002: the password will expire within 0 days

https://docs.oracle.com/error-help/db/ora-28002/
2026-09-24T00:27:45.302+05:30  WARN 11296 --- [cognitivecare-backend] [nio-8088-exec-9] o.h.engine.jdbc.spi.SqlExceptionHelper   : SQL Warning Code: 28002, SQLState: 99999
2026-09-24T00:27:45.302+05:30  WARN 11296 --- [cognitivecare-backend] [nio-8088-exec-9] o.h.engine.jdbc.spi.SqlExceptionHelper   : ORA-28002: the password will expire within 0 days

https://docs.oracle.com/error-help/db/ora-28002/
Hibernate: 
    select
        u1_0.user_id,
        u1_0.age,
        u1_0.created_at,
        u1_0.date_of_birth,
        u1_0.district,
        u1_0.email,
        u1_0.fcm_token,
        u1_0.full_name,
        u1_0.gender,
        u1_0.hospital_name,
        u1_0.id_proof_url,
        u1_0.nuid,
        u1_0.password_hash,
        u1_0.phone_number,
        u1_0.pincode,
        u1_0.profession,
        u1_0.qr_code_token,
        u1_0.registration_number,
        u1_0.role,
        u1_0.specialization,
        u1_0.state,
        u1_0.state_council,
        u1_0.verification_status 
    from
        users u1_0 
    where
        lower(u1_0.email)=lower(?)
2026-09-24T00:27:45.450+05:30  INFO 11296 --- [cognitivecare-backend] [nio-8088-exec-6] c.e.backend.service.EmergencyService     : 📱 Updated FCM Token for user: 717824p120@kce.ac.in
Hibernate: 
    select
        u1_0.user_id,
        u1_0.age,
        u1_0.created_at,
        u1_0.date_of_birth,
        u1_0.district,
        u1_0.email,
        u1_0.fcm_token,
        u1_0.full_name,
        u1_0.gender,
        u1_0.hospital_name,
        u1_0.id_proof_url,
        u1_0.nuid,
        u1_0.password_hash,
        u1_0.phone_number,
        u1_0.pincode,
        u1_0.profession,
        u1_0.qr_code_token,
        u1_0.registration_number,
        u1_0.role,
        u1_0.specialization,
        u1_0.state,
        u1_0.state_council,
        u1_0.verification_status 
    from
        users u1_0 
    where
        lower(u1_0.email)=lower(?)
Hibernate: 
    select
        ea1_0.id,
        ea1_0.created_at,
        ea1_0.patient_email,
        ea1_0.patient_id,
        ea1_0.patient_name,
        ea1_0.patient_phone,
        ea1_0.primary_caretaker_name,
        ea1_0.primary_caretaker_phone,
        ea1_0.resolved_at,
        ea1_0.status 
    from
        emergency_alerts ea1_0 
    where
        ea1_0.patient_id in (select
            pcm1_0.patient_id 
        from
            patient_caretaker_mappings pcm1_0 
        where
            pcm1_0.caretaker_id=?) 
        and ea1_0.status='ACTIVE' 
    order by
        ea1_0.created_at desc
Hibernate: 
    select
        u1_0.user_id,
        u1_0.age,
        u1_0.created_at,
        u1_0.date_of_birth,
        u1_0.district,
        u1_0.email,
        u1_0.fcm_token,
        u1_0.full_name,
        u1_0.gender,
        u1_0.hospital_name,
        u1_0.id_proof_url,
        u1_0.nuid,
        u1_0.password_hash,
        u1_0.phone_number,
        u1_0.pincode,
        u1_0.profession,
        u1_0.qr_code_token,
        u1_0.registration_number,
        u1_0.role,
        u1_0.specialization,
        u1_0.state,
        u1_0.state_council,
        u1_0.verification_status 
    from
        users u1_0 
    where
        lower(u1_0.email)=lower(?)
Hibernate: 
    select
        ea1_0.id,
        ea1_0.created_at,
        ea1_0.patient_email,
        ea1_0.patient_id,
        ea1_0.patient_name,
        ea1_0.patient_phone,
        ea1_0.primary_caretaker_name,
        ea1_0.primary_caretaker_phone,
        ea1_0.resolved_at,
        ea1_0.status 
    from
        emergency_alerts ea1_0 
    where
        ea1_0.patient_id in (select
            pcm1_0.patient_id 
        from
            patient_caretaker_mappings pcm1_0 
        where
            pcm1_0.caretaker_id=?) 
        and ea1_0.status='ACTIVE' 
    order by
        ea1_0.created_at desc
Hibernate: 
    select
        u1_0.user_id,
        u1_0.age,
        u1_0.created_at,
        u1_0.date_of_birth,
        u1_0.district,
        u1_0.email,
        u1_0.fcm_token,
        u1_0.full_name,
        u1_0.gender,
        u1_0.hospital_name,
        u1_0.id_proof_url,
        u1_0.nuid,
        u1_0.password_hash,
        u1_0.phone_number,
        u1_0.pincode,
        u1_0.profession,
        u1_0.qr_code_token,
        u1_0.registration_number,
        u1_0.role,
        u1_0.specialization,
        u1_0.state,
        u1_0.state_council,
        u1_0.verification_status 
    from
        users u1_0 
    where
        lower(u1_0.email)=lower(?)
Hibernate: 
    select
        ea1_0.id,
        ea1_0.created_at,
        ea1_0.patient_email,
        ea1_0.patient_id,
        ea1_0.patient_name,
        ea1_0.patient_phone,
        ea1_0.primary_caretaker_name,
        ea1_0.primary_caretaker_phone,
        ea1_0.resolved_at,
        ea1_0.status 
    from
        emergency_alerts ea1_0 
    where
        ea1_0.patient_id in (select
            pcm1_0.patient_id 
        from
            patient_caretaker_mappings pcm1_0 
        where
            pcm1_0.caretaker_id=?) 
        and ea1_0.status='ACTIVE' 
    order by
        ea1_0.created_at desc
Hibernate: 
    select
        u1_0.user_id,
        u1_0.age,
        u1_0.created_at,
        u1_0.date_of_birth,
        u1_0.district,
        u1_0.email,
        u1_0.fcm_token,
        u1_0.full_name,
        u1_0.gender,
        u1_0.hospital_name,
        u1_0.id_proof_url,
        u1_0.nuid,
        u1_0.password_hash,
        u1_0.phone_number,
        u1_0.pincode,
        u1_0.profession,
        u1_0.qr_code_token,
        u1_0.registration_number,
        u1_0.role,
        u1_0.specialization,
        u1_0.state,
        u1_0.state_council,
        u1_0.verification_status 
    from
        users u1_0 
    where
        lower(u1_0.email)=lower(?)
Hibernate: 
    select
        ea1_0.id,
        ea1_0.created_at,
        ea1_0.patient_email,
        ea1_0.patient_id,
        ea1_0.patient_name,
        ea1_0.patient_phone,
        ea1_0.primary_caretaker_name,
        ea1_0.primary_caretaker_phone,
        ea1_0.resolved_at,
        ea1_0.status 
    from
        emergency_alerts ea1_0 
    where
        ea1_0.patient_id in (select
            pcm1_0.patient_id 
        from
            patient_caretaker_mappings pcm1_0 
        where
            pcm1_0.caretaker_id=?) 
        and ea1_0.status='ACTIVE' 
    order by
        ea1_0.created_at desc
Hibernate: 
    select
        u1_0.user_id,
        u1_0.age,
        u1_0.created_at,
        u1_0.date_of_birth,
        u1_0.district,
        u1_0.email,
        u1_0.fcm_token,
        u1_0.full_name,
        u1_0.gender,
        u1_0.hospital_name,
        u1_0.id_proof_url,
        u1_0.nuid,
        u1_0.password_hash,
        u1_0.phone_number,
        u1_0.pincode,
        u1_0.profession,
        u1_0.qr_code_token,
        u1_0.registration_number,
        u1_0.role,
        u1_0.specialization,
        u1_0.state,
        u1_0.state_council,
        u1_0.verification_status 
    from
        users u1_0 
    where
        lower(u1_0.email)=lower(?)
Hibernate: 
    select
        ea1_0.id,
        ea1_0.created_at,
        ea1_0.patient_email,
        ea1_0.patient_id,
        ea1_0.patient_name,
        ea1_0.patient_phone,
        ea1_0.primary_caretaker_name,
        ea1_0.primary_caretaker_phone,
        ea1_0.resolved_at,
        ea1_0.status 
    from
        emergency_alerts ea1_0 
    where
        ea1_0.patient_id in (select
            pcm1_0.patient_id 
        from
            patient_caretaker_mappings pcm1_0 
        where
            pcm1_0.caretaker_id=?) 
        and ea1_0.status='ACTIVE' 
    order by
        ea1_0.created_at desc
Hibernate: 
    select
        u1_0.user_id,
        u1_0.age,
        u1_0.created_at,
        u1_0.date_of_birth,
        u1_0.district,
        u1_0.email,
        u1_0.fcm_token,
        u1_0.full_name,
        u1_0.gender,
        u1_0.hospital_name,
        u1_0.id_proof_url,
        u1_0.nuid,
        u1_0.password_hash,
        u1_0.phone_number,
        u1_0.pincode,
        u1_0.profession,
        u1_0.qr_code_token,
        u1_0.registration_number,
        u1_0.role,
        u1_0.specialization,
        u1_0.state,
        u1_0.state_council,
        u1_0.verification_status 
    from
        users u1_0 
    where
        lower(u1_0.email)=lower(?)
Hibernate: 
    select
        ea1_0.id,
        ea1_0.created_at,
        ea1_0.patient_email,
        ea1_0.patient_id,
        ea1_0.patient_name,
        ea1_0.patient_phone,
        ea1_0.primary_caretaker_name,
        ea1_0.primary_caretaker_phone,
        ea1_0.resolved_at,
        ea1_0.status 
    from
        emergency_alerts ea1_0 
    where
        ea1_0.patient_id in (select
            pcm1_0.patient_id 
        from
            patient_caretaker_mappings pcm1_0 
        where
            pcm1_0.caretaker_id=?) 
        and ea1_0.status='ACTIVE' 
    order by
        ea1_0.created_at desc
Hibernate: 
    select
        u1_0.user_id,
        u1_0.age,
        u1_0.created_at,
        u1_0.date_of_birth,
        u1_0.district,
        u1_0.email,
        u1_0.fcm_token,
        u1_0.full_name,
        u1_0.gender,
        u1_0.hospital_name,
        u1_0.id_proof_url,
        u1_0.nuid,
        u1_0.password_hash,
        u1_0.phone_number,
        u1_0.pincode,
        u1_0.profession,
        u1_0.qr_code_token,
        u1_0.registration_number,
        u1_0.role,
        u1_0.specialization,
        u1_0.state,
        u1_0.state_council,
        u1_0.verification_status 
    from
        users u1_0 
    where
        lower(u1_0.email)=lower(?)
Hibernate: 
    select
        ea1_0.id,
        ea1_0.created_at,
        ea1_0.patient_email,
        ea1_0.patient_id,
        ea1_0.patient_name,
        ea1_0.patient_phone,
        ea1_0.primary_caretaker_name,
        ea1_0.primary_caretaker_phone,
        ea1_0.resolved_at,
        ea1_0.status 
    from
        emergency_alerts ea1_0 
    where
        ea1_0.patient_id in (select
            pcm1_0.patient_id 
        from
            patient_caretaker_mappings pcm1_0 
        where
            pcm1_0.caretaker_id=?) 
        and ea1_0.status='ACTIVE' 
    order by
        ea1_0.created_at desc
Hibernate: 
    select
        u1_0.user_id,
        u1_0.age,
        u1_0.created_at,
        u1_0.date_of_birth,
        u1_0.district,
        u1_0.email,
        u1_0.fcm_token,
        u1_0.full_name,
        u1_0.gender,
        u1_0.hospital_name,
        u1_0.id_proof_url,
        u1_0.nuid,
        u1_0.password_hash,
        u1_0.phone_number,
        u1_0.pincode,
        u1_0.profession,
        u1_0.qr_code_token,
        u1_0.registration_number,
        u1_0.role,
        u1_0.specialization,
        u1_0.state,
        u1_0.state_council,
        u1_0.verification_status 
    from
        users u1_0 
    where
        lower(u1_0.email)=lower(?)
Hibernate: 
    select
        ea1_0.id,
        ea1_0.created_at,
        ea1_0.patient_email,
        ea1_0.patient_id,
        ea1_0.patient_name,
        ea1_0.patient_phone,
        ea1_0.primary_caretaker_name,
        ea1_0.primary_caretaker_phone,
        ea1_0.resolved_at,
        ea1_0.status 
    from
        emergency_alerts ea1_0 
    where
        ea1_0.patient_id in (select
            pcm1_0.patient_id 
        from
            patient_caretaker_mappings pcm1_0 
        where
            pcm1_0.caretaker_id=?) 
        and ea1_0.status='ACTIVE' 
    order by
        ea1_0.created_at desc
Hibernate: 
    select
        u1_0.user_id,
        u1_0.age,
        u1_0.created_at,
        u1_0.date_of_birth,
        u1_0.district,
        u1_0.email,
        u1_0.fcm_token,
        u1_0.full_name,
        u1_0.gender,
        u1_0.hospital_name,
        u1_0.id_proof_url,
        u1_0.nuid,
        u1_0.password_hash,
        u1_0.phone_number,
        u1_0.pincode,
        u1_0.profession,
        u1_0.qr_code_token,
        u1_0.registration_number,
        u1_0.role,
        u1_0.specialization,
        u1_0.state,
        u1_0.state_council,
        u1_0.verification_status 
    from
        users u1_0 
    where
        lower(u1_0.email)=lower(?)
Hibernate: 
    select
        ea1_0.id,
        ea1_0.created_at,
        ea1_0.patient_email,
        ea1_0.patient_id,
        ea1_0.patient_name,
        ea1_0.patient_phone,
        ea1_0.primary_caretaker_name,
        ea1_0.primary_caretaker_phone,
        ea1_0.resolved_at,
        ea1_0.status 
    from
        emergency_alerts ea1_0 
    where
        ea1_0.patient_id in (select
            pcm1_0.patient_id 
        from
            patient_caretaker_mappings pcm1_0 
        where
            pcm1_0.caretaker_id=?) 
        and ea1_0.status='ACTIVE' 
    order by
        ea1_0.created_at desc
Hibernate: 
    select
        pcm1_0.id,
        pcm1_0.caretaker_id,
        pcm1_0.is_primary,
        pcm1_0.linked_at,
        pcm1_0.patient_id,
        pcm1_0.relation 
    from
        patient_caretaker_mappings pcm1_0 
    where
        pcm1_0.caretaker_id=? 
    order by
        pcm1_0.linked_at desc
Hibernate: 
    select
        u1_0.user_id,
        u1_0.age,
        u1_0.created_at,
        u1_0.date_of_birth,
        u1_0.district,
        u1_0.email,
        u1_0.fcm_token,
        u1_0.full_name,
        u1_0.gender,
        u1_0.hospital_name,
        u1_0.id_proof_url,
        u1_0.nuid,
        u1_0.password_hash,
        u1_0.phone_number,
        u1_0.pincode,
        u1_0.profession,
        u1_0.qr_code_token,
        u1_0.registration_number,
        u1_0.role,
        u1_0.specialization,
        u1_0.state,
        u1_0.state_council,
        u1_0.verification_status 
    from
        users u1_0 
    where
        u1_0.user_id=?
Hibernate: 
    select
        u1_0.user_id,
        u1_0.age,
        u1_0.created_at,
        u1_0.date_of_birth,
        u1_0.district,
        u1_0.email,
        u1_0.fcm_token,
        u1_0.full_name,
        u1_0.gender,
        u1_0.hospital_name,
        u1_0.id_proof_url,
        u1_0.nuid,
        u1_0.password_hash,
        u1_0.phone_number,
        u1_0.pincode,
        u1_0.profession,
        u1_0.qr_code_token,
        u1_0.registration_number,
        u1_0.role,
        u1_0.specialization,
        u1_0.state,
        u1_0.state_council,
        u1_0.verification_status 
    from
        users u1_0 
    where
        u1_0.user_id=?
Hibernate: 
    select
        u1_0.user_id,
        u1_0.age,
        u1_0.created_at,
        u1_0.date_of_birth,
        u1_0.district,
        u1_0.email,
        u1_0.fcm_token,
        u1_0.full_name,
        u1_0.gender,
        u1_0.hospital_name,
        u1_0.id_proof_url,
        u1_0.nuid,
        u1_0.password_hash,
        u1_0.phone_number,
        u1_0.pincode,
        u1_0.profession,
        u1_0.qr_code_token,
        u1_0.registration_number,
        u1_0.role,
        u1_0.specialization,
        u1_0.state,
        u1_0.state_council,
        u1_0.verification_status 
    from
        users u1_0 
    where
        lower(u1_0.email)=lower(?)
Hibernate: 
    select
        ea1_0.id,
        ea1_0.created_at,
        ea1_0.patient_email,
        ea1_0.patient_id,
        ea1_0.patient_name,
        ea1_0.patient_phone,
        ea1_0.primary_caretaker_name,
        ea1_0.primary_caretaker_phone,
        ea1_0.resolved_at,
        ea1_0.status 
    from
        emergency_alerts ea1_0 
    where
        ea1_0.patient_id in (select
            pcm1_0.patient_id 
        from
            patient_caretaker_mappings pcm1_0 
        where
            pcm1_0.caretaker_id=?) 
        and ea1_0.status='ACTIVE' 
    order by
        ea1_0.created_at desc
Hibernate: 
    select
        u1_0.user_id,
        u1_0.age,
        u1_0.created_at,
        u1_0.date_of_birth,
        u1_0.district,
        u1_0.email,
        u1_0.fcm_token,
        u1_0.full_name,
        u1_0.gender,
        u1_0.hospital_name,
        u1_0.id_proof_url,
        u1_0.nuid,
        u1_0.password_hash,
        u1_0.phone_number,
        u1_0.pincode,
        u1_0.profession,
        u1_0.qr_code_token,
        u1_0.registration_number,
        u1_0.role,
        u1_0.specialization,
        u1_0.state,
        u1_0.state_council,
        u1_0.verification_status 
    from
        users u1_0 
    where
        lower(u1_0.email)=lower(?)
Hibernate: 
    select
        ea1_0.id,
        ea1_0.created_at,
        ea1_0.patient_email,
        ea1_0.patient_id,
        ea1_0.patient_name,
        ea1_0.patient_phone,
        ea1_0.primary_caretaker_name,
        ea1_0.primary_caretaker_phone,
        ea1_0.resolved_at,
        ea1_0.status 
    from
        emergency_alerts ea1_0 
    where
        ea1_0.patient_id in (select
            pcm1_0.patient_id 
        from
            patient_caretaker_mappings pcm1_0 
        where
            pcm1_0.caretaker_id=?) 
        and ea1_0.status='ACTIVE' 
    order by
        ea1_0.created_at desc
Hibernate: 
    select
        u1_0.user_id,
        u1_0.age,
        u1_0.created_at,
        u1_0.date_of_birth,
        u1_0.district,
        u1_0.email,
        u1_0.fcm_token,
        u1_0.full_name,
        u1_0.gender,
        u1_0.hospital_name,
        u1_0.id_proof_url,
        u1_0.nuid,
        u1_0.password_hash,
        u1_0.phone_number,
        u1_0.pincode,
        u1_0.profession,
        u1_0.qr_code_token,
        u1_0.registration_number,
        u1_0.role,
        u1_0.specialization,
        u1_0.state,
        u1_0.state_council,
        u1_0.verification_status 
    from
        users u1_0 
    where
        lower(u1_0.email)=lower(?)
Hibernate: 
    select
        ea1_0.id,
        ea1_0.created_at,
        ea1_0.patient_email,
        ea1_0.patient_id,
        ea1_0.patient_name,
        ea1_0.patient_phone,
        ea1_0.primary_caretaker_name,
        ea1_0.primary_caretaker_phone,
        ea1_0.resolved_at,
        ea1_0.status 
    from
        emergency_alerts ea1_0 
    where
        ea1_0.patient_id in (select
            pcm1_0.patient_id 
        from
            patient_caretaker_mappings pcm1_0 
        where
            pcm1_0.caretaker_id=?) 
        and ea1_0.status='ACTIVE' 
    order by
        ea1_0.created_at desc
Hibernate: 
    select
        u1_0.user_id,
        u1_0.age,
        u1_0.created_at,
        u1_0.date_of_birth,
        u1_0.district,
        u1_0.email,
        u1_0.fcm_token,
        u1_0.full_name,
        u1_0.gender,
        u1_0.hospital_name,
        u1_0.id_proof_url,
        u1_0.nuid,
        u1_0.password_hash,
        u1_0.phone_number,
        u1_0.pincode,
        u1_0.profession,
        u1_0.qr_code_token,
        u1_0.registration_number,
        u1_0.role,
        u1_0.specialization,
        u1_0.state,
        u1_0.state_council,
        u1_0.verification_status 
    from
        users u1_0 
    where
        lower(u1_0.email)=lower(?)
Hibernate: 
    select
        ea1_0.id,
        ea1_0.created_at,
        ea1_0.patient_email,
        ea1_0.patient_id,
        ea1_0.patient_name,
        ea1_0.patient_phone,
        ea1_0.primary_caretaker_name,
        ea1_0.primary_caretaker_phone,
        ea1_0.resolved_at,
        ea1_0.status 
    from
        emergency_alerts ea1_0 
    where
        ea1_0.patient_id in (select
            pcm1_0.patient_id 
        from
            patient_caretaker_mappings pcm1_0 
        where
            pcm1_0.caretaker_id=?) 
        and ea1_0.status='ACTIVE' 
    order by
        ea1_0.created_at desc
Hibernate: 
    select
        u1_0.user_id,
        u1_0.age,
        u1_0.created_at,
        u1_0.date_of_birth,
        u1_0.district,
        u1_0.email,
        u1_0.fcm_token,
        u1_0.full_name,
        u1_0.gender,
        u1_0.hospital_name,
        u1_0.id_proof_url,
        u1_0.nuid,
        u1_0.password_hash,
        u1_0.phone_number,
        u1_0.pincode,
        u1_0.profession,
        u1_0.qr_code_token,
        u1_0.registration_number,
        u1_0.role,
        u1_0.specialization,
        u1_0.state,
        u1_0.state_council,
        u1_0.verification_status 
    from
        users u1_0 
    where
        lower(u1_0.email)=lower(?)
Hibernate: 
    select
        ea1_0.id,
        ea1_0.created_at,
        ea1_0.patient_email,
        ea1_0.patient_id,
        ea1_0.patient_name,
        ea1_0.patient_phone,
        ea1_0.primary_caretaker_name,
        ea1_0.primary_caretaker_phone,
        ea1_0.resolved_at,
        ea1_0.status 
    from
        emergency_alerts ea1_0 
    where
        ea1_0.patient_id in (select
            pcm1_0.patient_id 
        from
            patient_caretaker_mappings pcm1_0 
        where
            pcm1_0.caretaker_id=?) 
        and ea1_0.status='ACTIVE' 
    order by
        ea1_0.created_at desc
Hibernate: 
    select
        u1_0.user_id,
        u1_0.age,
        u1_0.created_at,
        u1_0.date_of_birth,
        u1_0.district,
        u1_0.email,
        u1_0.fcm_token,
        u1_0.full_name,
        u1_0.gender,
        u1_0.hospital_name,
        u1_0.id_proof_url,
        u1_0.nuid,
        u1_0.password_hash,
        u1_0.phone_number,
        u1_0.pincode,
        u1_0.profession,
        u1_0.qr_code_token,
        u1_0.registration_number,
        u1_0.role,
        u1_0.specialization,
        u1_0.state,
        u1_0.state_council,
        u1_0.verification_status 
    from
        users u1_0 
    where
        lower(u1_0.email)=lower(?)
Hibernate: 
    select
        ea1_0.id,
        ea1_0.created_at,
        ea1_0.patient_email,
        ea1_0.patient_id,
        ea1_0.patient_name,
        ea1_0.patient_phone,
        ea1_0.primary_caretaker_name,
        ea1_0.primary_caretaker_phone,
        ea1_0.resolved_at,
        ea1_0.status 
    from
        emergency_alerts ea1_0 
    where
        ea1_0.patient_id in (select
            pcm1_0.patient_id 
        from
            patient_caretaker_mappings pcm1_0 
        where
            pcm1_0.caretaker_id=?) 
        and ea1_0.status='ACTIVE' 
    order by
        ea1_0.created_at desc
Hibernate: 
    select
        u1_0.user_id,
        u1_0.age,
        u1_0.created_at,
        u1_0.date_of_birth,
        u1_0.district,
        u1_0.email,
        u1_0.fcm_token,
        u1_0.full_name,
        u1_0.gender,
        u1_0.hospital_name,
        u1_0.id_proof_url,
        u1_0.nuid,
        u1_0.password_hash,
        u1_0.phone_number,
        u1_0.pincode,
        u1_0.profession,
        u1_0.qr_code_token,
        u1_0.registration_number,
        u1_0.role,
        u1_0.specialization,
        u1_0.state,
        u1_0.state_council,
        u1_0.verification_status 
    from
        users u1_0 
    where
        lower(u1_0.email)=lower(?) 
        or u1_0.phone_number=?
Hibernate: 
    select
        u1_0.user_id,
        u1_0.age,
        u1_0.created_at,
        u1_0.date_of_birth,
        u1_0.district,
        u1_0.email,
        u1_0.fcm_token,
        u1_0.full_name,
        u1_0.gender,
        u1_0.hospital_name,
        u1_0.id_proof_url,
        u1_0.nuid,
        u1_0.password_hash,
        u1_0.phone_number,
        u1_0.pincode,
        u1_0.profession,
        u1_0.qr_code_token,
        u1_0.registration_number,
        u1_0.role,
        u1_0.specialization,
        u1_0.state,
        u1_0.state_council,
        u1_0.verification_status 
    from
        users u1_0 
    where
        u1_0.user_id=?
Hibernate: 
    select
        u1_0.user_id,
        u1_0.age,
        u1_0.created_at,
        u1_0.date_of_birth,
        u1_0.district,
        u1_0.email,
        u1_0.fcm_token,
        u1_0.full_name,
        u1_0.gender,
        u1_0.hospital_name,
        u1_0.id_proof_url,
        u1_0.nuid,
        u1_0.password_hash,
        u1_0.phone_number,
        u1_0.pincode,
        u1_0.profession,
        u1_0.qr_code_token,
        u1_0.registration_number,
        u1_0.role,
        u1_0.specialization,
        u1_0.state,
        u1_0.state_council,
        u1_0.verification_status 
    from
        users u1_0 
    where
        lower(u1_0.email)=lower(?)
Hibernate: 
    select
        pcm1_0.id,
        pcm1_0.caretaker_id,
        pcm1_0.is_primary,
        pcm1_0.linked_at,
        pcm1_0.patient_id,
        pcm1_0.relation 
    from
        patient_caretaker_mappings pcm1_0 
    where
        pcm1_0.patient_id=? 
    order by
        pcm1_0.is_primary desc,
        pcm1_0.linked_at
Hibernate: 
    select
        u1_0.user_id,
        u1_0.age,
        u1_0.created_at,
        u1_0.date_of_birth,
        u1_0.district,
        u1_0.email,
        u1_0.fcm_token,
        u1_0.full_name,
        u1_0.gender,
        u1_0.hospital_name,
        u1_0.id_proof_url,
        u1_0.nuid,
        u1_0.password_hash,
        u1_0.phone_number,
        u1_0.pincode,
        u1_0.profession,
        u1_0.qr_code_token,
        u1_0.registration_number,
        u1_0.role,
        u1_0.specialization,
        u1_0.state,
        u1_0.state_council,
        u1_0.verification_status 
    from
        users u1_0 
    where
        u1_0.user_id=?
Hibernate: 
    select
        u1_0.user_id,
        u1_0.age,
        u1_0.created_at,
        u1_0.date_of_birth,
        u1_0.district,
        u1_0.email,
        u1_0.fcm_token,
        u1_0.full_name,
        u1_0.gender,
        u1_0.hospital_name,
        u1_0.id_proof_url,
        u1_0.nuid,
        u1_0.password_hash,
        u1_0.phone_number,
        u1_0.pincode,
        u1_0.profession,
        u1_0.qr_code_token,
        u1_0.registration_number,
        u1_0.role,
        u1_0.specialization,
        u1_0.state,
        u1_0.state_council,
        u1_0.verification_status 
    from
        users u1_0 
    where
        u1_0.user_id=?
Hibernate: 
    select
        u1_0.user_id,
        u1_0.age,
        u1_0.created_at,
        u1_0.date_of_birth,
        u1_0.district,
        u1_0.email,
        u1_0.fcm_token,
        u1_0.full_name,
        u1_0.gender,
        u1_0.hospital_name,
        u1_0.id_proof_url,
        u1_0.nuid,
        u1_0.password_hash,
        u1_0.phone_number,
        u1_0.pincode,
        u1_0.profession,
        u1_0.qr_code_token,
        u1_0.registration_number,
        u1_0.role,
        u1_0.specialization,
        u1_0.state,
        u1_0.state_council,
        u1_0.verification_status 
    from
        users u1_0 
    where
        lower(u1_0.email)=lower(?)
Hibernate: 
    select
        pcm1_0.id,
        pcm1_0.caretaker_id,
        pcm1_0.is_primary,
        pcm1_0.linked_at,
        pcm1_0.patient_id,
        pcm1_0.relation 
    from
        patient_caretaker_mappings pcm1_0 
    where
        pcm1_0.patient_id=? 
    order by
        pcm1_0.is_primary desc,
        pcm1_0.linked_at
Hibernate: 
    select
        u1_0.user_id,
        u1_0.age,
        u1_0.created_at,
        u1_0.date_of_birth,
        u1_0.district,
        u1_0.email,
        u1_0.fcm_token,
        u1_0.full_name,
        u1_0.gender,
        u1_0.hospital_name,
        u1_0.id_proof_url,
        u1_0.nuid,
        u1_0.password_hash,
        u1_0.phone_number,
        u1_0.pincode,
        u1_0.profession,
        u1_0.qr_code_token,
        u1_0.registration_number,
        u1_0.role,
        u1_0.specialization,
        u1_0.state,
        u1_0.state_council,
        u1_0.verification_status 
    from
        users u1_0 
    where
        u1_0.user_id=?
Hibernate: 
    select
        u1_0.user_id,
        u1_0.age,
        u1_0.created_at,
        u1_0.date_of_birth,
        u1_0.district,
        u1_0.email,
        u1_0.fcm_token,
        u1_0.full_name,
        u1_0.gender,
        u1_0.hospital_name,
        u1_0.id_proof_url,
        u1_0.nuid,
        u1_0.password_hash,
        u1_0.phone_number,
        u1_0.pincode,
        u1_0.profession,
        u1_0.qr_code_token,
        u1_0.registration_number,
        u1_0.role,
        u1_0.specialization,
        u1_0.state,
        u1_0.state_council,
        u1_0.verification_status 
    from
        users u1_0 
    where
        lower(u1_0.role)='patient' 
    order by
        u1_0.full_name
Hibernate: 
    select
        sc1_0.id,
        sc1_0.caretaker_approved,
        sc1_0.caretaker_approved_at,
        sc1_0.caretaker_id,
        sc1_0.connected_at,
        sc1_0.patient_approved,
        sc1_0.patient_approved_at,
        sc1_0.receiver_patient_id,
        sc1_0.request_message,
        sc1_0.requested_at,
        sc1_0.requester_patient_id,
        sc1_0.status 
    from
        social_connections sc1_0 
    where
        sc1_0.requester_patient_id=? 
        or sc1_0.receiver_patient_id=? 
    order by
        sc1_0.requested_at desc
Hibernate: 
    select
        u1_0.user_id,
        u1_0.age,
        u1_0.created_at,
        u1_0.date_of_birth,
        u1_0.district,
        u1_0.email,
        u1_0.fcm_token,
        u1_0.full_name,
        u1_0.gender,
        u1_0.hospital_name,
        u1_0.id_proof_url,
        u1_0.nuid,
        u1_0.password_hash,
        u1_0.phone_number,
        u1_0.pincode,
        u1_0.profession,
        u1_0.qr_code_token,
        u1_0.registration_number,
        u1_0.role,
        u1_0.specialization,
        u1_0.state,
        u1_0.state_council,
        u1_0.verification_status 
    from
        users u1_0 
    where
        u1_0.user_id=?
Hibernate: 
    select
        sc1_0.id,
        sc1_0.caretaker_approved,
        sc1_0.caretaker_approved_at,
        sc1_0.caretaker_id,
        sc1_0.connected_at,
        sc1_0.patient_approved,
        sc1_0.patient_approved_at,
        sc1_0.receiver_patient_id,
        sc1_0.request_message,
        sc1_0.requested_at,
        sc1_0.requester_patient_id,
        sc1_0.status 
    from
        social_connections sc1_0 
    where
        sc1_0.requester_patient_id=? 
        or sc1_0.receiver_patient_id=? 
    order by
        sc1_0.requested_at desc
Hibernate: 
    select
        u1_0.user_id,
        u1_0.age,
        u1_0.created_at,
        u1_0.date_of_birth,
        u1_0.district,
        u1_0.email,
        u1_0.fcm_token,
        u1_0.full_name,
        u1_0.gender,
        u1_0.hospital_name,
        u1_0.id_proof_url,
        u1_0.nuid,
        u1_0.password_hash,
        u1_0.phone_number,
        u1_0.pincode,
        u1_0.profession,
        u1_0.qr_code_token,
        u1_0.registration_number,
        u1_0.role,
        u1_0.specialization,
        u1_0.state,
        u1_0.state_council,
        u1_0.verification_status 
    from
        users u1_0 
    where
        u1_0.user_id=?
Hibernate: 
    select
        u1_0.user_id,
        u1_0.age,
        u1_0.created_at,
        u1_0.date_of_birth,
        u1_0.district,
        u1_0.email,
        u1_0.fcm_token,
        u1_0.full_name,
        u1_0.gender,
        u1_0.hospital_name,
        u1_0.id_proof_url,
        u1_0.nuid,
        u1_0.password_hash,
        u1_0.phone_number,
        u1_0.pincode,
        u1_0.profession,
        u1_0.qr_code_token,
        u1_0.registration_number,
        u1_0.role,
        u1_0.specialization,
        u1_0.state,
        u1_0.state_council,
        u1_0.verification_status 
    from
        users u1_0 
    where
        u1_0.user_id=?
Hibernate: 
    select
        u1_0.user_id,
        u1_0.age,
        u1_0.created_at,
        u1_0.date_of_birth,
        u1_0.district,
        u1_0.email,
        u1_0.fcm_token,
        u1_0.full_name,
        u1_0.gender,
        u1_0.hospital_name,
        u1_0.id_proof_url,
        u1_0.nuid,
        u1_0.password_hash,
        u1_0.phone_number,
        u1_0.pincode,
        u1_0.profession,
        u1_0.qr_code_token,
        u1_0.registration_number,
        u1_0.role,
        u1_0.specialization,
        u1_0.state,
        u1_0.state_council,
        u1_0.verification_status 
    from
        users u1_0 
    where
        u1_0.user_id=?
Hibernate: 
    select
        u1_0.user_id,
        u1_0.age,
        u1_0.created_at,
        u1_0.date_of_birth,
        u1_0.district,
        u1_0.email,
        u1_0.fcm_token,
        u1_0.full_name,
        u1_0.gender,
        u1_0.hospital_name,
        u1_0.id_proof_url,
        u1_0.nuid,
        u1_0.password_hash,
        u1_0.phone_number,
        u1_0.pincode,
        u1_0.profession,
        u1_0.qr_code_token,
        u1_0.registration_number,
        u1_0.role,
        u1_0.specialization,
        u1_0.state,
        u1_0.state_council,
        u1_0.verification_status 
    from
        users u1_0 
    where
        lower(u1_0.email)=lower(?)
Hibernate: 
    select
        pcm1_0.id,
        pcm1_0.caretaker_id,
        pcm1_0.is_primary,
        pcm1_0.linked_at,
        pcm1_0.patient_id,
        pcm1_0.relation 
    from
        patient_caretaker_mappings pcm1_0 
    where
        pcm1_0.patient_id=? 
    order by
        pcm1_0.is_primary desc,
        pcm1_0.linked_at
Hibernate: 
    select
        u1_0.user_id,
        u1_0.age,
        u1_0.created_at,
        u1_0.date_of_birth,
        u1_0.district,
        u1_0.email,
        u1_0.fcm_token,
        u1_0.full_name,
        u1_0.gender,
        u1_0.hospital_name,
        u1_0.id_proof_url,
        u1_0.nuid,
        u1_0.password_hash,
        u1_0.phone_number,
        u1_0.pincode,
        u1_0.profession,
        u1_0.qr_code_token,
        u1_0.registration_number,
        u1_0.role,
        u1_0.specialization,
        u1_0.state,
        u1_0.state_council,
        u1_0.verification_status 
    from
        users u1_0 
    where
        u1_0.user_id=?
Hibernate: 
    select
        u1_0.user_id,
        u1_0.age,
        u1_0.created_at,
        u1_0.date_of_birth,
        u1_0.district,
        u1_0.email,
        u1_0.fcm_token,
        u1_0.full_name,
        u1_0.gender,
        u1_0.hospital_name,
        u1_0.id_proof_url,
        u1_0.nuid,
        u1_0.password_hash,
        u1_0.phone_number,
        u1_0.pincode,
        u1_0.profession,
        u1_0.qr_code_token,
        u1_0.registration_number,
        u1_0.role,
        u1_0.specialization,
        u1_0.state,
        u1_0.state_council,
        u1_0.verification_status 
    from
        users u1_0 
    where
        lower(u1_0.email)=lower(?) 
        or u1_0.phone_number=?
Hibernate: 
    select
        pcm1_0.id,
        pcm1_0.caretaker_id,
        pcm1_0.is_primary,
        pcm1_0.linked_at,
        pcm1_0.patient_id,
        pcm1_0.relation 
    from
        patient_caretaker_mappings pcm1_0 
    where
        pcm1_0.caretaker_id=? 
    order by
        pcm1_0.linked_at desc
Hibernate: 
    select
        pcm1_0.id,
        pcm1_0.caretaker_id,
        pcm1_0.is_primary,
        pcm1_0.linked_at,
        pcm1_0.patient_id,
        pcm1_0.relation 
    from
        patient_caretaker_mappings pcm1_0 
    where
        pcm1_0.caretaker_id=? 
    order by
        pcm1_0.linked_at desc
Hibernate: 
    select
        u1_0.user_id,
        u1_0.age,
        u1_0.created_at,
        u1_0.date_of_birth,
        u1_0.district,
        u1_0.email,
        u1_0.fcm_token,
        u1_0.full_name,
        u1_0.gender,
        u1_0.hospital_name,
        u1_0.id_proof_url,
        u1_0.nuid,
        u1_0.password_hash,
        u1_0.phone_number,
        u1_0.pincode,
        u1_0.profession,
        u1_0.qr_code_token,
        u1_0.registration_number,
        u1_0.role,
        u1_0.specialization,
        u1_0.state,
        u1_0.state_council,
        u1_0.verification_status 
    from
        users u1_0 
    where
        lower(u1_0.email)=lower(?)
Hibernate: 
    select
        u1_0.user_id,
        u1_0.age,
        u1_0.created_at,
        u1_0.date_of_birth,
        u1_0.district,
        u1_0.email,
        u1_0.fcm_token,
        u1_0.full_name,
        u1_0.gender,
        u1_0.hospital_name,
        u1_0.id_proof_url,
        u1_0.nuid,
        u1_0.password_hash,
        u1_0.phone_number,
        u1_0.pincode,
        u1_0.profession,
        u1_0.qr_code_token,
        u1_0.registration_number,
        u1_0.role,
        u1_0.specialization,
        u1_0.state,
        u1_0.state_council,
        u1_0.verification_status 
    from
        users u1_0 
    where
        u1_0.user_id=?
Hibernate: 
    select
        sc1_0.id,
        sc1_0.caretaker_approved,
        sc1_0.caretaker_approved_at,
        sc1_0.caretaker_id,
        sc1_0.connected_at,
        sc1_0.patient_approved,
        sc1_0.patient_approved_at,
        sc1_0.receiver_patient_id,
        sc1_0.request_message,
        sc1_0.requested_at,
        sc1_0.requester_patient_id,
        sc1_0.status 
    from
        social_connections sc1_0 
    where
        sc1_0.receiver_patient_id in (?, ?) 
        and sc1_0.caretaker_approved=0 
        and sc1_0.status='PENDING' 
    order by
        sc1_0.requested_at desc
Hibernate: 
    select
        ea1_0.id,
        ea1_0.created_at,
        ea1_0.patient_email,
        ea1_0.patient_id,
        ea1_0.patient_name,
        ea1_0.patient_phone,
        ea1_0.primary_caretaker_name,
        ea1_0.primary_caretaker_phone,
        ea1_0.resolved_at,
        ea1_0.status 
    from
        emergency_alerts ea1_0 
    where
        ea1_0.patient_id in (select
            pcm1_0.patient_id 
        from
            patient_caretaker_mappings pcm1_0 
        where
            pcm1_0.caretaker_id=?) 
        and ea1_0.status='ACTIVE' 
    order by
        ea1_0.created_at desc
Hibernate: 
    select
        u1_0.user_id,
        u1_0.age,
        u1_0.created_at,
        u1_0.date_of_birth,
        u1_0.district,
        u1_0.email,
        u1_0.fcm_token,
        u1_0.full_name,
        u1_0.gender,
        u1_0.hospital_name,
        u1_0.id_proof_url,
        u1_0.nuid,
        u1_0.password_hash,
        u1_0.phone_number,
        u1_0.pincode,
        u1_0.profession,
        u1_0.qr_code_token,
        u1_0.registration_number,
        u1_0.role,
        u1_0.specialization,
        u1_0.state,
        u1_0.state_council,
        u1_0.verification_status 
    from
        users u1_0 
    where
        u1_0.user_id=?
Hibernate: 
    select
        u1_0.user_id,
        u1_0.age,
        u1_0.created_at,
        u1_0.date_of_birth,
        u1_0.district,
        u1_0.email,
        u1_0.fcm_token,
        u1_0.full_name,
        u1_0.gender,
        u1_0.hospital_name,
        u1_0.id_proof_url,
        u1_0.nuid,
        u1_0.password_hash,
        u1_0.phone_number,
        u1_0.pincode,
        u1_0.profession,
        u1_0.qr_code_token,
        u1_0.registration_number,
        u1_0.role,
        u1_0.specialization,
        u1_0.state,
        u1_0.state_council,
        u1_0.verification_status 
    from
        users u1_0 
    where
        lower(u1_0.email)=lower(?)
2026-09-24T00:52:33.171+05:30  INFO 11296 --- [cognitivecare-backend] [nio-8088-exec-9] c.e.backend.service.EmergencyService     : 📱 Updated FCM Token for user: 717824p120@kce.ac.in
Hibernate: 
    select
        u1_0.user_id,
        u1_0.age,
        u1_0.created_at,
        u1_0.date_of_birth,
        u1_0.district,
        u1_0.email,
        u1_0.fcm_token,
        u1_0.full_name,
        u1_0.gender,
        u1_0.hospital_name,
        u1_0.id_proof_url,
        u1_0.nuid,
        u1_0.password_hash,
        u1_0.phone_number,
        u1_0.pincode,
        u1_0.profession,
        u1_0.qr_code_token,
        u1_0.registration_number,
        u1_0.role,
        u1_0.specialization,
        u1_0.state,
        u1_0.state_council,
        u1_0.verification_status 
    from
        users u1_0 
    where
        lower(u1_0.email)=lower(?)
Hibernate: 
    select
        ea1_0.id,
        ea1_0.created_at,
        ea1_0.patient_email,
        ea1_0.patient_id,
        ea1_0.patient_name,
        ea1_0.patient_phone,
        ea1_0.primary_caretaker_name,
        ea1_0.primary_caretaker_phone,
        ea1_0.resolved_at,
        ea1_0.status 
    from
        emergency_alerts ea1_0 
    where
        ea1_0.patient_id in (select
            pcm1_0.patient_id 
        from
            patient_caretaker_mappings pcm1_0 
        where
            pcm1_0.caretaker_id=?) 
        and ea1_0.status='ACTIVE' 
    order by
        ea1_0.created_at desc
Hibernate: 
    select
        u1_0.user_id,
        u1_0.age,
        u1_0.created_at,
        u1_0.date_of_birth,
        u1_0.district,
        u1_0.email,
        u1_0.fcm_token,
        u1_0.full_name,
        u1_0.gender,
        u1_0.hospital_name,
        u1_0.id_proof_url,
        u1_0.nuid,
        u1_0.password_hash,
        u1_0.phone_number,
        u1_0.pincode,
        u1_0.profession,
        u1_0.qr_code_token,
        u1_0.registration_number,
        u1_0.role,
        u1_0.specialization,
        u1_0.state,
        u1_0.state_council,
        u1_0.verification_status 
    from
        users u1_0 
    where
        lower(u1_0.email)=lower(?)
Hibernate: 
    select
        ea1_0.id,
        ea1_0.created_at,
        ea1_0.patient_email,
        ea1_0.patient_id,
        ea1_0.patient_name,
        ea1_0.patient_phone,
        ea1_0.primary_caretaker_name,
        ea1_0.primary_caretaker_phone,
        ea1_0.resolved_at,
        ea1_0.status 
    from
        emergency_alerts ea1_0 
    where
        ea1_0.patient_id in (select
            pcm1_0.patient_id 
        from
            patient_caretaker_mappings pcm1_0 
        where
            pcm1_0.caretaker_id=?) 
        and ea1_0.status='ACTIVE' 
    order by
        ea1_0.created_at desc
Hibernate: 
    select
        u1_0.user_id,
        u1_0.age,
        u1_0.created_at,
        u1_0.date_of_birth,
        u1_0.district,
        u1_0.email,
        u1_0.fcm_token,
        u1_0.full_name,
        u1_0.gender,
        u1_0.hospital_name,
        u1_0.id_proof_url,
        u1_0.nuid,
        u1_0.password_hash,
        u1_0.phone_number,
        u1_0.pincode,
        u1_0.profession,
        u1_0.qr_code_token,
        u1_0.registration_number,
        u1_0.role,
        u1_0.specialization,
        u1_0.state,
        u1_0.state_council,
        u1_0.verification_status 
    from
        users u1_0 
    where
        lower(u1_0.email)=lower(?)
Hibernate: 
    select
        ea1_0.id,
        ea1_0.created_at,
        ea1_0.patient_email,
        ea1_0.patient_id,
        ea1_0.patient_name,
        ea1_0.patient_phone,
        ea1_0.primary_caretaker_name,
        ea1_0.primary_caretaker_phone,
        ea1_0.resolved_at,
        ea1_0.status 
    from
        emergency_alerts ea1_0 
    where
        ea1_0.patient_id in (select
            pcm1_0.patient_id 
        from
            patient_caretaker_mappings pcm1_0 
        where
            pcm1_0.caretaker_id=?) 
        and ea1_0.status='ACTIVE' 
    order by
        ea1_0.created_at desc
Hibernate: 
    select
        u1_0.user_id,
        u1_0.age,
        u1_0.created_at,
        u1_0.date_of_birth,
        u1_0.district,
        u1_0.email,
        u1_0.fcm_token,
        u1_0.full_name,
        u1_0.gender,
        u1_0.hospital_name,
        u1_0.id_proof_url,
        u1_0.nuid,
        u1_0.password_hash,
        u1_0.phone_number,
        u1_0.pincode,
        u1_0.profession,
        u1_0.qr_code_token,
        u1_0.registration_number,
        u1_0.role,
        u1_0.specialization,
        u1_0.state,
        u1_0.state_council,
        u1_0.verification_status 
    from
        users u1_0 
    where
        lower(u1_0.email)=lower(?)
Hibernate: 
    select
        ea1_0.id,
        ea1_0.created_at,
        ea1_0.patient_email,
        ea1_0.patient_id,
        ea1_0.patient_name,
        ea1_0.patient_phone,
        ea1_0.primary_caretaker_name,
        ea1_0.primary_caretaker_phone,
        ea1_0.resolved_at,
        ea1_0.status 
    from
        emergency_alerts ea1_0 
    where
        ea1_0.patient_id in (select
            pcm1_0.patient_id 
        from
            patient_caretaker_mappings pcm1_0 
        where
            pcm1_0.caretaker_id=?) 
        and ea1_0.status='ACTIVE' 
    order by
        ea1_0.created_at desc
Hibernate: 
    select
        u1_0.user_id,
        u1_0.age,
        u1_0.created_at,
        u1_0.date_of_birth,
        u1_0.district,
        u1_0.email,
        u1_0.fcm_token,
        u1_0.full_name,
        u1_0.gender,
        u1_0.hospital_name,
        u1_0.id_proof_url,
        u1_0.nuid,
        u1_0.password_hash,
        u1_0.phone_number,
        u1_0.pincode,
        u1_0.profession,
        u1_0.qr_code_token,
        u1_0.registration_number,
        u1_0.role,
        u1_0.specialization,
        u1_0.state,
        u1_0.state_council,
        u1_0.verification_status 
    from
        users u1_0 
    where
        lower(u1_0.email)=lower(?)
Hibernate: 
    select
        ea1_0.id,
        ea1_0.created_at,
        ea1_0.patient_email,
        ea1_0.patient_id,
        ea1_0.patient_name,
        ea1_0.patient_phone,
        ea1_0.primary_caretaker_name,
        ea1_0.primary_caretaker_phone,
        ea1_0.resolved_at,
        ea1_0.status 
    from
        emergency_alerts ea1_0 
    where
        ea1_0.patient_id in (select
            pcm1_0.patient_id 
        from
            patient_caretaker_mappings pcm1_0 
        where
            pcm1_0.caretaker_id=?) 
        and ea1_0.status='ACTIVE' 
    order by
        ea1_0.created_at desc
Hibernate: 
    select
        u1_0.user_id,
        u1_0.age,
        u1_0.created_at,
        u1_0.date_of_birth,
        u1_0.district,
        u1_0.email,
        u1_0.fcm_token,
        u1_0.full_name,
        u1_0.gender,
        u1_0.hospital_name,
        u1_0.id_proof_url,
        u1_0.nuid,
        u1_0.password_hash,
        u1_0.phone_number,
        u1_0.pincode,
        u1_0.profession,
        u1_0.qr_code_token,
        u1_0.registration_number,
        u1_0.role,
        u1_0.specialization,
        u1_0.state,
        u1_0.state_council,
        u1_0.verification_status 
    from
        users u1_0 
    where
        lower(u1_0.email)=lower(?)
Hibernate: 
    select
        ea1_0.id,
        ea1_0.created_at,
        ea1_0.patient_email,
        ea1_0.patient_id,
        ea1_0.patient_name,
        ea1_0.patient_phone,
        ea1_0.primary_caretaker_name,
        ea1_0.primary_caretaker_phone,
        ea1_0.resolved_at,
        ea1_0.status 
    from
        emergency_alerts ea1_0 
    where
        ea1_0.patient_id in (select
            pcm1_0.patient_id 
        from
            patient_caretaker_mappings pcm1_0 
        where
            pcm1_0.caretaker_id=?) 
        and ea1_0.status='ACTIVE' 
    order by
        ea1_0.created_at desc
Hibernate: 
    select
        u1_0.user_id,
        u1_0.age,
        u1_0.created_at,
        u1_0.date_of_birth,
        u1_0.district,
        u1_0.email,
        u1_0.fcm_token,
        u1_0.full_name,
        u1_0.gender,
        u1_0.hospital_name,
        u1_0.id_proof_url,
        u1_0.nuid,
        u1_0.password_hash,
        u1_0.phone_number,
        u1_0.pincode,
        u1_0.profession,
        u1_0.qr_code_token,
        u1_0.registration_number,
        u1_0.role,
        u1_0.specialization,
        u1_0.state,
        u1_0.state_council,
        u1_0.verification_status 
    from
        users u1_0 
    where
        lower(u1_0.email)=lower(?)
Hibernate: 
    select
        ea1_0.id,
        ea1_0.created_at,
        ea1_0.patient_email,
        ea1_0.patient_id,
        ea1_0.patient_name,
        ea1_0.patient_phone,
        ea1_0.primary_caretaker_name,
        ea1_0.primary_caretaker_phone,
        ea1_0.resolved_at,
        ea1_0.status 
    from
        emergency_alerts ea1_0 
    where
        ea1_0.patient_id in (select
            pcm1_0.patient_id 
        from
            patient_caretaker_mappings pcm1_0 
        where
            pcm1_0.caretaker_id=?) 
        and ea1_0.status='ACTIVE' 
    order by
        ea1_0.created_at desc
Hibernate: 
    select
        u1_0.user_id,
        u1_0.age,
        u1_0.created_at,
        u1_0.date_of_birth,
        u1_0.district,
        u1_0.email,
        u1_0.fcm_token,
        u1_0.full_name,
        u1_0.gender,
        u1_0.hospital_name,
        u1_0.id_proof_url,
        u1_0.nuid,
        u1_0.password_hash,
        u1_0.phone_number,
        u1_0.pincode,
        u1_0.profession,
        u1_0.qr_code_token,
        u1_0.registration_number,
        u1_0.role,
        u1_0.specialization,
        u1_0.state,
        u1_0.state_council,
        u1_0.verification_status 
    from
        users u1_0 
    where
        lower(u1_0.email)=lower(?)
Hibernate: 
    select
        ea1_0.id,
        ea1_0.created_at,
        ea1_0.patient_email,
        ea1_0.patient_id,
        ea1_0.patient_name,
        ea1_0.patient_phone,
        ea1_0.primary_caretaker_name,
        ea1_0.primary_caretaker_phone,
        ea1_0.resolved_at,
        ea1_0.status 
    from
        emergency_alerts ea1_0 
    where
        ea1_0.patient_id in (select
            pcm1_0.patient_id 
        from
            patient_caretaker_mappings pcm1_0 
        where
            pcm1_0.caretaker_id=?) 
        and ea1_0.status='ACTIVE' 
    order by
        ea1_0.created_at desc
Hibernate: 
    select
        u1_0.user_id,
        u1_0.age,
        u1_0.created_at,
        u1_0.date_of_birth,
        u1_0.district,
        u1_0.email,
        u1_0.fcm_token,
        u1_0.full_name,
        u1_0.gender,
        u1_0.hospital_name,
        u1_0.id_proof_url,
        u1_0.nuid,
        u1_0.password_hash,
        u1_0.phone_number,
        u1_0.pincode,
        u1_0.profession,
        u1_0.qr_code_token,
        u1_0.registration_number,
        u1_0.role,
        u1_0.specialization,
        u1_0.state,
        u1_0.state_council,
        u1_0.verification_status 
    from
        users u1_0 
    where
        u1_0.role='HEALTHCARE_WORKER' 
        and u1_0.verification_status='APPROVED' 
        and (
            ? is null 
            or lower(u1_0.state)=lower(?)
        ) 
        and (
            ? is null 
            or lower(u1_0.district)=lower(?)
        )
Hibernate: 
    select
        u1_0.user_id,
        u1_0.age,
        u1_0.created_at,
        u1_0.date_of_birth,
        u1_0.district,
        u1_0.email,
        u1_0.fcm_token,
        u1_0.full_name,
        u1_0.gender,
        u1_0.hospital_name,
        u1_0.id_proof_url,
        u1_0.nuid,
        u1_0.password_hash,
        u1_0.phone_number,
        u1_0.pincode,
        u1_0.profession,
        u1_0.qr_code_token,
        u1_0.registration_number,
        u1_0.role,
        u1_0.specialization,
        u1_0.state,
        u1_0.state_council,
        u1_0.verification_status 
    from
        users u1_0 
    where
        lower(u1_0.email)=lower(?)
Hibernate: 
    select
        ea1_0.id,
        ea1_0.created_at,
        ea1_0.patient_email,
        ea1_0.patient_id,
        ea1_0.patient_name,
        ea1_0.patient_phone,
        ea1_0.primary_caretaker_name,
        ea1_0.primary_caretaker_phone,
        ea1_0.resolved_at,
        ea1_0.status 
    from
        emergency_alerts ea1_0 
    where
        ea1_0.patient_id in (select
            pcm1_0.patient_id 
        from
            patient_caretaker_mappings pcm1_0 
        where
            pcm1_0.caretaker_id=?) 
        and ea1_0.status='ACTIVE' 
    order by
        ea1_0.created_at desc
Hibernate: 
    select
        u1_0.user_id,
        u1_0.age,
        u1_0.created_at,
        u1_0.date_of_birth,
        u1_0.district,
        u1_0.email,
        u1_0.fcm_token,
        u1_0.full_name,
        u1_0.gender,
        u1_0.hospital_name,
        u1_0.id_proof_url,
        u1_0.nuid,
        u1_0.password_hash,
        u1_0.phone_number,
        u1_0.pincode,
        u1_0.profession,
        u1_0.qr_code_token,
        u1_0.registration_number,
        u1_0.role,
        u1_0.specialization,
        u1_0.state,
        u1_0.state_council,
        u1_0.verification_status 
    from
        users u1_0 
    where
        lower(u1_0.email)=lower(?) 
        or u1_0.phone_number=?
Hibernate: 
    select
        u1_0.user_id,
        u1_0.age,
        u1_0.created_at,
        u1_0.date_of_birth,
        u1_0.district,
        u1_0.email,
        u1_0.fcm_token,
        u1_0.full_name,
        u1_0.gender,
        u1_0.hospital_name,
        u1_0.id_proof_url,
        u1_0.nuid,
        u1_0.password_hash,
        u1_0.phone_number,
        u1_0.pincode,
        u1_0.profession,
        u1_0.qr_code_token,
        u1_0.registration_number,
        u1_0.role,
        u1_0.specialization,
        u1_0.state,
        u1_0.state_council,
        u1_0.verification_status 
    from
        users u1_0 
    where
        u1_0.user_id=?
Hibernate: 
    select
        u1_0.user_id,
        u1_0.age,
        u1_0.created_at,
        u1_0.date_of_birth,
        u1_0.district,
        u1_0.email,
        u1_0.fcm_token,
        u1_0.full_name,
        u1_0.gender,
        u1_0.hospital_name,
        u1_0.id_proof_url,
        u1_0.nuid,
        u1_0.password_hash,
        u1_0.phone_number,
        u1_0.pincode,
        u1_0.profession,
        u1_0.qr_code_token,
        u1_0.registration_number,
        u1_0.role,
        u1_0.specialization,
        u1_0.state,
        u1_0.state_council,
        u1_0.verification_status 
    from
        users u1_0 
    where
        lower(u1_0.email)=lower(?)
Hibernate: 
    select
        pcm1_0.id,
        pcm1_0.caretaker_id,
        pcm1_0.is_primary,
        pcm1_0.linked_at,
        pcm1_0.patient_id,
        pcm1_0.relation 
    from
        patient_caretaker_mappings pcm1_0 
    where
        pcm1_0.patient_id=? 
    order by
        pcm1_0.is_primary desc,
        pcm1_0.linked_at
Hibernate: 
    select
        u1_0.user_id,
        u1_0.age,
        u1_0.created_at,
        u1_0.date_of_birth,
        u1_0.district,
        u1_0.email,
        u1_0.fcm_token,
        u1_0.full_name,
        u1_0.gender,
        u1_0.hospital_name,
        u1_0.id_proof_url,
        u1_0.nuid,
        u1_0.password_hash,
        u1_0.phone_number,
        u1_0.pincode,
        u1_0.profession,
        u1_0.qr_code_token,
        u1_0.registration_number,
        u1_0.role,
        u1_0.specialization,
        u1_0.state,
        u1_0.state_council,
        u1_0.verification_status 
    from
        users u1_0 
    where
        u1_0.user_id=?
Hibernate: 
    select
        u1_0.user_id,
        u1_0.age,
        u1_0.created_at,
        u1_0.date_of_birth,
        u1_0.district,
        u1_0.email,
        u1_0.fcm_token,
        u1_0.full_name,
        u1_0.gender,
        u1_0.hospital_name,
        u1_0.id_proof_url,
        u1_0.nuid,
        u1_0.password_hash,
        u1_0.phone_number,
        u1_0.pincode,
        u1_0.profession,
        u1_0.qr_code_token,
        u1_0.registration_number,
        u1_0.role,
        u1_0.specialization,
        u1_0.state,
        u1_0.state_council,
        u1_0.verification_status 
    from
        users u1_0 
    where
        u1_0.user_id=?
Hibernate: 
    select
        u1_0.user_id,
        u1_0.age,
        u1_0.created_at,
        u1_0.date_of_birth,
        u1_0.district,
        u1_0.email,
        u1_0.fcm_token,
        u1_0.full_name,
        u1_0.gender,
        u1_0.hospital_name,
        u1_0.id_proof_url,
        u1_0.nuid,
        u1_0.password_hash,
        u1_0.phone_number,
        u1_0.pincode,
        u1_0.profession,
        u1_0.qr_code_token,
        u1_0.registration_number,
        u1_0.role,
        u1_0.specialization,
        u1_0.state,
        u1_0.state_council,
        u1_0.verification_status 
    from
        users u1_0 
    where
        lower(u1_0.email)=lower(?)
Hibernate: 
    select
        pcm1_0.id,
        pcm1_0.caretaker_id,
        pcm1_0.is_primary,
        pcm1_0.linked_at,
        pcm1_0.patient_id,
        pcm1_0.relation 
    from
        patient_caretaker_mappings pcm1_0 
    where
        pcm1_0.patient_id=? 
    order by
        pcm1_0.is_primary desc,
        pcm1_0.linked_at
Hibernate: 
    select
        u1_0.user_id,
        u1_0.age,
        u1_0.created_at,
        u1_0.date_of_birth,
        u1_0.district,
        u1_0.email,
        u1_0.fcm_token,
        u1_0.full_name,
        u1_0.gender,
        u1_0.hospital_name,
        u1_0.id_proof_url,
        u1_0.nuid,
        u1_0.password_hash,
        u1_0.phone_number,
        u1_0.pincode,
        u1_0.profession,
        u1_0.qr_code_token,
        u1_0.registration_number,
        u1_0.role,
        u1_0.specialization,
        u1_0.state,
        u1_0.state_council,
        u1_0.verification_status 
    from
        users u1_0 
    where
        u1_0.user_id=?
Hibernate: 
    select
        u1_0.user_id,
        u1_0.age,
        u1_0.created_at,
        u1_0.date_of_birth,
        u1_0.district,
        u1_0.email,
        u1_0.fcm_token,
        u1_0.full_name,
        u1_0.gender,
        u1_0.hospital_name,
        u1_0.id_proof_url,
        u1_0.nuid,
        u1_0.password_hash,
        u1_0.phone_number,
        u1_0.pincode,
        u1_0.profession,
        u1_0.qr_code_token,
        u1_0.registration_number,
        u1_0.role,
        u1_0.specialization,
        u1_0.state,
        u1_0.state_council,
        u1_0.verification_status 
    from
        users u1_0 
    where
        u1_0.user_id=?
Hibernate: 
    select
        u1_0.user_id,
        u1_0.age,
        u1_0.created_at,
        u1_0.date_of_birth,
        u1_0.district,
        u1_0.email,
        u1_0.fcm_token,
        u1_0.full_name,
        u1_0.gender,
        u1_0.hospital_name,
        u1_0.id_proof_url,
        u1_0.nuid,
        u1_0.password_hash,
        u1_0.phone_number,
        u1_0.pincode,
        u1_0.profession,
        u1_0.qr_code_token,
        u1_0.registration_number,
        u1_0.role,
        u1_0.specialization,
        u1_0.state,
        u1_0.state_council,
        u1_0.verification_status 
    from
        users u1_0 
    where
        lower(u1_0.email)=lower(?)
Hibernate: 
    select
        pcm1_0.id,
        pcm1_0.caretaker_id,
        pcm1_0.is_primary,
        pcm1_0.linked_at,
        pcm1_0.patient_id,
        pcm1_0.relation 
    from
        patient_caretaker_mappings pcm1_0 
    where
        pcm1_0.patient_id=? 
    order by
        pcm1_0.is_primary desc,
        pcm1_0.linked_at
Hibernate: 
    select
        u1_0.user_id,
        u1_0.age,
        u1_0.created_at,
        u1_0.date_of_birth,
        u1_0.district,
        u1_0.email,
        u1_0.fcm_token,
        u1_0.full_name,
        u1_0.gender,
        u1_0.hospital_name,
        u1_0.id_proof_url,
        u1_0.nuid,
        u1_0.password_hash,
        u1_0.phone_number,
        u1_0.pincode,
        u1_0.profession,
        u1_0.qr_code_token,
        u1_0.registration_number,
        u1_0.role,
        u1_0.specialization,
        u1_0.state,
        u1_0.state_council,
        u1_0.verification_status 
    from
        users u1_0 
    where
        u1_0.user_id=?
Hibernate: 
    select
        u1_0.user_id,
        u1_0.age,
        u1_0.created_at,
        u1_0.date_of_birth,
        u1_0.district,
        u1_0.email,
        u1_0.fcm_token,
        u1_0.full_name,
        u1_0.gender,
        u1_0.hospital_name,
        u1_0.id_proof_url,
        u1_0.nuid,
        u1_0.password_hash,
        u1_0.phone_number,
        u1_0.pincode,
        u1_0.profession,
        u1_0.qr_code_token,
        u1_0.registration_number,
        u1_0.role,
        u1_0.specialization,
        u1_0.state,
        u1_0.state_council,
        u1_0.verification_status 
    from
        users u1_0 
    where
        u1_0.user_id=?
Hibernate: 
    select
        u1_0.user_id,
        u1_0.age,
        u1_0.created_at,
        u1_0.date_of_birth,
        u1_0.district,
        u1_0.email,
        u1_0.fcm_token,
        u1_0.full_name,
        u1_0.gender,
        u1_0.hospital_name,
        u1_0.id_proof_url,
        u1_0.nuid,
        u1_0.password_hash,
        u1_0.phone_number,
        u1_0.pincode,
        u1_0.profession,
        u1_0.qr_code_token,
        u1_0.registration_number,
        u1_0.role,
        u1_0.specialization,
        u1_0.state,
        u1_0.state_council,
        u1_0.verification_status 
    from
        users u1_0 
    where
        lower(u1_0.email)=lower(?)
Hibernate: 
    select
        pcm1_0.id,
        pcm1_0.caretaker_id,
        pcm1_0.is_primary,
        pcm1_0.linked_at,
        pcm1_0.patient_id,
        pcm1_0.relation 
    from
        patient_caretaker_mappings pcm1_0 
    where
        pcm1_0.patient_id=? 
    order by
        pcm1_0.is_primary desc,
        pcm1_0.linked_at
Hibernate: 
    select
        u1_0.user_id,
        u1_0.age,
        u1_0.created_at,
        u1_0.date_of_birth,
        u1_0.district,
        u1_0.email,
        u1_0.fcm_token,
        u1_0.full_name,
        u1_0.gender,
        u1_0.hospital_name,
        u1_0.id_proof_url,
        u1_0.nuid,
        u1_0.password_hash,
        u1_0.phone_number,
        u1_0.pincode,
        u1_0.profession,
        u1_0.qr_code_token,
        u1_0.registration_number,
        u1_0.role,
        u1_0.specialization,
        u1_0.state,
        u1_0.state_council,
        u1_0.verification_status 
    from
        users u1_0 
    where
        u1_0.user_id=?
Hibernate: 
    select
        u1_0.user_id,
        u1_0.age,
        u1_0.created_at,
        u1_0.date_of_birth,
        u1_0.district,
        u1_0.email,
        u1_0.fcm_token,
        u1_0.full_name,
        u1_0.gender,
        u1_0.hospital_name,
        u1_0.id_proof_url,
        u1_0.nuid,
        u1_0.password_hash,
        u1_0.phone_number,
        u1_0.pincode,
        u1_0.profession,
        u1_0.qr_code_token,
        u1_0.registration_number,
        u1_0.role,
        u1_0.specialization,
        u1_0.state,
        u1_0.state_council,
        u1_0.verification_status 
    from
        users u1_0 
    where
        lower(u1_0.email)=lower(?) 
        or u1_0.phone_number=?
2026-09-24T01:24:12.424+05:30  WARN 11296 --- [cognitivecare-backend] [nio-8088-exec-5] o.h.engine.jdbc.spi.SqlExceptionHelper   : SQL Warning Code: 28002, SQLState: 99999
2026-09-24T01:24:12.425+05:30  WARN 11296 --- [cognitivecare-backend] [nio-8088-exec-5] o.h.engine.jdbc.spi.SqlExceptionHelper   : ORA-28002: the password will expire within 0 days

https://docs.oracle.com/error-help/db/ora-28002/
Hibernate: 
    select
        u1_0.user_id,
        u1_0.age,
        u1_0.created_at,
        u1_0.date_of_birth,
        u1_0.district,
        u1_0.email,
        u1_0.fcm_token,
        u1_0.full_name,
        u1_0.gender,
        u1_0.hospital_name,
        u1_0.id_proof_url,
        u1_0.nuid,
        u1_0.password_hash,
        u1_0.phone_number,
        u1_0.pincode,
        u1_0.profession,
        u1_0.qr_code_token,
        u1_0.registration_number,
        u1_0.role,
        u1_0.specialization,
        u1_0.state,
        u1_0.state_council,
        u1_0.verification_status 
    from
        users u1_0 
    where
        u1_0.user_id=?
Hibernate: 
    select
        u1_0.user_id,
        u1_0.age,
        u1_0.created_at,
        u1_0.date_of_birth,
        u1_0.district,
        u1_0.email,
        u1_0.fcm_token,
        u1_0.full_name,
        u1_0.gender,
        u1_0.hospital_name,
        u1_0.id_proof_url,
        u1_0.nuid,
        u1_0.password_hash,
        u1_0.phone_number,
        u1_0.pincode,
        u1_0.profession,
        u1_0.qr_code_token,
        u1_0.registration_number,
        u1_0.role,
        u1_0.specialization,
        u1_0.state,
        u1_0.state_council,
        u1_0.verification_status 
    from
        users u1_0 
    where
        lower(u1_0.email)=lower(?)
Hibernate: 
    select
        pcm1_0.id,
        pcm1_0.caretaker_id,
        pcm1_0.is_primary,
        pcm1_0.linked_at,
        pcm1_0.patient_id,
        pcm1_0.relation 
    from
        patient_caretaker_mappings pcm1_0 
    where
        pcm1_0.patient_id=? 
    order by
        pcm1_0.is_primary desc,
        pcm1_0.linked_at
Hibernate: 
    select
        u1_0.user_id,
        u1_0.age,
        u1_0.created_at,
        u1_0.date_of_birth,
        u1_0.district,
        u1_0.email,
        u1_0.fcm_token,
        u1_0.full_name,
        u1_0.gender,
        u1_0.hospital_name,
        u1_0.id_proof_url,
        u1_0.nuid,
        u1_0.password_hash,
        u1_0.phone_number,
        u1_0.pincode,
        u1_0.profession,
        u1_0.qr_code_token,
        u1_0.registration_number,
        u1_0.role,
        u1_0.specialization,
        u1_0.state,
        u1_0.state_council,
        u1_0.verification_status 
    from
        users u1_0 
    where
        u1_0.user_id=?
Hibernate: 
    select
        gsl1_0.session_id,
        gsl1_0.accuracy_percentage,
        gsl1_0.ai_confidence,
        gsl1_0.ai_recommended_level,
        gsl1_0.completion_time_seconds,
        gsl1_0.difficulty_level,
        gsl1_0.game_title,
        gsl1_0.mistakes_count,
        gsl1_0.patient_id,
        gsl1_0.patient_name,
        gsl1_0.played_at,
        gsl1_0.score 
    from
        game_session_logs gsl1_0 
    where
        gsl1_0.session_id=?
Hibernate: 
    insert 
    into
        game_session_logs
        (accuracy_percentage, ai_confidence, ai_recommended_level, completion_time_seconds, difficulty_level, game_title, mistakes_count, patient_id, patient_name, played_at, score, session_id) 
    values
        (?, ?, ?, ?, ?, ?, ?, ?, ?, ?, ?, ?)
2026-09-24T01:24:52.388+05:30  WARN 11296 --- [cognitivecare-backend] [nio-8088-exec-7] o.h.engine.jdbc.spi.SqlExceptionHelper   : SQL Warning Code: 28002, SQLState: 99999
2026-09-24T01:24:52.389+05:30  WARN 11296 --- [cognitivecare-backend] [nio-8088-exec-7] o.h.engine.jdbc.spi.SqlExceptionHelper   : ORA-28002: the password will expire within 0 days

https://docs.oracle.com/error-help/db/ora-28002/
Hibernate: 
    select
        u1_0.user_id,
        u1_0.age,
        u1_0.created_at,
        u1_0.date_of_birth,
        u1_0.district,
        u1_0.email,
        u1_0.fcm_token,
        u1_0.full_name,
        u1_0.gender,
        u1_0.hospital_name,
        u1_0.id_proof_url,
        u1_0.nuid,
        u1_0.password_hash,
        u1_0.phone_number,
        u1_0.pincode,
        u1_0.profession,
        u1_0.qr_code_token,
        u1_0.registration_number,
        u1_0.role,
        u1_0.specialization,
        u1_0.state,
        u1_0.state_council,
        u1_0.verification_status 
    from
        users u1_0 
    where
        u1_0.user_id=?
Hibernate: 
    select
        u1_0.user_id,
        u1_0.age,
        u1_0.created_at,
        u1_0.date_of_birth,
        u1_0.district,
        u1_0.email,
        u1_0.fcm_token,
        u1_0.full_name,
        u1_0.gender,
        u1_0.hospital_name,
        u1_0.id_proof_url,
        u1_0.nuid,
        u1_0.password_hash,
        u1_0.phone_number,
        u1_0.pincode,
        u1_0.profession,
        u1_0.qr_code_token,
        u1_0.registration_number,
        u1_0.role,
        u1_0.specialization,
        u1_0.state,
        u1_0.state_council,
        u1_0.verification_status 
    from
        users u1_0 
    where
        lower(u1_0.email)=lower(?)
Hibernate: 
    select
        pcm1_0.id,
        pcm1_0.caretaker_id,
        pcm1_0.is_primary,
        pcm1_0.linked_at,
        pcm1_0.patient_id,
        pcm1_0.relation 
    from
        patient_caretaker_mappings pcm1_0 
    where
        pcm1_0.patient_id=? 
    order by
        pcm1_0.is_primary desc,
        pcm1_0.linked_at
Hibernate: 
    select
        u1_0.user_id,
        u1_0.age,
        u1_0.created_at,
        u1_0.date_of_birth,
        u1_0.district,
        u1_0.email,
        u1_0.fcm_token,
        u1_0.full_name,
        u1_0.gender,
        u1_0.hospital_name,
        u1_0.id_proof_url,
        u1_0.nuid,
        u1_0.password_hash,
        u1_0.phone_number,
        u1_0.pincode,
        u1_0.profession,
        u1_0.qr_code_token,
        u1_0.registration_number,
        u1_0.role,
        u1_0.specialization,
        u1_0.state,
        u1_0.state_council,
        u1_0.verification_status 
    from
        users u1_0 
    where
        u1_0.user_id=?
2026-09-24T01:25:32.815+05:30  WARN 11296 --- [cognitivecare-backend] [nio-8088-exec-9] o.h.engine.jdbc.spi.SqlExceptionHelper   : SQL Warning Code: 28002, SQLState: 99999
2026-09-24T01:25:32.815+05:30  WARN 11296 --- [cognitivecare-backend] [nio-8088-exec-9] o.h.engine.jdbc.spi.SqlExceptionHelper   : ORA-28002: the password will expire within 0 days

https://docs.oracle.com/error-help/db/ora-28002/
Hibernate: 
    select
        u1_0.user_id,
        u1_0.age,
        u1_0.created_at,
        u1_0.date_of_birth,
        u1_0.district,
        u1_0.email,
        u1_0.fcm_token,
        u1_0.full_name,
        u1_0.gender,
        u1_0.hospital_name,
        u1_0.id_proof_url,
        u1_0.nuid,
        u1_0.password_hash,
        u1_0.phone_number,
        u1_0.pincode,
        u1_0.profession,
        u1_0.qr_code_token,
        u1_0.registration_number,
        u1_0.role,
        u1_0.specialization,
        u1_0.state,
        u1_0.state_council,
        u1_0.verification_status 
    from
        users u1_0 
    where
        u1_0.user_id=?
Hibernate: 
    select
        u1_0.user_id,
        u1_0.age,
        u1_0.created_at,
        u1_0.date_of_birth,
        u1_0.district,
        u1_0.email,
        u1_0.fcm_token,
        u1_0.full_name,
        u1_0.gender,
        u1_0.hospital_name,
        u1_0.id_proof_url,
        u1_0.nuid,
        u1_0.password_hash,
        u1_0.phone_number,
        u1_0.pincode,
        u1_0.profession,
        u1_0.qr_code_token,
        u1_0.registration_number,
        u1_0.role,
        u1_0.specialization,
        u1_0.state,
        u1_0.state_council,
        u1_0.verification_status 
    from
        users u1_0 
    where
        lower(u1_0.email)=lower(?)
Hibernate: 
    select
        pcm1_0.id,
        pcm1_0.caretaker_id,
        pcm1_0.is_primary,
        pcm1_0.linked_at,
        pcm1_0.patient_id,
        pcm1_0.relation 
    from
        patient_caretaker_mappings pcm1_0 
    where
        pcm1_0.patient_id=? 
    order by
        pcm1_0.is_primary desc,
        pcm1_0.linked_at
Hibernate: 
    select
        u1_0.user_id,
        u1_0.age,
        u1_0.created_at,
        u1_0.date_of_birth,
        u1_0.district,
        u1_0.email,
        u1_0.fcm_token,
        u1_0.full_name,
        u1_0.gender,
        u1_0.hospital_name,
        u1_0.id_proof_url,
        u1_0.nuid,
        u1_0.password_hash,
        u1_0.phone_number,
        u1_0.pincode,
        u1_0.profession,
        u1_0.qr_code_token,
        u1_0.registration_number,
        u1_0.role,
        u1_0.specialization,
        u1_0.state,
        u1_0.state_council,
        u1_0.verification_status 
    from
        users u1_0 
    where
        u1_0.user_id=?
2026-09-24T01:25:39.429+05:30  WARN 11296 --- [cognitivecare-backend] [nio-8088-exec-3] o.h.engine.jdbc.spi.SqlExceptionHelper   : SQL Warning Code: 28002, SQLState: 99999
2026-09-24T01:25:39.429+05:30  WARN 11296 --- [cognitivecare-backend] [nio-8088-exec-3] o.h.engine.jdbc.spi.SqlExceptionHelper   : ORA-28002: the password will expire within 0 days

https://docs.oracle.com/error-help/db/ora-28002/
Hibernate: 
    select
        u1_0.user_id,
        u1_0.age,
        u1_0.created_at,
        u1_0.date_of_birth,
        u1_0.district,
        u1_0.email,
        u1_0.fcm_token,
        u1_0.full_name,
        u1_0.gender,
        u1_0.hospital_name,
        u1_0.id_proof_url,
        u1_0.nuid,
        u1_0.password_hash,
        u1_0.phone_number,
        u1_0.pincode,
        u1_0.profession,
        u1_0.qr_code_token,
        u1_0.registration_number,
        u1_0.role,
        u1_0.specialization,
        u1_0.state,
        u1_0.state_council,
        u1_0.verification_status 
    from
        users u1_0 
    where
        lower(u1_0.email)=lower(?) 
        or u1_0.phone_number=?
Hibernate: 
    select
        u1_0.user_id,
        u1_0.age,
        u1_0.created_at,
        u1_0.date_of_birth,
        u1_0.district,
        u1_0.email,
        u1_0.fcm_token,
        u1_0.full_name,
        u1_0.gender,
        u1_0.hospital_name,
        u1_0.id_proof_url,
        u1_0.nuid,
        u1_0.password_hash,
        u1_0.phone_number,
        u1_0.pincode,
        u1_0.profession,
        u1_0.qr_code_token,
        u1_0.registration_number,
        u1_0.role,
        u1_0.specialization,
        u1_0.state,
        u1_0.state_council,
        u1_0.verification_status 
    from
        users u1_0 
    where
        u1_0.user_id=?
Hibernate: 
    select
        u1_0.user_id,
        u1_0.age,
        u1_0.created_at,
        u1_0.date_of_birth,
        u1_0.district,
        u1_0.email,
        u1_0.fcm_token,
        u1_0.full_name,
        u1_0.gender,
        u1_0.hospital_name,
        u1_0.id_proof_url,
        u1_0.nuid,
        u1_0.password_hash,
        u1_0.phone_number,
        u1_0.pincode,
        u1_0.profession,
        u1_0.qr_code_token,
        u1_0.registration_number,
        u1_0.role,
        u1_0.specialization,
        u1_0.state,
        u1_0.state_council,
        u1_0.verification_status 
    from
        users u1_0 
    where
        lower(u1_0.email)=lower(?)
Hibernate: 
    select
        pcm1_0.id,
        pcm1_0.caretaker_id,
        pcm1_0.is_primary,
        pcm1_0.linked_at,
        pcm1_0.patient_id,
        pcm1_0.relation 
    from
        patient_caretaker_mappings pcm1_0 
    where
        pcm1_0.patient_id=? 
    order by
        pcm1_0.is_primary desc,
        pcm1_0.linked_at
Hibernate: 
    select
        u1_0.user_id,
        u1_0.age,
        u1_0.created_at,
        u1_0.date_of_birth,
        u1_0.district,
        u1_0.email,
        u1_0.fcm_token,
        u1_0.full_name,
        u1_0.gender,
        u1_0.hospital_name,
        u1_0.id_proof_url,
        u1_0.nuid,
        u1_0.password_hash,
        u1_0.phone_number,
        u1_0.pincode,
        u1_0.profession,
        u1_0.qr_code_token,
        u1_0.registration_number,
        u1_0.role,
        u1_0.specialization,
        u1_0.state,
        u1_0.state_council,
        u1_0.verification_status 
    from
        users u1_0 
    where
        u1_0.user_id=?
Hibernate: 
    select
        gsl1_0.session_id,
        gsl1_0.accuracy_percentage,
        gsl1_0.ai_confidence,
        gsl1_0.ai_recommended_level,
        gsl1_0.completion_time_seconds,
        gsl1_0.difficulty_level,
        gsl1_0.game_title,
        gsl1_0.mistakes_count,
        gsl1_0.patient_id,
        gsl1_0.patient_name,
        gsl1_0.played_at,
        gsl1_0.score 
    from
        game_session_logs gsl1_0 
    where
        gsl1_0.session_id=?
Hibernate: 
    insert 
    into
        game_session_logs
        (accuracy_percentage, ai_confidence, ai_recommended_level, completion_time_seconds, difficulty_level, game_title, mistakes_count, patient_id, patient_name, played_at, score, session_id) 
    values
        (?, ?, ?, ?, ?, ?, ?, ?, ?, ?, ?, ?)
