accuracy_rate,avg_reaction_time_ms,error_count,completion_time_sec,consistency_score,level_played,cognitive_state
0.8697954694074328,743.2492957751143,0,24.543236661586548,0.8611216722014352,2,0
0.45172013109738524,1846.8061743083715,7,67.59087846350104,0.595140597454413,2,1
0.6428750774427223,1271.2603538050791,5,63.118965041664886,0.6076882743902862,3,1
0.8376779538629275,458.8867885801862,1,23.81844566454859,0.9499128274864597,2,0
0.9974900580974864,815.8476412637893,1,15.933675796522806,0.8491451832216547,3,0
0.8525957307589074,698.6914869440718,0,27.11700185891572,0.8528617544045185,1,0
0.7879756733780736,910.1775403712036,0,21.895822065146604,0.8284638762294857,3,0
0.7483740157055048,1334.61108741258,6,53.32018216676319,0.5671869655212604,2,1
0.4934896006492564,1908.9733340549178,5,54.958308303959456,0.5503041429589728,3,1
0.7979668311796857,400.0,1,35.59874347922537,0.9634637701809136,2,0
0.5965724938631252,2021.9283278635417,9,50.39372548621476,0.5910608629526206,2,1
0.9730116387942783,618.7365072656332,2,32.11876622398195,0.9745677413433873,1,0
0.8590316322838292,907.5875670895205,3,32.806093975928256,0.9699602614052816,1,0
0.7545275459552101,804.2325087983191,2,18.99026880705761,0.8190402032409321,2,0
0.5287673308723282,2636.6874170010506,4,61.051737897717345,0.615548101290348,2,1
0.4708640319527091,1897.1086401795721,4,51.470706748912605,0.7150910138482196,3,1
0.7544684836833535,727.782417965286,1,17.11135929568328,0.876476226872242,3,0
0.615138433625577,2036.156744358071,3,31.37181324614427,0.6949466185903475,1,1
0.8540384995449404,1235.2786054416406,0,27.346482097999207,0.8364461415454484,2,0
0.9861830055728525,938.1271182530048,0,20.6878777351067,0.9089720669516019,2,0
0.8171693398462365,632.2788400553502,0,24.208134147809265,0.9223415236053143,2,0
0.5492047847523619,1738.768423651438,2,79.29399183138902,0.755149519567822,2,1
0.9693652156575951,1025.1261867292,2,27.54938889943489,0.8336254216742898,1,0
0.8028620017491361,937.9412335220791,0,27.527918765394617,0.9017311861203088,1,0
0.4404430618336811,3614.509781935433,5,130.05298443340183,0.4510488413166479,1,2
0.8840240915860301,839.2547942446671,3,19.482238369374656,0.8438910379452693,3,0
0.23370985851561232,2648.9866591200193,8,98.29469518734814,0.46528508392990486,1,2
0.7790181601267291,956.0322317639213,1,30.212051628035063,0.8454936803747216,2,0
0.4435233818050933,3396.7880868995867,6,121.10477467321552,0.3948903437247038,1,2
0.7613615950853645,894.8851375616011,1,26.206740752209157,0.8716477713387373,2,0
0.9599505714089043,986.9540129113782,2,26.700268014410575,0.8355652254490973,2,0
0.9441032401854992,826.0779327912733,1,38.63521865139814,0.9544323419715515,3,0
0.4706863460161629,2417.9042841198416,8,110.58582265009598,0.27804417046243934,1,2
0.10035269076324829,3354.4392107743615,12,103.66704075508167,0.448136176686707,1,2
0.9503842779707474,972.3322122494033,0,14.8977662478041,0.9715483855087721,3,0
0.5572670027911639,2108.1970130076834,5,77.64734274646823,0.622207107331286,2,1
0.5472812557224781,2068.6036944504162,4,51.092705365912785,0.6644142508515631,2,1
0.37770182520781015,3006.967772183028,8,89.29192593687644,0.5440047305847925,1,2
0.22683001255054258,3506.0272190810624,9,111.1809889268372,0.2717382832134831,3,2
0.6883604286787477,2461.257527832529,6,67.7869533338268,0.7966662714764265,2,1
0.5472240388960181,1707.4341755660814,3,47.708829828347746,0.6956074374239002,1,1
0.3046351049067123,2487.59000909074,15,100.67997398679607,0.2099679205118823,1,2
0.7616126031799995,1129.727469885743,0,36.72826718356773,0.8748649759278889,3,0
0.8856740207895621,749.6417899809632,1,25.833656858224096,0.831370162130245,3,0
0.8951470875695109,530.7624275523813,1,21.70463116302761,0.8873455858267809,2,0
0.3760917414036159,3250.2261546566187,12,91.03099818060474,0.33532739427426095,3,2
0.2809215615347388,2690.8228562199574,8,69.47932493852332,0.5410281762206401,1,2
0.40674350212809174,4095.756174569467,9,119.75887508218295,0.2926633222341712,1,2
0.7773185997451626,1756.8456837533506,5,51.75095810133162,0.6050310702723736,1,1
0.5687873032114413,2430.6468089725613,7,79.82716427705351,0.670275744453103,2,1
0.2945928429443845,3678.5369938182353,16,91.99888695181284,0.4915380386335888,2,2
0.3126420526601597,3867.0163413324262,7,125.15756920691811,0.5354919114389848,1,2
0.7475232566492547,1704.0942901633161,5,65.55030623711842,0.5291557326860088,1,1
0.462583432650186,1564.2285982493197,7,50.877690689411466,0.6083649856603951,1,1
0.8167570675423553,1116.3533455345657,1,38.93960190672837,0.8340230721202198,2,0
0.6801281620551443,1885.654771356006,2,59.12555895855942,0.5716891161623171,2,1
0.9819380707988032,1070.905045413323,3,13.475866798688067,0.8407285252565183,2,0
0.760193785388691,1002.6211596352166,0,31.579256775851285,0.9222431896402752,2,0
0.845155823369145,1174.1072287993427,1,20.679144399038154,0.9056158634044499,3,0
0.7174000353200454,1335.9454689464317,3,84.03358818688653,0.7758229300616499,3,1
0.6320907209812336,1801.9999386934765,3,52.628884472404636,0.7614462850136647,1,1
0.4594748909109627,2580.8153288800354,10,94.98077614741585,0.3844297477350163,2,2
0.46264894601471784,2667.212844906958,11,80.81546050834129,0.38032800914976106,1,2
0.2530554641333463,2484.7199857224955,11,131.0355983859687,0.17608506983333902,1,2
0.8415904608234229,892.8717035405033,4,25.74083388705124,0.8910769992482714,1,0
0.7778112752910893,2086.032816649261,3,30.0,0.5142617545343845,1,1
0.7187597771361202,1956.1545082867933,6,54.792190212657864,0.5508385280703221,1,1
0.5626320493616649,2278.681179777907,2,50.58731271314482,0.6086073580573224,1,1
0.7660783503086082,1596.5662810408494,3,59.29771213364981,0.7443701196002795,2,1
0.2732540847985062,3868.383504827486,6,104.67712820967542,0.18578881081979498,2,2
0.8419851878255211,665.6691305364876,0,26.81606136053784,0.8988695014630848,3,0
0.8277455804289156,708.9754841301294,2,25.644914309988515,0.9543657816372323,2,0
0.8482744311666901,761.5158040252288,1,29.12206425668918,0.8371723696873612,2,0
0.9424983882746527,1093.8914401053473,1,24.934505913559306,0.8426236462273015,3,0
0.8854752368445895,977.9228354741808,1,14.438424996519945,0.9360277860486307,3,0
0.72987123905437,2133.9341811315917,3,46.029822117998904,0.5665458718285983,1,1
0.8989096851519611,685.7892640701903,1,26.76635655481724,0.8318976883678232,2,0
0.5530365070748426,2427.571347133669,5,61.98456496692899,0.7458402690766793,2,1
0.7106008120041198,2035.5132032047009,4,56.69849465008274,0.7403604229780852,2,1
0.1147023298514637,2349.059327741868,9,126.21713726018129,0.47208578820670655,1,2
0.7538523886603656,2006.4710314952827,2,50.713869591422366,0.6597456748756525,2,1
0.6228908533124511,1838.5856212417127,3,45.742032105716056,0.5678440349686404,3,1
0.4365682767765334,2562.720880597165,7,79.62858758905823,0.22239168905672602,3,2
0.9173717387995475,931.6106979840264,0,35.830536102747345,0.9753771746967945,2,0
0.7470914189521383,1984.855482599089,7,43.649653527615605,0.7562866396240477,2,1
0.7642717140223287,848.2291199260337,3,25.123374822578963,0.9213247122427038,2,0
0.9359865731431692,984.3173221228911,2,21.03983110653554,0.8232925401077422,1,0
0.7818950756988909,971.122669757132,0,22.81862773268459,0.91223140579212,1,0
0.4714622578933282,3146.7628408618775,9,82.12955038729888,0.4802447032051623,1,2
0.4788133248769564,4342.093475646108,10,119.70159103946165,0.1935007064198563,1,2
0.3590265463049035,3522.2126058649355,10,116.27645864047071,0.20214680526895132,2,2
0.8058989596298631,911.9865260532656,2,19.62000103399971,0.936378370988535,1,0
0.9404049038321793,705.0941390658717,2,41.337692126345814,0.9458124754812609,1,0
0.8000375610612025,732.54751379006,1,27.36477337535266,0.9311879924166941,2,0
0.7694336592412462,931.0381367717958,1,32.0101877976898,0.8305502191546171,3,0
0.12426385513107117,4227.153558001516,8,89.01533170638547,0.3244373189309569,1,2
0.5273951877551405,1632.688095578888,6,64.84631450064754,0.5695791273820469,1,1
0.7306492502095454,1672.1178974501702,5,68.03886285916627,0.6223409039289877,1,1
0.9207516933540892,716.1230816827153,1,18.29880416840233,0.9637492961433997,1,0
0.7789672648812824,730.7286690018253,2,10.0,0.9209751903090914,3,0
0.971051615837102,972.2834634546206,1,20.78650274582114,0.8305789175289485,2,0
0.954362427122798,1051.499029867497,0,25.979164147931005,0.8076084189624683,2,0
0.4687928230704879,1470.7122740327893,9,40.211876892030745,0.5146721402914843,3,1
0.20574176902682773,2757.211216877258,9,128.49528783945806,0.3228963126428922,1,2
0.843717644880926,499.2275271186493,1,25.41561928705525,0.8518287946708547,1,0
0.9909049942723132,1280.2381371506015,1,23.596014576720624,0.9592428279359038,3,0
0.9587325591998248,746.6686824433305,1,21.905395932822774,0.8755378540746209,1,0
0.9125814215867343,1177.6675556416894,1,27.249088469996924,0.9008486136074552,3,0
0.11514840374477041,3316.5098413518513,9,125.09857659830104,0.4819382814711256,1,2
0.768049602244794,928.2514280174927,1,27.751329844113528,0.9632811354524238,2,0
0.9610426122422993,1127.124029436589,3,25.647913100116185,0.8313842073771569,2,0
0.9856829435337814,730.4732142761831,1,19.54973144217588,0.8629005753410531,2,0
0.16235526527481936,2755.4357500946044,10,70.19693107232587,0.3991153369794799,1,2
0.9369023450440628,733.9111186886869,0,29.22379483077176,0.9780334037852668,1,0
0.6443898506633461,2310.8383612072794,3,37.48222095119125,0.6998589822521629,1,1
0.5478968681189601,1361.9663360246295,6,70.04883202748265,0.6720732722142335,1,1
0.6079717262807592,1345.6970298679198,8,30.0,0.7525382592545132,1,1
0.510434672618684,1811.4616766352901,4,59.42295638544278,0.7422198587897509,2,1
0.9851146460882285,867.9734408866719,1,40.044971427153,0.8128460625000884,2,0
0.5348370012109516,1856.7740266598692,2,74.71919487891589,0.711850112967556,1,1
0.9928487735104099,861.0605407766636,1,35.57005057116387,0.950661403244561,3,0
0.8504827284023105,1154.9750082557443,0,18.951220259338903,0.9643842115078969,1,0
0.4897294998326235,3340.299662592291,6,100.62984918967902,0.26378835755482044,1,2
0.9449688864644059,1035.5750639061816,1,10.128171285232462,0.915119688747916,2,0
0.7198062004940102,1916.1026813181509,9,79.10735813428158,0.6956748214193209,1,1
0.4516790540958876,2828.9139034729756,5,86.30001751335396,0.36146632129277734,2,2
0.5193174636591708,2063.9189996959994,4,71.21596656529184,0.6226675504116175,1,1
0.1872847444077361,3757.860481414363,10,76.61597953461037,0.1544436123802753,1,2
0.7784100998062298,1286.8791153606057,4,48.010394021927645,0.5460937414965017,2,1
0.6683203243894393,2055.2965534740365,5,69.6741458807557,0.7917640641319359,3,1
0.13184432991067158,3318.3272827764554,5,108.58844120638275,0.5249716928755715,1,2
0.5803912119756072,1609.9372267746248,5,37.57958447619106,0.7400630548627812,2,1
0.8795196915597039,665.2240071182055,1,31.080411585790245,0.9570746037844156,2,0
0.9676874753181278,942.9426366341053,0,23.441430068273945,0.8271326587456104,2,0
0.25603105863237224,3074.7298701528202,10,98.66107984733603,0.40640091615057805,2,2
0.16420125117296572,3378.642790029511,8,96.99416642958626,0.32172992411186996,1,2
0.3375982751306531,3447.0758372892183,13,97.77890044790863,0.5456828479289116,3,2
0.5705039073737495,1402.159334243846,5,48.075759364247205,0.7684807792677977,2,1
0.822173434192675,917.178601258666,0,10.0,0.834929698444209,2,0
0.7843802360364983,830.1366407763605,1,29.176392502462296,0.945505644231827,2,0
0.7484730403222686,1200.0,2,43.29576054079074,0.6822300676910107,2,1
0.3195879035647279,3382.6868846205994,12,83.54270618221405,0.35354259573294283,1,2
0.2729418361468304,2997.935999591811,11,93.767145498285,0.49543169449172497,1,2
0.4872631800846565,3636.76273717656,5,101.7181603683326,0.5259683492090885,1,2
0.32596710199328327,3157.7192648667924,8,133.25786620432365,0.15177919123953168,2,2
0.7480938402968413,1769.9019895241404,4,44.11144173294688,0.7588045738094434,1,1
0.7283492226287143,2278.6036651070713,6,43.38866967784083,0.5345282791703787,2,1
0.676184185603306,1337.0211367162829,3,50.31964976010582,0.76618960097726,2,1
0.7561644624742503,1691.0522506421623,3,55.51581871710826,0.6975168677517312,2,1
0.6333174262679251,1772.429859704085,4,74.11331457245672,0.6349631950266545,2,1
0.9834687543819762,886.2731907829062,0,27.705984222595685,0.9470752904455368,1,0
0.36326187406108723,2702.206248537615,7,89.31849601305592,0.49980959425645366,2,2
0.15177302847495913,3450.4057939715635,13,141.97197563278797,0.1782421543863709,1,2
0.19799768540030904,2349.8836583094044,7,123.43832765054617,0.2526940848155732,2,2
0.9441118616249311,1298.3106604409468,1,24.149108213985034,0.9213625810930758,1,0
0.9002787529358022,895.7265411303127,0,20.045198499473116,0.9101742772766946,3,0
0.6595483731729048,1787.0840057449316,8,54.91919025085154,0.739878386248761,1,1
0.6874315185856049,1478.697107209855,3,50.2101633336274,0.5779133240307373,2,1
0.49523068967147926,2235.966409276375,7,44.72246907295386,0.7454538949165223,2,1
0.821210123594367,699.9337350788851,0,21.419024871305723,0.9241944221855105,1,0
0.6767504317187358,2295.2528225000515,8,48.56642603192413,0.541060057365138,1,1
0.4857988149969172,2095.698756508765,3,70.39086387075491,0.6911349346436895,1,1
0.9158843430041776,769.9952131186203,0,25.73536479296715,0.8603857899009566,2,0
0.8431721292530785,1035.8285550876392,0,25.188562056123075,0.8929411673908988,2,0
0.8098904726667431,1121.9399683912447,1,26.19704395863333,0.9631257626128162,2,0
0.5305990244690981,1489.6857343660927,6,54.531648685005926,0.538124483681987,2,1
0.984766924628224,775.1309220573552,0,21.895080710045825,0.8597042453012095,2,0
0.9231090378310924,880.1811399517462,1,20.803234758704335,0.9275516720783236,2,0
0.5069533120362598,1448.8295776888697,6,37.46331923277096,0.659077482448255,3,1
0.6783575322787256,1811.1120651683275,3,73.14336197043384,0.692038125816164,2,1
0.7112085320899562,1792.2430603792009,2,41.70334531244917,0.638404257857074,2,1
0.796298891966867,704.0557550566386,1,12.015179397921997,0.8130831039804722,2,0
0.5317989388669038,2271.505752693012,4,57.60826952934365,0.6988804929398411,3,1
0.6220602629667686,2572.025223437089,2,64.78322921801887,0.681600521138976,2,1
0.760789977987644,400.0,0,19.809942141934947,0.8642233260178882,3,0
0.6527459411197287,1721.1086021913916,2,69.39826402626302,0.561198152208177,3,1
0.15417847822873132,3352.357375875141,10,99.16394133493624,0.4269256894789212,1,2
0.7181104636330271,1648.4549319153816,5,53.38508718531941,0.6908978678059183,2,1
0.9489481673590252,946.6432262527003,4,23.83492157642281,0.9407142545867494,2,0
0.9334035951403505,967.6046962203417,1,28.443860204990067,0.8308723395766441,3,0
0.23343055783851666,3878.0092463767187,12,110.04811686825687,0.2133727230259138,1,2
0.6924359842915111,1561.8800833150442,2,62.44965016023493,0.5255953472737495,2,1
0.8335595796740152,792.9366574864682,0,16.47950210186373,0.8887940389230127,3,0
0.7578572964216835,938.8768603154672,0,22.668903865861267,0.872491826576054,3,0
0.6630761573074995,1200.0,4,58.30958090897239,0.774866777608933,1,1
0.6055036991982353,1880.0644530760135,4,45.71050037258175,0.6301337012261133,2,1
0.7305392264585169,1245.4658006666634,2,56.184159114649624,0.6581303057440141,1,1
0.6383537028733475,1969.9644030523318,6,38.9157837843529,0.7141086977969289,3,1
0.9532252522825194,611.2290367732917,1,21.7542765791216,0.9780531495858973,3,0
0.7523329049567733,642.3384765072924,1,19.684427767210373,0.8588276551253118,3,0
0.8144757067612349,1078.519467659862,2,18.13512113783486,0.8596509450096748,3,0
0.3074719114765233,3211.7768387556453,9,94.61488425449323,0.1502512771570538,2,2
0.18880193410099091,3006.3595055708847,5,110.14329767434299,0.5123457659821459,2,2
0.1943526809375226,3594.5156031651095,8,97.9500062463277,0.20431995030386135,1,2
0.514605786766335,2255.318933095795,6,38.6516795933742,0.6230708048862704,2,1
0.8051215522675439,903.1236667899207,1,20.325685574159856,0.9535600500482665,2,0
0.8630544852224518,708.5698170209914,1,24.781740258042973,0.9143044219054898,2,0
0.6346026982464195,1827.9566189945788,2,71.37161403392544,0.7762474383352116,2,1
0.22120268030700638,3240.2852337501645,7,91.13613442258384,0.42816592458179004,1,2
0.34941266129764453,3335.508140120277,7,95.62017365682772,0.2603886299929965,2,2
0.3522522423931884,2984.8342788498608,13,79.86421304341282,0.4910719462294383,1,2
0.7583831086839449,1067.7881000939224,1,18.89869608671293,0.8452995983081848,1,0
0.6366902107436165,1465.6093472127066,7,33.589808233609,0.630422634130866,1,1
0.1427246708983015,2934.483820194507,9,79.70708426611259,0.5451798459057596,1,2
0.7570586704613561,1646.6935033724192,3,53.78563634054065,0.5481091086527953,2,1
0.6979314075652183,1573.437789474464,4,54.064391296398426,0.7847171703923377,2,1
0.7528725566165244,1705.0550381900653,3,59.88315506714615,0.5039693212351114,1,1
0.674988430000074,1522.7062049127003,5,73.53609616139485,0.5761850725594808,2,1
0.1876605489775941,2999.3363937579975,7,133.60123049604502,0.2834951337458965,1,2
0.8170159102057191,652.4675155345404,0,20.86765506085436,0.8883922309376442,3,0
0.6975510918523242,1910.0661138922615,5,60.894657896363114,0.6867258802380034,2,1
0.861501443239489,524.015122972191,1,26.874323460469867,0.8820989719130983,3,0
0.7725157006872824,2271.132743355146,3,55.89010601496637,0.6815005146755976,1,1
0.7385666481080326,1931.2265039566887,5,34.36069697677105,0.7368015525784992,2,1
0.387314995264764,3426.786223667287,6,106.42969131700119,0.47369649015299264,1,2
0.7261781369544962,1492.3527953813614,4,62.60169679330701,0.5181356796943654,3,1
0.2873780251547078,2799.4764586291644,5,101.99068004520089,0.46656870216370916,1,2
0.9872213843133333,1038.6211214526288,2,20.838754663226887,0.936414461972978,3,0
0.460173290976564,2849.638580262457,14,73.9278631586067,0.37495912289546085,2,2
0.92435506681171,840.0646703986426,2,22.82519416144345,0.812907893759288,1,0
0.9565169075631321,987.4626374077922,1,28.45779791824306,0.8756967842123978,1,0
0.8807663561922798,992.4121786503792,1,29.554196061203314,0.942011161377422,3,0
0.10070878052838239,3821.9801840098144,5,110.9500735597328,0.508029310001417,1,2
0.4581754618883466,2252.5841324343824,5,45.37399774045768,0.7964842455126587,2,1
0.8663014030709295,636.573616010683,1,19.43339020542578,0.9240483017104115,2,0
0.5086424721949486,2489.4782692227204,4,40.8107706427685,0.6047401228815108,1,1
0.7390581953969573,1527.7762427034604,4,42.84727283904529,0.6416540134417978,1,1
0.6777433448191744,1358.1416594173686,5,62.23549343156066,0.6286185261711663,3,1
0.8039552568742108,985.4388723743369,3,24.542015199755387,0.8904553328062981,3,0
0.7542997438672019,1502.5449150077152,5,49.33186760256306,0.5499645349356749,3,1
0.9363598685460826,994.4812555760755,0,14.839005454989564,0.9002994280874079,2,0
0.2510309393265836,3141.4605947948617,6,114.87512796066622,0.3232467112377422,2,2
0.8575764737248657,733.3887885998482,3,26.50379004604878,0.8727253910591228,2,0
0.102817421407523,2909.496483293564,14,114.34781213275434,0.4696856553123546,1,2
0.9487028258854121,599.0559251937996,2,21.169525487982767,0.9414407870708758,3,0
0.49806311268874426,1905.2308071100886,2,49.95571025891158,0.7205890036408367,2,1
0.5608319242340746,1991.380625918506,4,54.69932320105188,0.7378678133013298,1,1
0.8563591096541042,587.1516776577897,1,34.266652593245595,0.8340841209825197,2,0
0.4870935547217231,1532.408583212371,7,54.33413674759322,0.7363527728745433,2,1
0.3056794770381091,3081.675547514569,10,82.19223027671327,0.29863494237517385,1,2
0.8690126005497749,1497.051800520682,2,19.877935550272376,0.8966817346916132,1,0
0.8830283713163289,1206.6867402592652,2,22.77962029296892,0.8314182590306294,3,0
0.13761767180044218,2758.2529565429295,9,126.91308272570245,0.2982677028830048,1,2
0.16762542728120006,3974.9029467100486,6,98.89080829338293,0.5241286903454184,1,2
0.7898861700282971,783.0764538685601,1,25.66834512102976,0.8325751515160404,2,0
0.9004703974090805,1105.3972526639463,1,29.865182396563142,0.8564255521881383,3,0
0.520525281701351,1889.6086607156562,4,51.463513862636184,0.6667056628371852,3,1
0.7805274785025067,954.0114716782845,2,15.95191376420303,0.925327425554096,3,0
0.8653693661561835,1179.9189290291588,1,31.849352393660332,0.8339478076288867,1,0
0.3508522522325549,3115.9706679292995,9,106.09763842043758,0.3323438164195037,1,2
0.14045690701809,3557.098702688191,5,84.42217389378587,0.17409539991119213,1,2
0.44112159331058887,3976.8842001852363,7,77.99647590832686,0.5414432514397076,3,2
0.8157781424777107,709.5367238522406,2,14.87945340730268,0.8799459563996216,2,0
0.7514396651245304,989.3745001605396,1,18.266470127242588,0.9052885013010286,1,0
0.5493587695535205,1200.0,2,61.86140668298707,0.526002971969316,2,1
0.9147309854775378,833.1845538040119,1,19.76210043189684,0.9374103221194447,2,0
0.7644127460606,2041.5468218528538,3,33.861911226624116,0.6833752664422783,2,1
0.5004533190627828,1829.0940362577373,2,53.617154936792424,0.7389389926869347,2,1
0.8603826253433442,745.4244664352782,0,20.285798674729943,0.9693554386210455,1,0
0.865633679033287,1304.7212438459278,1,17.71977957851251,0.8592446070000945,3,0
0.9293994414145441,474.5545159297009,1,24.489489006093873,0.9768076210440253,1,0
0.674722716639882,2149.9805201588606,6,62.90834351791096,0.6702212126019798,1,1
0.646072588100285,1855.8872166407873,5,69.55128463949787,0.7910980017911908,1,1
0.2629441414734537,3470.1813586275607,10,81.95010183884217,0.4885133915220641,2,2
0.8416153837178495,934.0927541993142,1,15.559017255913416,0.9282892405325389,1,0
0.8535324381322318,402.43826869298414,1,28.889515937955217,0.818889052459031,1,0
0.4753661441159791,1655.6158746119509,2,48.247872429183715,0.5079004457920974,1,1
0.6872297335300646,1939.263282713082,5,65.58839709090992,0.7462717486105623,1,1
0.5082628834401374,1212.2006832153506,9,51.05977693712887,0.6872050374757099,2,1
0.8196616160591529,997.8374260295327,1,25.338516719642826,0.8707325851946028,2,0
0.7780097255420131,526.6920097278768,1,25.652700183123795,0.9427388572506521,3,0
0.949389775159297,835.7514467764177,1,30.489540880706986,0.8298116106938309,3,0
0.44425278484895825,2500.914249374061,5,121.92874301400474,0.4604680827315678,1,2
0.9581106602001055,1047.3687794184866,0,29.14555175278005,0.9238371238742605,2,0
0.9370182948573831,787.2105023883514,0,22.055247846270362,0.9511332897624185,2,0
0.4816719799097173,1615.4649402925356,6,64.61793025155443,0.6640612662504813,1,1
0.843312947907335,944.8432808581586,1,23.934250248140074,0.9121863517411637,1,0
0.5615074705057709,1958.6999712278223,3,67.11636064304203,0.7131479949417917,1,1
0.6329401334733753,1832.3972437677974,6,49.201234600559346,0.5752633937311845,2,1
0.9966575307397118,1152.7413355309336,1,20.031836924874046,0.9073993232478467,3,0
0.36540768445345206,3451.210699549424,5,78.8792963147039,0.4980197196054127,1,2
0.3398818870744636,2485.744663955939,6,102.65232766728971,0.4302347099665328,1,2
0.9536436800578455,703.7668937720637,0,21.804196883335912,0.8851463225150661,2,0
0.8074886514727715,691.5911175513794,2,25.387228378058335,0.8147067127284012,2,0
0.9817944548698632,660.6422707147377,1,22.553637896388288,0.9758929231870992,3,0
0.2841857849514523,3402.642620115458,5,60.0,0.4945480544445643,1,2
0.8565453255589932,1079.07108615252,1,32.579707014212225,0.8056622951442848,3,0
0.7605365414900873,1642.8359325436318,7,62.731487117229534,0.7963186948769052,1,1
0.9191169843065905,1206.0390397726703,1,28.3482380291141,0.9019503297135976,2,0
0.8902344928838466,1228.5345906511927,2,28.900533448489867,0.8168177360316499,2,0
0.9050331494503842,930.4709744067444,1,32.83636877105636,0.9445623499122269,2,0
0.4552920120101131,2090.2522389696587,5,58.50967650667708,0.594738889629207,2,1
0.45010221153195196,1793.2874811915003,5,52.13650243338099,0.6412528854602144,1,1
0.7609461873073252,1583.8723084193894,3,51.607239822473176,0.7167324209745728,1,1
0.5848396403386693,1704.4908440341303,4,44.07112154092684,0.7299864434760578,2,1
0.8407705740996587,899.8582810846708,1,26.90450964102275,0.9519930102125718,3,0
0.45529941148443753,1508.6775298941693,3,30.54063513976655,0.6278246939187825,2,1
0.6359808531162612,1790.754750319534,3,77.26957891089583,0.6203883645886399,1,1
0.40999120405452827,2575.238349366372,9,138.49958061121023,0.5266407757522525,1,2
0.9042317295939355,688.2184825886799,2,14.125847761437281,0.8955805633537333,2,0
0.7799663418334207,664.1920417680395,0,30.251740320499174,0.8253907639086135,3,0
0.9924697066769097,638.2359201761776,2,14.400407683516304,0.8957549122093698,1,0
0.5642411515455008,2239.780822601995,2,60.86569689284019,0.6988095612618287,2,1
0.8686577189374535,852.6889425562108,3,28.352313023124267,0.8526903988111589,2,0
0.7096429139913101,1707.3859392178624,6,63.378610609644994,0.6574285862063749,3,1
0.17041899197432764,3542.3355885381447,10,154.20984888566068,0.36972199262595995,2,2
0.4306506469398431,2807.904045108729,10,105.45343246588575,0.5370610615798851,1,2
0.4834962732401667,2397.2618595113827,2,65.14961426824402,0.5526346068735994,2,1
0.8856611586768941,858.376628545492,1,20.3505007976364,0.841934998174047,1,0
0.9314949774963239,884.5557909553909,1,23.031608774833032,0.8380646576089544,3,0
0.7425238982672788,1732.3651451393625,5,48.0329223898333,0.7226334079734297,1,1
0.756320964324565,1908.841720754978,8,66.17303824392212,0.6382897028696046,1,1
0.6834877015728423,1666.4457579730529,4,72.28427134188843,0.7128680314924442,2,1
0.24965467749523107,4363.5859155470225,8,107.01442570479139,0.3618858332047924,2,2
0.8894458543425062,710.8507878606438,2,22.161893996374275,0.8663619362928461,1,0
0.8402434742350067,624.4764998491526,2,20.730030768542164,0.9621562209922843,1,0
0.8241338953219138,866.8737179364736,2,17.708364542638638,0.9718834236083006,2,0
0.6960979388948114,1951.4864894428629,5,46.101368752462236,0.5298475272903751,1,1
0.33174329257293067,2918.3087062868626,11,88.50733935989021,0.16305387453122624,1,2
0.6683220670539458,1403.493096253406,5,46.85388946761343,0.6457400195302867,2,1
0.42873655754347784,2637.9047421395526,7,83.36893583731721,0.35992043865999257,1,2
0.3934644386316083,2636.2486210087422,9,122.48834936293328,0.49802494078072523,1,2
0.6323941581550103,1717.1718331228406,7,50.88841428387772,0.7091618281598884,2,1
0.6469968946590242,1653.6885568602015,5,42.35465974444021,0.7602906734683605,2,1
0.8233026929245162,861.0183439294638,1,26.622448805248293,0.8654529947788083,1,0
0.7628564533710626,673.8223129348169,3,34.92688164351786,0.9139592280891917,3,0
0.6376802207438927,1268.0812410164863,6,63.56602471670943,0.6562951844606377,1,1
0.7906542348362229,1074.8778361425454,1,19.325670474889165,0.9214413185641691,3,0
0.408639175599665,2823.144372981441,6,121.52582570626011,0.4650980376273185,1,2
0.38498829494038767,3055.0428185129376,12,68.34527889451904,0.2491806339733266,1,2
0.2453490504720518,3486.45457084663,7,104.38319641042058,0.5318727935114452,1,2
0.9079593030424498,860.5323159385348,1,19.741637539151448,0.8711137385698747,3,0
0.33063294780225705,3568.693754655473,7,135.20254928689855,0.23296437775092643,2,2
0.9830070263775044,793.805820437607,2,25.965365225194372,0.904671495732333,3,0
0.9752895026227473,798.2072748585002,0,20.825685253197488,0.9776444685592782,3,0
0.8492958824046137,952.6974430662119,1,34.45082392652747,0.9208957258618902,3,0
0.9341110589061807,928.6776934684502,4,31.804003004888497,0.9067887967378386,2,0
0.8508707165530993,1027.6783851216767,1,24.538862859717668,0.8163508725910545,1,0
0.24405798911931773,2905.998014261328,9,106.99453528297136,0.5441178900393545,1,2
0.9922194638214229,859.1057558027757,0,29.72829450590242,0.9361869081225433,2,0
0.11447544160614309,2770.8338669892532,11,98.44821044077503,0.21263401739730253,1,2
0.42367244137864246,2278.495160355593,7,85.16406743679107,0.2600016754910649,1,2
0.9223662422843164,680.5394944734312,0,30.209269710313336,0.93418406687727,2,0
0.708692586519361,2053.05801630556,6,67.7069924307434,0.7586868723785385,2,1
0.5259299613732131,1465.674585326304,2,67.44985859256678,0.5401787082289071,1,1
0.6439635926600096,1607.1919848782513,2,56.7518843339354,0.6828402628849505,1,1
0.3586742909448807,3099.433809943465,6,60.0,0.2865906220163925,1,2
0.5520778354915479,1539.8242584310347,4,67.41269946759473,0.7114410953702228,2,1
0.7646792673460581,1927.950044123348,2,71.66841610657838,0.7477590305431147,1,1
0.7398507499429038,1591.3086904092663,2,59.519440562156355,0.5549985565354648,2,1
0.5350732285141616,2071.3005927140007,7,56.73633055831702,0.5532978104425361,2,1
0.2962173234286547,3518.1460152822656,9,85.61126104210895,0.2410671355877954,1,2
0.9449627472233375,889.5191098845061,1,32.82439878009302,0.8014120858233122,3,0
0.7576250624847624,790.2550184518077,0,23.87138274672969,0.8395641281531463,2,0
0.35267875249035374,3252.4679696928697,5,60.0,0.28097985292760136,1,2
0.9627841678792142,539.372064748811,1,34.449692195845834,0.9122526705135076,2,0
0.49802804533647327,1802.3233036333868,5,38.5952368599964,0.6378701926662644,2,1
0.8757840646450219,1134.6249275173282,0,16.668267912790096,0.9275442425116999,1,0
0.766959264776293,1070.7951953104448,0,29.733820750281524,0.8197502842244817,2,0
0.8524762224240721,550.4726980343477,0,28.822311037652554,0.8971906808998492,2,0
0.7728015257621725,896.2582487108206,1,28.575384751122193,0.8093141863404383,2,0
0.7798985614845755,884.071721750857,2,24.663911968997972,0.8328793487942625,1,0
0.6648196287294651,1780.7203358840225,3,42.22488795468924,0.6844689916294192,1,1
0.7280541652131103,1603.92905768092,8,63.85538689302136,0.5394050254155711,2,1
0.7933433988236887,1048.8383942999874,0,39.63314023947551,0.8917773301351525,3,0
0.6754812814393887,1665.2617149170428,5,43.66768491345522,0.523408733601543,1,1
0.7999184455395899,753.0816846403902,4,22.12175956265306,0.8750075594925014,2,0
0.7792667541069015,624.0763670422139,1,17.658596887149933,0.8432963155728705,2,0
0.9171608049811077,1046.1528238133048,1,32.79505948521782,0.95541976403186,3,0
0.18435879035563865,2421.8830553436596,5,96.09004733821536,0.4385288452085898,1,2
0.3861629819305983,3539.5636668351117,8,98.37328847116507,0.4979572705282367,1,2
0.7462126227529872,1644.2487811117928,5,49.873651207059986,0.5194760864590806,2,1
0.776719230773686,983.9219944048236,0,25.02946335138132,0.879296596662208,3,0
0.4999890972998862,1228.8926100778,4,47.80478261335987,0.5227945347190769,1,1
0.6818710231222058,2077.5162133423028,3,44.436812326275614,0.6739702372782492,1,1
0.3069097159065658,2969.747176682399,13,67.86197972438485,0.3196772279244062,1,2
0.641778811941176,1827.7469204028698,4,60.17951183270161,0.7338330239468726,3,1
0.7923731866715231,953.4253302022967,1,25.849192792898197,0.8721184127188316,3,0
0.9572288685376693,977.8318391335857,0,24.711415461744053,0.8257012730251216,3,0
0.1661443348721438,2200.0,11,122.1200214260451,0.249892313779782,3,2
0.47414760645423826,2743.371112407846,11,80.20262614169397,0.43515986083329505,2,2
0.2887740055165313,2513.4805838201623,11,126.77005436277187,0.3902522409881327,2,2
0.5413672705985018,2180.3312897478436,4,65.64874998307467,0.761873754249027,2,1
0.6435921941070594,1632.4331183203078,7,68.93826349023045,0.7414325029331963,2,1
0.804803496839511,718.0633166036332,0,22.816530617035127,0.8822564647330409,2,0
0.9878508355516642,1229.8961788647841,0,19.01137653431337,0.9291900058538285,3,0
0.39593365013871673,2824.2448415726017,5,103.17998952983517,0.3320045013737478,1,2
0.9239935515234245,1125.3410273655168,2,24.75253776016568,0.823747368635686,3,0
0.942730461161013,893.7121659250447,3,35.381030829913726,0.9646397193362749,2,0
0.636625519384939,1983.5811021079614,5,47.2901774882931,0.6371328014588951,1,1
0.9017735090221952,882.1531691557102,0,23.09975533435438,0.8359032836299494,1,0
0.2012745333329848,3595.5116320521674,10,62.596208757100676,0.3026831456680752,2,2
0.685605289669877,1829.73182742832,2,54.48132791573521,0.5339022644270814,1,1
0.9967217341501293,612.3444043365266,2,25.46208397590255,0.9774728543807629,2,0
0.7664271598570881,1207.5863836825106,1,21.772150731513324,0.8163053643582984,3,0
0.761753986772386,1760.8254623582357,7,47.79461031968087,0.5200892705869726,1,1
0.9162279311218045,743.9601741765075,1,32.6365452198123,0.8972118287511509,3,0
0.7590400951311905,944.4579711601708,1,30.706697843813913,0.9213100008331442,3,0
0.2724658885555647,2722.5372466888393,11,119.19932687598144,0.20138744209820691,2,2
0.5046688452672162,1314.6284480579486,4,65.02283856433415,0.7368848209150994,2,1
0.9969305974340079,1180.6739940250382,1,32.189656219867814,0.8519997138873608,3,0
0.16305906517913077,2741.8961125473206,9,94.6564861286087,0.3131597004279674,1,2
0.85021285419091,767.9357721053105,0,35.79438540414192,0.8070638436872984,3,0
0.6508090730333644,1849.5966508288761,2,50.66435022758149,0.630731194372767,1,1
0.7697179943424692,2120.217871244869,4,56.19021632631471,0.7134143661892011,2,1
0.7027312603322131,1921.312219165375,5,45.09263103638314,0.7992200828958829,1,1
0.9332003861915626,950.5137691993247,3,20.32795689221772,0.8335544924899388,3,0
0.9597245216114836,1122.537674997985,3,26.247282260666143,0.9450232619978406,1,0
0.7943598859449307,919.5966306941791,1,33.82259381807523,0.8431079686226234,3,0
0.6414763247297854,1566.952177060721,7,46.05410476816582,0.7448621512464173,1,1
0.8849963449289638,1168.2951831061762,1,16.923155664518767,0.9401482445661001,3,0
0.6699936636807615,1333.5134793812167,8,34.384513729251836,0.5084458470860164,2,1
0.6222759773365153,2034.8351502335343,5,55.928515931433644,0.7674755884841433,1,1
0.8946688521430983,965.9017471146018,0,26.130918284562526,0.8419490177344309,1,0
0.8298284093976037,1004.2244856758676,1,30.176229531940102,0.956965352271716,3,0
0.3228076306574642,3075.3984696036846,8,93.97910405773017,0.3661741574354853,1,2
0.7692449774571982,876.3862946017842,0,28.337854072218953,0.898284426797735,3,0
0.10074773805182505,3464.137762496614,9,92.25371790709525,0.3706381889464867,1,2
0.6430207950896999,2417.893224715613,7,52.044183044760786,0.52396120219889,2,1
0.7780404545164264,1942.2891028131933,2,38.378519311784736,0.5549593004546386,1,1
0.5025252863783388,1777.580247873991,2,65.6234861850861,0.6577469718793527,1,1
0.5686801252490709,1320.870805153882,2,39.49289089638303,0.6284093391647652,2,1
0.538045248090443,1557.5949980313253,7,68.55325660022483,0.6029683258506091,3,1
0.8421315859309403,640.7766671500211,1,38.24799191998581,0.9323745245912606,3,0
0.6664301530293785,2020.2129502560942,2,43.7867145157567,0.5109235185447853,2,1
0.24686366115472735,3490.9093839566094,5,119.70546362051846,0.42427437571076265,3,2
0.7602171540666197,1232.2940331456036,1,28.82374873008394,0.870510997453612,3,0
0.7849128136890782,875.4582132808551,2,24.634410189116295,0.8922831116209897,2,0
0.47323196143616764,3009.264743482209,9,87.3118137800557,0.38406672898120753,1,2
0.8626360338275234,965.3489529204641,0,25.135077846386366,0.9762956924619679,1,0
0.7953082665414151,906.830483497605,1,20.906133566757216,0.9366077507506427,2,0
0.2042789436307605,3028.72266670685,10,77.47244312610114,0.21591326630209595,1,2
0.8764631732379573,544.7976491903196,1,22.47459436855036,0.8624342619672002,1,0
0.500147633539811,1674.7745820317157,6,45.15745936046798,0.5658939292574423,1,1
0.6812170835329918,2290.7636558304866,4,58.980053210303154,0.7716735502917862,3,1
0.7183068983572918,1750.9768908028254,6,44.48099213878347,0.6222509876112796,2,1
0.6983311579882195,1905.1333279352598,5,41.661095012659516,0.5589638792654229,2,1
0.347357818103021,2589.0725856975114,8,77.04872642244905,0.4150485816360374,1,2
0.8466838365751344,1267.6367353590244,2,26.90587821406381,0.9565583422425067,3,0
0.5066395557470731,1711.881610525371,4,58.61882234303637,0.6549215413620588,2,1
0.6875212662963797,1457.342254648471,5,58.637553436830174,0.7319727509836444,2,1
0.9657758564688984,771.2900335365076,0,23.71662106813409,0.8057815560922067,2,0
0.5283826038098627,2044.0876641683476,6,49.088619596730155,0.5233203905744486,2,1
0.7752614527526617,1171.0885602210992,0,25.52038456784313,0.9745158574763035,2,0
0.9154597974623446,816.8066144105283,2,23.47862097131079,0.970577297554596,2,0
0.7719106866909596,745.4681109458352,0,28.276439030849605,0.9489822932966373,2,0
0.732095269908321,2206.174471293511,3,68.89328716217423,0.508642141335386,1,1
0.26256757790306123,4360.5775259943475,11,92.30216666213451,0.5340351018837018,1,2
0.8920771508338678,938.9214910474485,3,36.93292032270277,0.8632595012247231,2,0
0.8903192993923741,985.6614194415297,2,21.956706714366728,0.856605794455972,2,0
0.7594699180514007,1853.758112357429,6,61.74301131370012,0.6933048007971606,2,1
0.5294260200437025,2260.293867328785,6,46.547093021267834,0.6910238489591407,1,1
0.33497314355375674,3606.903104439713,5,106.67891946451829,0.4620450860466575,1,2
0.8121785681469075,573.9053512569719,0,24.28995025675707,0.8245113456250829,3,0
0.21552294202575115,2211.1412554957124,11,118.35876725343562,0.39192695292187363,1,2
0.8918852120653895,943.3551127525258,0,40.624950119473695,0.9373954538924234,3,0
0.7168760809721951,2123.7352630770156,7,37.67748595002935,0.7831779914296639,1,1
0.748976009065442,1749.1291399292913,5,49.43663994635676,0.6583808757580598,1,1
0.46026583278184735,1392.5982814988263,3,71.90626369801447,0.7412990718651751,2,1
0.7811656703008167,774.1473212614422,0,19.136573867711434,0.8290908909314536,3,0
0.7660522342687835,876.6468168409507,0,31.596814486204345,0.97854679129546,3,0
0.8107930477498635,1176.2908157380973,1,14.452939303604138,0.8593481915745567,1,0
0.9044618100503035,1277.5375314680382,2,18.896728852599047,0.9653933692266037,2,0
0.4683305870509232,1200.0,9,64.1163534932754,0.5515663248509683,1,1
0.5355992304488825,1421.7691996490125,2,44.60609960168714,0.5838365465960393,2,1
0.7508553914288129,2044.6415364206684,8,30.0,0.6397195583043735,1,1
0.6772090221751559,1864.1968106574209,4,63.81204961918864,0.7640330494917609,1,1
0.3388362144849917,3267.085904663791,7,119.95559524019852,0.3998562347819081,1,2
0.20403748540310596,3880.971331566697,7,90.59594781555738,0.24724821030356892,2,2
0.3989372033774121,2920.673398626237,7,146.01577480181655,0.5266629540283992,1,2
0.49084101980772366,2177.8332306175594,9,68.06552359756647,0.6838274722526341,2,1
0.7789197123490519,1965.9471804140842,3,46.20966736225442,0.5300607604511942,3,1
0.8032410403772277,699.5625088437055,0,25.366517035589876,0.8601338991352125,1,0
0.5780997303450741,1758.7595988423611,4,37.18564088253307,0.6557146153180669,2,1
0.7561126975988587,1819.964589637636,2,63.510576206641744,0.5601491212055204,2,1
0.5246732670069103,1515.29528039809,4,37.01122323095826,0.5173183876406997,1,1
0.7683114613145454,1917.8839453356127,4,61.3176107753762,0.6232570257327799,2,1
0.9898941610802583,1252.2376249734748,2,30.77083883506372,0.8507286222379433,3,0
0.893618278294978,1035.8746565913007,2,22.470348488133283,0.8334716201703848,1,0
0.9623058526235445,1239.0102080861507,0,18.817565576634653,0.8679581761392003,1,0
0.4542481057018982,3355.4637909388375,7,81.58951735367891,0.30351947081912456,2,2
0.20086158484004507,2801.1964769247897,7,141.55863283209663,0.24448678524949274,1,2
0.8570499037314037,1069.3541550432988,1,31.572696907053697,0.8581741612697228,1,0
0.5342535543865194,1647.687429555426,4,54.60968620107918,0.5067012963143112,1,1
0.47701169810605226,2849.876571789361,8,78.5551205866836,0.2449447183756269,2,2
0.1022334122711956,2837.2147591761677,12,112.43488975651286,0.22225141418316396,2,2
0.9773301005196955,698.0538590580124,1,23.591407891367098,0.8013967367007364,2,0
0.4634551805326526,1859.3183665972147,6,69.95971967543619,0.6408265406166436,1,1
0.8871834473416466,915.0867277803186,2,29.723637928007108,0.9434577778566173,2,0
0.8494638997614354,1101.5027379673845,1,15.767215737046001,0.9041661165846037,2,0
0.7676421868501074,585.8247695863001,1,17.047006192025883,0.8526702909362238,3,0
0.9167160643865261,707.9907409441073,1,15.316053237423398,0.8768539158706194,1,0
0.899353275542577,1093.6369321065722,1,29.454665431881736,0.8616677788192615,2,0
0.4775821332601174,1394.5007948587843,6,43.01933986449682,0.522479625756386,2,1
0.9816469062903737,1043.6371451415869,1,28.5341450195543,0.8557565413865518,3,0
0.48116885742217563,2745.9600557903404,13,66.35125461376845,0.36410594834191423,1,2
0.904532060114474,1034.0961234482425,0,22.471080784890887,0.8429686431083114,2,0
0.9763376604890159,805.5818844605745,3,27.95901900543302,0.9326150397643809,2,0
0.8832394466378338,669.1274663534032,1,21.41561724585627,0.9561713959140439,1,0
0.5995839332914272,2096.9736241150213,6,52.74354982192477,0.7108384274651691,1,1
0.7303716915486564,1523.2902726040556,6,46.98436729880263,0.5684864198813497,2,1
0.4316087566661677,2463.6069649272695,5,102.38426635513804,0.3063199935622479,1,2
0.8308007330051888,940.2319311745679,1,20.36974187764978,0.9234538086322686,2,0
0.46749877391984995,3845.4853746262575,6,86.76917144942371,0.1619808429454657,1,2
0.9261701906841617,1382.3353351156843,2,26.09263619234396,0.8260378823612559,2,0
0.8800170052944527,754.3994117541731,2,16.075840499645544,0.9762955771648134,2,0
0.9780908364041727,753.8087448569054,1,34.10993694740388,0.8447364803623105,2,0
0.8397076210308756,1056.678101856519,0,35.78640304346415,0.9367994884995743,1,0
0.8533872753813379,888.6823022200208,1,21.44731484086181,0.8911630013780744,2,0
0.7462842562684684,2137.796943527558,8,53.67739267293275,0.7590071388820827,1,1
0.45280071688587087,3228.644840328318,12,96.07861026097328,0.33284677887883174,2,2
0.5146222661222021,1981.8211059518044,5,69.96927554440852,0.6399296610718868,2,1
0.8182677024932031,783.6435933215892,2,23.202083346011122,0.9795286028264863,3,0
0.9793283938655607,1104.2766590858796,1,22.58808105318319,0.903349159929725,2,0
0.817837257943474,884.4325605974396,2,24.978965639447956,0.9612851057584988,2,0
0.924005154513448,664.8810788750297,2,21.41537021516472,0.8241629154368739,1,0
0.7135422952547388,2539.3376649100496,2,56.88112838122151,0.5894110582391294,1,1
0.8734488990910977,1097.1459991359725,0,34.61326833239006,0.908615164125011,3,0
0.9923256339047748,1061.4245193274621,0,17.62752846548687,0.9689231695624404,3,0
0.1750210748822616,2831.10742967709,9,87.08983377199428,0.28493890017232515,1,2
0.21366123714289,3114.618255821636,6,104.15719402551836,0.3434171413225929,1,2
0.7675471457516068,1923.1508003063013,3,52.826148507218356,0.5263833274416277,2,1
0.9922756575352029,1106.1161171248114,0,32.63497926344668,0.8708183880986349,1,0
0.7569839255950686,1552.1172882923609,3,54.11487470473136,0.6247505367298795,2,1
0.7155632313730904,2147.8902224264175,3,71.47739010239783,0.6605111868969633,3,1
0.9150493441794328,1162.0617492239217,1,23.05063111215865,0.9794120786529886,2,0
0.3956959825862203,2427.20210516604,10,106.85325660168608,0.21336254825924172,1,2
0.6744657107496883,2395.49830915413,4,53.716707663503634,0.5861475486300713,2,1
0.6923267247121132,1863.056751298269,8,52.1580029333902,0.7410976955000057,2,1
0.16113427775306033,3577.6796874784313,8,126.9972104402901,0.15764276257949894,1,2
0.58701522091683,2040.6417001174286,5,65.53681610774946,0.7284347231440385,1,1
0.9668235502399506,1118.1960850371934,0,16.109396664523075,0.8268977423855635,3,0
0.7433947225264175,1741.12814827876,4,57.47193164399953,0.6981236500965835,2,1
0.7593370471873035,918.5689802282229,2,22.88389060602651,0.8557224834028817,2,0
0.776121561377781,1758.652263521341,8,63.01785555966779,0.5904695568228753,1,1
0.7146422709947859,2140.244846165033,6,72.17575135481644,0.7107335733200348,3,1
0.8888579264006569,655.8575148171683,0,27.091424465770437,0.8440435138621891,3,0
0.6309495595148327,1738.7038855262297,4,71.9255419162958,0.5401546368740885,3,1
0.5878802060150637,1986.1489071658302,6,36.18869185537906,0.7459720395211628,3,1
0.4965338536899384,3907.3430090115685,8,88.7462762178219,0.4670342497088191,1,2
0.8707422180213388,1218.8884783498393,1,20.985643096205692,0.9462324471256367,1,0
0.6905824158606622,2204.4354217251102,4,67.15724112675478,0.56400501252752,2,1
0.7952873373836701,509.77962719227503,1,21.362284059224525,0.8384230729050144,3,0
0.11119909712825074,3758.117099683886,5,99.68644081238001,0.45050533183040964,2,2
0.27027099239622854,3628.300423264325,5,99.81083044154165,0.2953891959311111,1,2
0.6230439105962677,1998.617521948047,5,56.39554162137125,0.5446424909573238,3,1
0.6390085755518937,1963.2392122366643,6,62.781477951505245,0.7802021423885311,2,1
0.2761134854559929,3390.1128149643796,5,124.50352042053815,0.4352730126576678,1,2
0.7130016770356183,2213.784136450457,5,53.121315919005376,0.5348414898950369,1,1
0.768965832027166,652.1785848692198,2,12.70476537805695,0.8577375945239061,2,0
0.5456862461952496,2054.573403794101,3,74.37157429827776,0.5551728607626756,2,1
0.7007048479118593,1821.4586391446128,5,35.956776830258335,0.5029432690829081,1,1
0.4893474464960488,2482.8721350146125,6,91.36305312365917,0.2666795580390848,1,2
0.9083502135791814,920.3712590523974,3,17.286972861832588,0.9353238100133675,2,0
0.7423413033986757,2103.38738007083,2,50.72287962126645,0.5995590831300083,1,1
0.7683741868325031,861.8993788004377,0,22.488785599963073,0.8320894654979674,2,0
0.42287146226028904,3668.9303897675677,12,63.377678167991135,0.4486184775342824,1,2
0.323608135717945,2836.322648664406,17,111.36882976984242,0.46691638940043034,1,2
0.14285259282701582,4107.926411842672,8,97.98047790163629,0.17730305343992595,2,2
0.639401956326221,1792.6506102830033,5,69.00432028760535,0.6436060527183702,1,1
0.10592485337335643,2889.775243297293,9,122.15778123110601,0.4433565372990149,1,2
0.7016334734410121,1257.8571184157768,5,56.56981927906126,0.5129789520886364,2,1
0.6320542560383711,1224.04802937354,5,49.040549611976054,0.7279272134504197,1,1
0.5845074501646198,1989.14840088565,4,46.93687210490137,0.55066462596552,1,1
0.9085014257749029,1102.2926070816711,1,26.3803624263004,0.9054829479460934,1,0
0.3996696445180098,3267.949943431952,5,115.23575104961171,0.45085976374356884,1,2
0.20188143294002053,3950.038821051692,10,83.76800770284224,0.4718892723371475,1,2
0.7912037039323593,793.5662873745621,3,25.41278127003814,0.8609551450435643,1,0
0.7486423709879548,1816.9886989379224,3,40.973826495901264,0.5568290591849233,1,1
0.46773645790319307,4031.9440177514007,7,126.87432387895032,0.34420390271278123,1,2
0.27756981328545216,3351.480958456346,9,76.4403235330283,0.16913879949668295,2,2
0.2554987969571688,3347.724966308081,8,124.65159457391358,0.38333866197297467,1,2
0.3919395610996754,2429.4638149371117,8,106.82276953181798,0.44789850535367814,2,2
0.5412154785609127,1938.2226185228092,4,50.43544833931843,0.5307958946035432,3,1
0.9430611923241643,1083.8457869150407,2,28.556873409005725,0.8181248481986846,3,0
0.1611305685021437,3798.7101697274584,10,112.59345742164308,0.5148818533555558,1,2
0.7717466899778526,919.0688398882617,2,28.96252561564787,0.9781216654828052,3,0
0.41157935302092163,3301.6799179765053,10,117.10550527306108,0.41803609217763404,2,2
0.6198762192601497,2073.055201039832,5,76.66800609528758,0.5131295246774583,1,1
0.21594453147982562,2931.798254488491,13,105.81777883941575,0.338904160401044,2,2
0.7941320080013771,618.8865961642716,2,25.36697540710549,0.9494250024097977,1,0
0.20397571605371334,2929.9211663855626,9,97.17726245580457,0.507591935507739,3,2
0.7909059552979173,950.6330476075963,1,15.257168131165587,0.8789172005620125,3,0
0.2018769528988277,2449.888468734216,8,132.8646977174995,0.17007195103670156,1,2
0.9912796741090114,730.7368045068529,2,29.300234093432255,0.8517236591135594,2,0
0.5021602290962442,1838.5724077319435,3,50.91254499225309,0.5501045080661822,3,1
0.298610381870717,2856.0884464430883,10,101.81138529435279,0.5464027259946859,1,2
0.7189744169252612,2062.8924167731684,7,46.79238019064735,0.6807282175862563,2,1
0.9813921282266941,981.7305622961342,2,16.471211877060846,0.9694266315519766,2,0
0.3782345392166414,2314.127338038664,10,120.90984445141551,0.45956857592843614,1,2
0.19398542936771698,2604.0761148906076,11,94.69862421993523,0.17677392328861674,1,2
0.9057416458908707,1037.1015477580409,2,19.185095603564044,0.9350027322611651,2,0
0.5849950914068116,1847.6685519819243,4,59.4360658559049,0.763220308802412,3,1
0.4621589256259663,2576.573742066446,8,82.39144726153461,0.47418514259068245,1,2
0.4042339219904668,2890.3535394863156,14,105.23425665370247,0.4103470881285788,1,2
0.868553554164366,1099.3717546931616,2,31.573516001645856,0.9178869922589845,2,0
0.48202786322451463,1727.7299082368775,3,47.0872833997817,0.7467097099583885,3,1
0.7172187267537691,1200.0,7,53.76503764284097,0.5289389462434553,3,1
0.9476807912097409,911.604546961679,3,25.372308092937967,0.8825782921921868,3,0
0.8975869226146932,988.8396654581344,3,20.685133060076645,0.8585844179617921,3,0
0.9179731858996821,865.1291484194328,0,19.10507126260432,0.8070902293201436,3,0
0.3064665464733036,3249.1792420685374,8,90.12065798338712,0.22733079346049542,1,2
0.8364707642382392,400.0,1,28.33053819664952,0.8974954714099496,2,0
0.18754857175406228,3476.1966875164044,7,70.83698314108207,0.47923743651305495,1,2
0.2786807351776801,3576.648772588139,10,80.4632016920704,0.5067202579654249,2,2
0.4778957630468789,2132.1028359063944,6,68.71341991583186,0.6856670350940237,1,1
0.904563692882574,578.4677945763883,0,24.745095264743078,0.9762646901663573,3,0
0.7501577513037139,1995.1146848321544,7,52.258371312131864,0.6139806426999573,1,1
0.37975167605908355,2751.6847196138,12,102.79652322275015,0.39101865587209506,1,2
0.3145780821406141,3484.6395086725333,8,110.52438527985889,0.330009810924885,1,2
0.873129423454716,608.489700107014,0,27.4877523956037,0.9652044572377251,1,0
0.48025061896508026,2713.9361855030224,11,152.37457641737308,0.5448985762971342,1,2
0.9798479933036044,1047.1243994491492,3,25.295187626864575,0.9008939932811162,2,0
0.8621113804945799,869.7453432692977,1,29.08205546791795,0.8318843818627405,3,0
0.48177963466273155,2470.352890932266,10,115.14953820307161,0.36341448137421994,3,2
0.7536002754673861,1231.2153609487482,5,56.124682555920856,0.5119707027629266,1,1
0.9223816877578903,1116.5382107774146,1,17.7904550699593,0.9028951501886266,2,0
0.8459728053433029,1030.0900185072278,2,18.211566339189776,0.8490556104272372,2,0
0.8811891079080595,794.189464530741,1,25.926065395854046,0.9586155211200154,2,0
0.9395657989822557,806.8388861763674,3,21.008106934395478,0.8474431311653482,2,0
0.8873823839737542,959.6316931981052,0,19.12154346394212,0.8408944255727989,2,0
0.565003464921181,1605.5274391383946,7,58.65861888861247,0.704721413202634,3,1
0.9168894346302567,879.3490479701906,0,26.250293875117727,0.8006741170480313,3,0
0.62354467963107,2039.547952015304,3,87.3290504240553,0.6097321066890333,2,1
0.36087318164698623,3375.622075835182,12,93.93396355601253,0.2806916663650438,1,2
0.41103515734925455,3683.813194296828,8,125.32642147919238,0.478690188709325,1,2
0.8497056952242251,940.8778063205954,2,29.328615444064507,0.9187863731466308,3,0
0.8174374028792474,1144.616613419065,0,29.68647388729164,0.8865892029457373,1,0
0.8969423402155495,984.8787875722026,0,15.670307059395103,0.9622140419518282,1,0
0.7545554564128875,947.84937282223,0,22.297221094697647,0.9458370529106004,2,0
0.8144207221278035,1053.6414433263474,1,25.77070640347776,0.9667140058591009,3,0
0.7980722547021677,864.8291191135858,2,11.421119255469137,0.8192882054468462,2,0
0.911368073976792,524.965506070851,4,26.20948068519756,0.8089860474194083,3,0
0.6441864631213727,1465.0505301309072,2,73.86807851649424,0.5967494722084893,2,1
0.7762566631216241,1622.9540157614656,6,54.64228945280286,0.7082611667187956,2,1
0.9962102997405836,595.5281627564218,2,34.2341042515325,0.8809423731593283,1,0
0.8076674529294396,825.8983802819942,3,26.350347311547637,0.815896289819344,2,0
0.46895223273553555,3709.087221419173,9,85.0623298893754,0.24110412301630096,2,2
0.4629229131441298,3588.998122744203,10,113.12179853655044,0.49340532310993424,2,2
0.6723085985648334,1788.6450683372445,6,60.43807418015613,0.6292744678036581,1,1
0.5740671637132468,1466.1293503014276,5,55.0565915310075,0.7421736748980421,1,1
0.7756693594907678,1769.2257281790005,5,62.112967414093994,0.705128232427267,1,1
0.517882417342268,1912.6777554663731,4,34.7210936822855,0.5797388784080655,3,1
0.7206091813475903,1729.062113725089,9,52.327419035723466,0.6250940070768668,2,1
0.40313225497352434,2538.617334000278,8,71.93003045553782,0.30439680288803933,1,2
0.5491904456578274,1279.7763443326994,3,76.27693607114412,0.6989033010482073,2,1
0.5997665008148035,1645.0299551598312,6,57.342707801967784,0.6716991841427364,3,1
0.34483071385016456,3410.6753411503983,14,80.85625470528238,0.1779946040979437,3,2
0.901678761595714,952.2501062467712,0,16.59082091840489,0.8918472763197168,2,0
0.37376625432588695,3394.3315061645962,17,122.59876506447536,0.48702402174916903,2,2
0.47957939979087316,1980.5493648088654,7,43.74411433769737,0.6295966911951256,1,1
0.9849580309033688,950.0400412503388,0,28.277990236010506,0.9373139860213469,2,0
0.31836818055698846,3466.580462024719,14,64.63626478288644,0.4137260656445144,1,2
0.5367315986500882,1550.955577089676,4,55.847533944380096,0.6568671841297897,3,1
0.8023373308341776,930.351598449748,2,21.463656430897345,0.8771752535014438,2,0
0.4512034119189432,1551.7548989996528,6,51.77563092360609,0.7844684999867961,3,1
0.13824251365568313,3560.7632155644897,9,105.55374294208073,0.1867852330566852,3,2
0.848061011274933,400.0,2,26.430790841942766,0.8236827281382068,3,0
0.7690327148725751,592.8855753585788,0,32.34633572081742,0.8098171389215272,3,0
0.8721607976011665,939.0049968056253,0,20.15086805051117,0.9290306972121025,1,0
0.7561001953891345,801.6195104987589,1,22.35184725091089,0.9595755207269302,1,0
0.9437832058402786,740.1615986699493,1,24.632623748788138,0.8892512055987244,2,0
0.48472209646680203,1792.46765189607,4,48.67622478011391,0.7856057721217087,1,1
0.9714944370590468,778.6599410469406,4,20.191652378424465,0.9162649747529925,1,0
0.6199441932196159,2248.643660008353,3,39.01311345466213,0.6448664126031206,1,1
0.7389336959353701,2007.3192694374866,3,61.3874350529672,0.5458981327935208,3,1
0.9422468537951276,798.3719604705378,2,22.838338918738145,0.9516049253358622,2,0
0.5486106774877678,2173.7852104904027,2,66.6582611812276,0.5862934659077692,2,1
0.3705970453693441,2962.1929261866917,7,93.3076059068577,0.29442930685674007,1,2
0.8426605367667227,1114.0300476632856,1,36.80524447717516,0.829653386905389,1,0
0.7691499888240667,1879.8234036786168,3,52.305620346783314,0.5955594405889497,3,1
0.8373023936531652,1000.218833987969,1,20.834939584687888,0.8196148932747049,1,0
0.8950215519594528,653.4953370462981,1,24.25341529513714,0.945208658248051,3,0
0.8924724212178291,776.5493626906153,0,21.96793064679822,0.8773188422337216,3,0
0.8793172641104023,890.3822985338455,0,20.49671686598171,0.8328850662880489,1,0
0.611429387310522,1919.268686504603,5,58.446015329688336,0.7149615911627203,3,1
0.6718495975192835,1200.0,3,70.14812556088276,0.7982056075443169,1,1
0.8722116450642301,569.0225127543408,3,27.968500675211203,0.9730576362290007,2,0
0.16569360180650894,3336.237148048241,11,120.67207018528464,0.3245563709921053,1,2
0.5728998197377524,1353.764305066249,3,52.45967692514924,0.7071891417648358,1,1
0.49928498860542625,2431.4892979772626,6,57.44660886111585,0.5270972411165863,1,1
0.7799405329548128,985.1774412386071,1,25.694991694057386,0.8556683981825942,1,0
0.7553173527125968,1023.9422891932272,0,23.751207423494467,0.845377758721214,3,0
0.7041526426184304,2043.1856500230829,3,63.92038276607119,0.707051224924131,1,1
0.44246852178050144,2790.139119231233,8,91.19619632175605,0.21426393513144446,1,2
0.43840299084471035,3232.039956693684,9,86.15837537764043,0.4572888094674189,1,2
0.9518600387910157,821.6483701912356,1,25.179965432159054,0.9512964583908549,3,0
0.46154961761711527,1912.5120805560439,6,65.59108991295071,0.5892119876223572,2,1
0.30877171545012094,2725.493184329705,11,83.00832218943003,0.31900207197605346,3,2
0.4714697625576326,2200.0,8,92.1011153858183,0.3313549389750805,1,2
0.3955427739531644,3029.1084308657273,13,89.89901479379712,0.33561613506979115,1,2
0.11233310911376418,3085.1796866341238,9,117.90042151087128,0.5398707160478117,1,2
0.9857274259781298,807.0765405403214,1,32.05894262581019,0.9538217304094233,2,0
0.6444362992320716,1706.197290123125,6,52.8453869308795,0.5410405942109426,1,1
0.9995868778482374,964.5949007235337,2,16.22269637356341,0.8641801202639041,1,0
0.49943937439521413,2299.8247841658704,6,62.54538519556381,0.5873812147505035,2,1
0.8144854069287889,689.2635161707292,0,24.49658882039022,0.9357876719944838,3,0
0.7924394762718852,964.8114056443121,0,27.622678047524396,0.9663974165211672,1,0
0.48617624548890076,1242.6294780242781,3,69.61436218002666,0.74052436062612,2,1
0.8545607590726547,879.3556494135007,0,11.046209932951912,0.8120650542267541,2,0
0.4115942007886161,2857.2681841466697,9,100.87935592001494,0.3848015022648471,2,2
0.12076907292834688,3152.2902740438326,5,90.0753198132838,0.23360212936167013,1,2
0.725830935989385,1730.9500459466963,3,41.79960786427134,0.6909396003123487,1,1
0.727539120459946,1732.9309295199037,7,83.04894163692437,0.6481494770960804,1,1
0.18581753010213597,2757.0383608228562,11,117.83488585506116,0.391601119617806,3,2
0.19262708490659894,2276.4773430834703,10,114.39724349171759,0.2973977350576992,1,2
0.5702415370530265,1550.5903213308725,3,53.388636797068884,0.7508805194875513,3,1
0.8462744321504814,597.2571214774346,0,27.967747837445717,0.910468192733761,3,0
0.6693112112429831,1877.3066791302842,8,64.26673721698707,0.7596549390386501,2,1
0.511517562219361,1200.0,4,67.10643403320569,0.6590073276581502,3,1
0.13827431262661893,2648.137183054471,14,69.10517869557539,0.3290196612092169,1,2
0.8834006366817196,820.8638576487472,1,33.57956674199254,0.8301261555307973,1,0
0.8295008687429659,1223.0751378938885,1,30.90424871742688,0.8288708975011062,3,0
0.46177542693509266,3695.226872723392,7,89.41028885669418,0.375519867431603,1,2
0.5482292869566737,2054.0090263446004,5,39.42446012241518,0.5866112146399269,1,1
0.803377841577668,983.6411511775945,1,32.59093300261981,0.8170694789919383,3,0
0.5734101855615198,1971.4632872433754,4,62.82560213018171,0.657951597614644,1,1
0.8593687305059323,861.7944474799662,1,35.70929439419411,0.8088725598242849,3,0
0.7952442381773724,887.1623645783004,2,32.34164130074576,0.8671967731458694,2,0
0.5571236899627876,1948.5207303514906,6,48.950958050437904,0.71857944666192,2,1
0.2258848333802983,4121.455481508451,13,119.58525256028905,0.2939579362151258,2,2
0.9417970722327818,1079.4132393774264,1,23.682387434646557,0.9105938016770898,2,0
0.7591374169620237,1062.2793108983185,4,30.858242037876902,0.8095351230882982,3,0
0.2562979769031171,3094.865908155686,8,108.67923955929786,0.2968198693778339,1,2
0.5952722610804306,2138.9313082237177,8,61.32657380818137,0.5062066048526268,2,1
0.1424014928533195,3295.0429116965943,10,89.45191649982891,0.5146949094981126,1,2
0.8073128488081603,1039.1075515131556,1,23.62374587581147,0.9130728688118639,1,0
0.9845851142052595,764.8583841676776,2,12.695200864035112,0.952561663330129,2,0
0.7733350438243709,1981.9685253178047,3,53.647881983182415,0.728872675328871,1,1
0.5788854938009205,1200.0,9,58.74668145836388,0.7995338679718553,3,1
0.2448314683600119,2972.1758972713797,5,80.66772434219915,0.4202963936388978,2,2
0.7942526210691867,647.967046965484,1,24.94180802690435,0.8315403726259007,2,0
0.30433204485250176,2935.9975113248324,9,70.2555058488427,0.22166024102923684,1,2
0.9402559977357497,1014.62556264824,1,27.415867068784735,0.9328745415184099,1,0
0.30179981177543236,3621.879981434239,6,65.61017955514018,0.3793251457786606,1,2
0.3399835212220933,3615.92317679147,8,91.21280232167065,0.4809289853292572,1,2
0.7891092606677715,678.8590663028128,1,31.11605960349211,0.8622045572027656,2,0
0.9343753120274371,707.2482147578778,2,20.058864298858136,0.9769788775976742,3,0
0.4963911124588172,1698.4818758505241,4,71.38549473398797,0.5566486209961845,3,1
0.8778355997152345,681.9201845114308,1,17.291223040409186,0.8537845515349894,1,0
0.7022628445821634,2100.786674236948,5,72.20428278204945,0.5369903366139588,1,1
0.9430795979339098,719.5896891284979,1,16.039415583791644,0.8698488686105146,3,0
0.7317418236606525,2254.8252684523054,2,49.0848021126272,0.6705977686974464,1,1
0.33637794693268475,2814.495273168163,9,86.4037529384691,0.42465732704057324,3,2
0.22498433701967088,3595.314308351247,7,103.39508599902143,0.18101856156366664,2,2
0.6461844606974203,1589.4157880123955,4,46.42633592336862,0.7094074132278507,1,1
0.8651946920081814,836.4569806487532,2,32.15862203999361,0.8180792752151539,1,0
0.8232869325652533,743.2468668827207,1,32.641990324782626,0.9781761471268208,3,0
0.8183517679826766,809.9621470297177,3,24.66032747641326,0.8365677086941943,2,0
0.3662994889277741,3747.4731744937017,8,75.11790737142317,0.49854601782287267,3,2
0.7544893447049412,2166.832455096862,9,61.50937416065555,0.7848303563614697,2,1
0.618628941338333,1504.1628487200271,8,67.01334363683416,0.6789354189255611,2,1
0.37541162122758265,3224.461115932009,6,123.31908074405533,0.27098945824663423,1,2
0.4115004497150505,3459.840887424246,5,99.4261522391076,0.50238795549003,1,2
0.41241056412329646,3476.444949286099,11,89.77882215002415,0.34826905087859505,1,2
0.90572261895475,770.7545380312393,0,19.39067984371978,0.8488120014280166,2,0
0.6687250185039928,1200.0,2,53.49258904688689,0.5305106851024284,1,1
0.7562836213850965,1247.4829480498129,2,56.87360241032351,0.7170534077089441,1,1
0.3469095473853448,2556.3074239244643,18,90.46609292730801,0.29631349677516106,3,2
0.7214765204944271,1763.9719595323154,6,65.56077262970275,0.529703494904465,1,1
0.6961650239083199,1970.6653785472672,5,43.580388156221765,0.6357694001702275,1,1
0.8172483511087745,1247.7702703706664,0,22.15581078452148,0.8739873405034301,2,0
0.95996532571668,667.6432312175273,1,32.67450321665453,0.9360227198689136,2,0
0.7375479226066286,2116.86308362635,6,43.407732434886164,0.6836013017515592,1,1
0.4092602967555721,3233.030672162392,8,97.82392543718016,0.45515313617745856,1,2
0.9050181889821284,1006.90112969611,0,19.565078923462945,0.9729540038212603,3,0
0.8053023604549006,714.9150747880825,3,12.92255173663986,0.8648211887880207,2,0
0.5019594758726494,1238.1159405290682,2,60.393662051141234,0.7964352731187776,2,1
0.5557194502624611,1625.8432393745313,5,60.774341189650386,0.6360576026144902,2,1
0.9544463324642363,985.1687317259658,1,30.813703913513024,0.8478343477135991,3,0
0.7376401342716181,1642.899994113852,7,66.75316422819786,0.7443149322943813,2,1
0.8149508952660399,900.7391343695695,4,19.124084768292693,0.9586384801036913,3,0
0.8956056645518116,1121.1800848714618,3,30.625689061057585,0.9197139391997171,1,0
0.9612188277423637,1120.1919269997143,0,33.79430345022436,0.8201240668221087,2,0
0.3335451212514345,3334.28030606217,5,60.341924667502596,0.33118810045668823,1,2
0.6739188698309505,1828.3203289344922,5,50.394361361662355,0.5639302616475325,1,1
0.924162705969223,1111.9872768093244,2,29.781794773059552,0.8744149835313035,2,0
0.9536171206472339,654.0900811095166,1,17.490378445211533,0.8447645257048043,3,0
0.967960881936308,736.3142668115997,1,23.90561807570466,0.8391912261644645,2,0
0.36676153234646947,3604.286006652357,7,69.28347031960953,0.3471627313962514,2,2
0.5987369352256087,1883.9399882732507,5,42.4107442494795,0.6698442774022293,1,1
0.5568999096530363,1932.258798798431,6,43.21177625380693,0.6738699487861668,2,1
0.2941888600958934,3045.168613723327,5,111.14136932590154,0.35604617986889997,3,2
0.5000631831162865,1536.1859808014228,2,44.670493554975664,0.6676035429994979,1,1
0.25897734868894884,2896.7166368803687,5,130.1325092817939,0.4365707954361704,3,2
0.6980666236878995,1584.2120755051105,4,50.600702862965186,0.5504229382512476,2,1
0.499696232089776,3958.2609111839015,7,131.85379965017174,0.3928148970745845,1,2
0.7663390851997356,1147.4876269368278,0,29.068119492801955,0.8838740146735047,1,0
0.614456124132452,2200.8634929946134,4,46.52391546680803,0.7087401684632595,2,1
0.9356766302999953,483.1774121002823,0,25.785886775182213,0.8550906556789117,3,0
0.46232603948921824,1895.323370657187,5,57.87073840686998,0.5883082063412911,1,1
0.7803462348556072,1044.2270725091164,1,11.648224583339346,0.8696992142742569,1,0
0.15563013520828536,2532.5347708126205,14,75.25367225825025,0.47136320627217354,1,2
0.7935916072512479,1061.611559656229,2,32.484311751847976,0.8745323514992797,1,0
0.15260741800768995,3789.668829188464,5,96.54113677975992,0.3654046719711769,2,2
0.7872220125831112,1279.4577389546223,2,29.05662957576899,0.8582929335342521,2,0
0.9156305710884955,1311.4990939423396,1,19.989054370824956,0.8347043424799627,1,0
0.5608680040227052,1714.3544201449995,2,30.0,0.52011183381561,3,1
0.15012770316314047,2667.389169644874,5,62.15827425534691,0.41776048461174486,2,2
0.8569432834339656,1039.5806545078055,0,24.89280051159349,0.8309992979972659,3,0
0.557587739251735,2188.094496675097,3,46.26202119834042,0.5690957950422524,1,1
0.8450489046964642,788.8906441026267,1,20.7674080235306,0.9410520936398173,3,0
0.5441370084407059,1467.6264392182352,2,42.993767195819714,0.5259210081415628,1,1
0.8269824853977977,673.9592550652153,1,27.659745559644552,0.8991856434824282,1,0
0.5990401059454638,1654.3491742208953,9,44.24004822636256,0.7964644858747345,1,1
0.290407215153643,3193.600665064458,5,94.75842846248386,0.2794792128068865,1,2
0.5924832876055242,1496.6133049920493,7,60.857067996010535,0.6431241891924557,1,1
0.46897663755677366,3461.5592435761255,7,95.52711516691168,0.15702299193158206,1,2
0.7734954849602172,972.3007050412203,1,24.307543970801287,0.92386049772699,3,0
0.10240306413531086,2973.062141609834,5,138.82341183022922,0.35263336228707565,1,2
0.7945089917174378,883.3124060419278,0,27.712583730704125,0.8148235382606165,1,0
0.7545581456690904,964.3186422678477,1,23.32942309285916,0.9597123803199192,1,0
0.7515964679292084,1290.8314867500571,0,25.60173833504223,0.9192373952158434,3,0
0.7820985723635313,986.4525901268311,3,26.601865539229955,0.806328928391955,2,0
0.6739469116461232,1902.8566741475513,6,56.70235957848556,0.7830510809510671,2,1
0.5027292354974783,1920.154191823454,5,30.25759127253196,0.6749093319005919,3,1
0.46827894090690997,1913.408201977723,6,57.3938919834891,0.651807393335113,2,1
0.6506002824782731,1854.6368733687718,2,66.42069814002475,0.6516197907716761,2,1
0.3446015772718588,3430.0685020725027,11,115.19506372533907,0.4681784580239631,1,2
0.5084879452648766,1984.2616346941538,4,63.79211086445782,0.7151052204094299,1,1
0.7938428196558625,682.9698946884404,2,28.151844775012904,0.8900890811137905,3,0
0.4242426450116157,3881.621629120729,11,120.89644828545582,0.5181326630796674,2,2
0.6752905065760262,1576.4468378157549,5,42.160276544513295,0.7732126199226459,1,1
0.24461616619936938,3321.4850502094173,9,106.58474277731698,0.3463703291290844,1,2
0.5383580496280488,2293.118765119024,4,46.13162696793904,0.5305458252460343,2,1
0.8621734056556327,931.3945921936869,0,16.961486477883966,0.9725027450535696,3,0
0.8854085536652168,1038.5837246063222,2,28.450646925938624,0.8632195335201626,3,0
0.9992811250394278,739.1368480680015,1,22.380603691422003,0.8135578577901329,2,0
0.3360590324051401,2783.5733734793603,5,97.31850778305441,0.2238733407859887,1,2
0.6551805974114812,1872.6318732006425,4,37.79057922936546,0.6514830891853506,2,1
0.2668518756691519,3625.0468513310184,5,127.30285933202522,0.17841894322293966,1,2
0.7508045659010697,687.8789867206798,0,22.24061294406853,0.897385452031306,3,0
0.9641224602970806,973.9284384396187,2,23.621588011012896,0.912217722819805,3,0
0.43264692305269925,3273.7770966358135,9,60.0,0.19207543834625174,1,2
0.5875045255423745,1596.488104258851,7,56.013959131079865,0.7175401135499861,1,1
0.6057624690987187,1452.6036796125054,8,64.57322705565726,0.785881009775518,1,1
0.45126750848789643,3330.911467252107,7,114.10769140063206,0.4345190135461836,1,2
0.7810743058713862,969.5352967076673,2,21.563064858517357,0.943503123504104,2,0
0.7374347148399373,1555.506432716049,5,48.35243145567158,0.610063868851277,3,1
0.7135637749495185,1825.9531635758888,2,54.603715043476974,0.7738796711892295,3,1
0.30485867241905973,2892.0608794840737,12,71.99068270480424,0.38016289560625693,1,2
0.9487965486921759,873.1382517058904,0,25.502196391693055,0.9670415735194197,1,0
0.8261697847745102,1149.9237810593334,2,35.74887604218482,0.9433787397283697,1,0
0.7940967466265558,748.3009330599862,0,23.85065704919053,0.8182834179623687,2,0
0.9902976409559785,866.3712362830421,3,31.898291975359783,0.9544391400909246,2,0
0.4075827762693418,2941.7957561859766,5,136.58505666035146,0.3090005507428675,1,2
0.5469546695091174,1870.9560908838912,5,40.930965247937095,0.7889834951215615,1,1
0.13198107649769028,3210.7756060254706,7,106.90363818064924,0.2047813978963975,2,2
0.2291607959146683,3205.394406364463,5,82.3012663693612,0.17794992407325286,1,2
0.3186673209994302,3399.5978056271433,6,98.95663696793193,0.3731199023342578,2,2
0.7547980692057642,669.3298978808082,1,27.836493840854175,0.8328457395978613,3,0
0.8228072850495105,649.1421153661502,0,21.43947633893246,0.9511220071655759,2,0
0.9679458916480504,893.7882134258197,1,21.352040216990517,0.9435066246166594,2,0
0.6624016530499797,1345.409913665415,5,57.76087219774544,0.7414528395989444,1,1
0.7582048634924285,1856.9118707675134,5,66.248929354482,0.5952983685588492,3,1
0.9124082247618037,908.7204892744908,0,23.27465133909319,0.9450146465494853,2,0
0.9238668016724656,858.6777440607907,1,29.054511289055224,0.8668113417240404,2,0
0.9265605567891241,1060.0819050455364,0,28.18999357563157,0.9421841603065122,2,0
0.44882146153233016,2227.1458428449114,8,121.16723760492712,0.5141641692312441,1,2
0.6073787904256508,1200.0,5,48.33153850259178,0.6969643030733224,1,1
0.6971169321924109,1947.4644743304602,5,45.47342145762015,0.5018287714945608,1,1
0.622218081012416,2049.107028799934,3,61.16118893799195,0.6521025140678077,3,1
0.7578949081330388,1682.8022446360874,9,53.284835099320944,0.5306363297984708,2,1
0.12568528666804624,2995.1654668384554,6,104.77173520776068,0.26680572133478153,3,2
0.5561227003196135,2287.850465539272,6,39.884322648351386,0.6733345285135922,2,1
0.5670413727814024,2222.414772140106,3,61.51648653007067,0.7041909177340199,1,1
0.8940720900417033,1142.38879707728,3,32.801493665512254,0.9105278492550615,3,0
0.6237445140183197,2288.807046882787,2,50.78148500261906,0.5022707302385426,1,1
0.5664135937327954,1448.7447361434954,2,44.39042005514987,0.5063691475021919,1,1
0.2041035324107172,3631.323520978246,10,74.09383219718814,0.40428811239259055,1,2
0.5717319253834219,1827.2889652678798,7,67.88663699377683,0.5936961889625888,1,1
0.8731545234982174,829.1918578117952,2,17.499846803295704,0.8180057007920877,3,0
0.9746385471317698,1174.7317090325914,4,25.032222273016018,0.9411994775727313,1,0
0.13793587694006484,3107.597837248597,11,91.63465650281768,0.16823546581098725,1,2
0.5923638822110292,1721.48853728831,4,53.78804030296683,0.5455199519300626,3,1
0.5139262609522549,1757.5919375189483,8,51.3035451083078,0.5271291138696973,1,1
0.5630159435578235,1757.0271654522317,5,62.35247595543163,0.7961836995152853,1,1
0.9788720743970105,907.6475989920057,3,27.75508100400918,0.848383477310056,3,0
0.8741917147147924,988.600426089475,3,27.823593481020154,0.912380394779217,2,0
0.8075022093219257,1119.2938467621768,0,22.095117214676737,0.9031630261890616,3,0
0.9959197313158534,856.8664724904735,1,27.177815754380006,0.9393669023178413,2,0
0.9256162426360259,845.2013836341391,1,23.385186690452542,0.9504663331450064,1,0
0.5095593926624838,2016.6246647583332,3,74.8514110535828,0.7873398774649959,3,1
0.7526045210698629,1905.0538095344416,5,49.82871270647429,0.7068961892227775,1,1
0.9526383326954582,1085.2430804483186,1,27.159123788529975,0.9226110590791109,3,0
0.8149533021862585,1127.4629084729459,1,26.307826720231954,0.9104223367936263,3,0
0.24256283822087388,3034.2737736703643,11,104.40590790544502,0.38756021468612284,1,2
0.5459326024484461,1587.4763449514771,4,61.77248012356246,0.6326956569087125,2,1
0.7966417560128265,828.3319695957556,0,31.584578988499487,0.936259056708138,2,0
0.30951854934891143,2648.537785228326,11,94.80413051836149,0.20349209796603165,1,2
0.6651648230619134,1827.2910616365562,5,41.06414068015032,0.7706799276270455,1,1
0.46521076375875725,2841.2517278306123,7,103.38590105023879,0.4638481566385003,1,2
0.552551359472899,1759.4538046781113,7,34.18111028018361,0.6127601262414378,2,1
0.6308509138331257,1914.0037619852706,4,51.06339192732473,0.7582309714184237,1,1
0.45524452308952434,3158.019081498947,9,110.62820004790959,0.273848655506068,1,2
0.7306722961696417,1754.9197099237608,9,75.70674623332116,0.6550378109737971,1,1
0.5114236109414728,1362.4689637171268,4,49.21361947432983,0.5706442386952295,2,1
0.47054269468067994,1840.8641862434695,4,37.38624049001294,0.5688435374749604,1,1
0.7497352457508186,1703.0234391804172,7,62.43694227233671,0.6512326783098803,1,1
0.671205621724158,2232.6822933742887,6,39.743537787201625,0.5318281513111566,2,1
0.9471493028061326,1259.0422711824644,1,25.80273437719063,0.885281005215408,2,0
0.7151773084621024,1561.896457729247,5,45.916164109742915,0.6935510208063591,2,1
0.4717472360009326,2666.31512433072,9,111.76836219033085,0.4314490848234013,1,2
0.699385664088358,1338.7705136532097,3,62.71576548801989,0.5566096990385998,2,1
0.13926190268334473,3881.0531938306954,6,89.74563110858057,0.5009420489417125,2,2
0.835454337924469,994.4004541838549,1,28.114417236233322,0.9779101781551753,2,0
0.4806569057830594,1345.474811753891,8,51.26951422147654,0.7578028038056088,1,1
0.9280448053368839,1334.1885434995627,2,12.791909963831966,0.9181210382735852,3,0
0.5366078620980672,2099.683761859629,5,71.20112708014284,0.5721763896927616,3,1
0.472855852566335,4583.516185710083,9,92.07232253956826,0.3080847049495377,1,2
0.81060243310377,920.8711875046425,1,18.272792038966898,0.8043130493223686,2,0
0.835311956906539,728.6455812346414,0,22.45043898665824,0.9716581611733888,3,0
0.49033728364199364,1484.4820738995488,2,72.02381207727377,0.5265732979789866,3,1
0.7597381042122601,1954.3225982955605,4,37.47206361328054,0.6645374426110681,1,1
0.10232828404036104,3251.5156494662574,8,86.66412795449745,0.17699960813053103,1,2
0.705261332779894,1649.5238101765271,9,49.59340695294313,0.7908861023574286,1,1
0.5442010476947597,1665.335398876251,4,58.693006674474795,0.6356672711383102,2,1
0.12252050084142795,3103.3650583108333,12,105.27653554405995,0.2871786245936128,1,2
0.4270030741622327,2519.04011411634,11,100.25372994726484,0.4298825711802148,1,2
0.9314889197175599,937.9163233197487,2,27.465941217265,0.8451317286803698,1,0
0.11381991251267594,3755.4818824285294,10,120.1957669009587,0.41137498086750834,1,2
0.814140695925341,1155.8929863315502,1,30.76900056582381,0.9137584419436644,1,0
0.8888408877344078,778.6269644285649,1,35.00051877126202,0.8202856148788986,1,0
0.8054930404832373,696.067132261577,4,23.080140823893853,0.9398296465006919,3,0
0.16954700642160642,3937.887532752781,8,132.63067454686166,0.2267907110335296,1,2
0.7709942912752575,1987.9945230580563,2,68.84417319231996,0.693153702840867,1,1
0.44639092681717774,3211.78915604396,14,131.032810563527,0.4171057425414456,1,2
0.3333889467160589,2913.3528231067176,11,98.3054151160375,0.2546006900048353,1,2
0.8095456952616816,578.6845798522642,0,17.903106986174265,0.9674012095699699,1,0
0.8563733336120188,1244.9393299522217,0,19.861260086525434,0.8392038407209559,3,0
0.7686376609199427,922.6540821075529,1,25.314177383219576,0.8719111655469016,1,0
0.4341022376834961,3307.6841887472465,5,112.93839850710984,0.27989024900257375,1,2
0.9919650087112576,935.5500212536062,0,19.722166403662385,0.8008639684671268,3,0
0.9760396736234371,1382.5230843225831,1,15.263509568064912,0.9249840600191488,3,0
0.4836375292375881,1933.572973695712,4,50.01915270054708,0.5886057218615524,1,1
0.8806832073454985,1137.4772103129503,1,20.816297917181117,0.8700421417307055,1,0
0.40787870038954743,3163.0401530158515,7,87.77212138968277,0.198134399537843,2,2
0.7249063782527669,2101.1403348644435,2,56.62052023556451,0.6378405860484637,2,1
0.9929455206802402,805.0192686754951,1,25.17056958227031,0.9026694979237209,2,0
0.4610321979665376,2620.062482676022,17,110.97996995331076,0.3483474907124301,2,2
0.5554995765998627,1200.0,2,50.95524660551163,0.6442639507486099,3,1
0.21651870319123404,3304.210763511104,7,97.84774229176996,0.19947355211256626,1,2
0.3447272491110591,3757.0889167976634,14,94.68301173827749,0.417238472833945,2,2
0.7669031408980538,1165.7281656496461,2,20.472811875912743,0.8933133580522237,2,0
0.8625927340645463,1004.4285091867872,2,25.83332512807226,0.9726212756175983,3,0
0.881290845916765,1051.9424590968338,2,28.95604597041467,0.8771414908050256,2,0
0.8418836055728829,988.2614303398492,3,35.66961543582686,0.9700078183721439,2,0
0.600989984433226,2800.0,5,64.48564878201908,0.5409118942941737,1,1
0.8958421912742899,861.2347722454393,1,14.766690454602367,0.8565634736899109,2,0
0.7411527613649764,1200.0,9,61.71186249788414,0.561786367759488,2,1
0.5964981044020272,1464.6647152182318,7,77.9616587044759,0.7609578646121505,3,1
0.48544904421103063,3629.5858863368885,7,83.31143064647254,0.30330769076525393,1,2
0.9741971024765029,579.8192043046969,0,32.10291435106466,0.8495072466093321,2,0
0.3181216689592029,2828.9185763643777,11,99.6187320429289,0.24368633724122932,2,2
0.8422284098924431,936.9481157791449,2,10.853848635741464,0.9727701886517979,3,0
0.9442867289818592,741.5160158000077,2,28.40508076773768,0.8180116408819761,3,0
0.9658334123929563,758.1117995144907,1,20.905926160724405,0.8205088729630374,2,0
0.758184834589455,1995.4695822727317,6,49.26346994939284,0.777715682050149,1,1
0.25335340429094205,3232.9430573354157,10,106.19346316147266,0.43213504436805494,1,2
0.46871599563313443,1451.0181065071292,3,48.93534500035568,0.6805309071115433,1,1
0.8629419196843073,777.5666165690359,0,28.845329947081723,0.8757368373997629,2,0
0.7692383004073022,636.1505610802465,0,29.79946769013032,0.866000092017434,1,0
0.5674240249603281,1688.940683489901,3,46.751962672944714,0.5593950768348674,1,1
0.8527571174516761,526.0367320935673,1,21.964582357645813,0.8033027591012539,1,0
0.6860043623976845,1342.687190671403,3,73.7794916203441,0.7114219972132493,1,1
0.18900802111514148,3385.6459406591034,5,60.0,0.26566071439852024,2,2
0.9770664714916635,1026.944293712354,3,35.61602394040375,0.9532589653396006,2,0
0.8290390262441876,626.336992233438,3,16.253251671910903,0.9484904473029003,2,0
0.5704667158548252,2106.07371493938,5,51.45867986711855,0.6149104868059325,2,1
0.6387266593279222,1960.734982232759,2,45.95227245535459,0.6644800840602441,2,1
0.9091674205418019,1000.5568853790388,0,27.00494573123893,0.8781626053900513,1,0
0.9718031856440816,904.8438913345516,2,34.729885575707925,0.8779536984656227,2,0
0.8671651604985315,1087.5140275253116,1,23.579436651774753,0.9596121905502628,2,0
0.9677422809365214,853.8950749639498,0,29.489174706364885,0.9064751835239672,3,0
0.6574658300301196,2167.024248192225,2,53.205014864033785,0.6529975483388849,3,1
0.6187761351928156,1756.5787627222985,4,61.017631290439105,0.6268190498557973,2,1
0.526602438694025,2031.046052807794,3,53.134361139956454,0.714211270918439,1,1
0.8592126756537949,966.1702609231155,2,29.850467061596184,0.9114574265053681,2,0
0.31216324936542517,2232.009798392587,7,117.25717682850555,0.46014511053384666,1,2
0.5967936550073265,1652.2101473975094,6,36.81534368224845,0.747373375705612,1,1
0.8631098790331734,890.2695296859098,2,29.130321584276857,0.8884053744442392,1,0
0.7942776698517622,923.0052158294834,0,25.59315667006612,0.820800205790541,2,0
0.4926168300629409,3633.3515243655584,12,95.77941013379966,0.4980060919935564,1,2
0.515749819932924,1772.7532764594866,4,58.09741139164504,0.7137576760629691,2,1
0.5031153108607206,1916.8431666770773,5,73.22258267733524,0.5859974956377617,3,1
0.8600497494888726,863.369905789341,0,10.0,0.8560241454641475,3,0
0.6288738549028032,1813.1866716480058,2,34.26211699985767,0.699769045052676,2,1
0.9751045142908326,714.5293731618851,1,29.345003445262982,0.9651366535048103,2,0
0.29155254087302407,4290.539289412061,9,126.35044483946444,0.38591875314319946,1,2
0.11766575544959067,2812.813463556525,9,78.54962261894909,0.31111842868481054,1,2
0.8016053179401508,844.2074139336382,0,20.506161416379726,0.8350333364965805,1,0
0.9000051370298259,844.2233211698486,0,16.668938506496552,0.881909306865465,3,0
0.3485812627312912,2837.9202155884204,8,94.49816559641376,0.32112092994957064,1,2
0.625052790013469,1824.7962386182994,3,42.30507263656654,0.7591053973674718,1,1
0.29595333539952806,3421.710025343466,11,83.41165021372203,0.21964388098615747,3,2
0.1819546410245681,3112.204881652719,9,119.28366869142374,0.2521736381259204,1,2
0.655221443280128,1943.590674143271,6,68.25781879551944,0.5909644679901431,1,1
0.705464437373451,1893.1402587017508,7,46.9116814327608,0.5332772117319041,3,1
0.5625088405036845,2064.2859557776887,4,49.205045833259305,0.5001199077767975,1,1
0.8970505667370976,1130.718068663385,0,32.25487771654127,0.8827256610582999,3,0
0.2732172791635159,3080.240639316749,9,101.02617239314385,0.4858437933970162,1,2
0.38593922981069617,2396.7820717656837,9,62.035572967511776,0.27399024058303795,2,2
0.9268096585783496,1036.7138646400956,1,12.049948498665215,0.928541874932415,2,0
0.6049001449153386,1667.2639322800592,6,50.893634389344896,0.5056073564786001,2,1
0.32433353124468456,3033.655910177974,8,114.87314219818101,0.39542983366648565,2,2
0.7664727863908797,1200.0,3,37.098870849426085,0.74535238664734,3,1
0.37702009472351916,3663.9740125656085,16,99.34879946091472,0.3429122369877636,1,2
0.2582359763491198,2922.948533145095,13,109.13596219672428,0.18237708178641787,2,2
0.648551107181986,1426.6313558603686,2,68.2812955031232,0.551368758100966,3,1
0.7743954221330289,1623.9601461826803,8,78.89762727858965,0.5422659828572266,1,1
0.4980819335593383,3402.7869993954164,11,110.72430242984565,0.35762522575862765,1,2
0.7527578161071617,684.9375213901524,0,24.146317019243334,0.9266013718134078,3,0
0.21695472892570078,3171.929105356686,5,95.47987661454185,0.44410368524543575,3,2
0.4501110251183563,3279.311016856043,5,108.55909844159287,0.18691225903676006,1,2
0.5523006114181608,1949.603379829185,6,67.73613246103398,0.7700417505829473,2,1
0.5742023070084283,1698.5808161448608,4,34.70355012615664,0.5146914152856563,1,1
0.7769728567483261,965.1592633164333,0,30.18322995731204,0.8297963526848959,3,0
0.49114755391766696,3002.749233106552,7,93.35918841682303,0.5164417427853341,1,2
0.769847879098146,1795.3488682445739,2,48.10949235493859,0.6999160068701773,2,1
0.43939028872246566,3101.242587991493,8,92.38237921467146,0.2498615930357564,2,2
0.25212733686096694,3720.085208213265,7,112.98960635891422,0.2663367120712225,1,2
0.41135911536467296,3819.7042861426276,10,74.06502686246361,0.4504976791752815,1,2
0.9743039394883317,1132.375660521638,3,25.346183332994705,0.9164887210028523,2,0
0.3819967535005502,3581.2333925970674,12,101.70838576095788,0.22796743616811171,1,2
0.9148384805514457,626.8351689169122,0,28.279414977173534,0.9247055108928381,3,0
0.9290376685557984,862.8308495614506,0,20.87117762709046,0.9103530157788887,2,0
0.715504375774648,1911.2026072545268,2,57.64932280169175,0.5327793456863453,1,1
0.20894697308811178,3217.0273802460338,12,117.64514523459559,0.4370829304153371,1,2
0.4923810018959731,3125.658760797922,12,79.90040668324795,0.3920131753239867,1,2
0.7714145623991077,1068.3967390904254,1,20.996767693142047,0.9657595084094351,2,0
0.9602178948564807,590.8540426618533,2,25.820735200461975,0.8573837051150992,2,0
0.21057151399471327,2911.4663576775106,5,101.57530526160971,0.2285740014779134,1,2
0.46964956554082377,1492.4148973366582,6,57.29746133349795,0.5299679247612668,2,1
0.6144858073435482,2213.972079665229,5,49.68410920671361,0.7259920214529203,3,1
0.4709331363313446,3774.5643262971753,12,92.60268834429225,0.1512205063044306,1,2
0.30157014152993306,3800.7813100766657,9,83.33418739066438,0.5136505149359087,2,2
0.8301950162429339,1041.8903634278079,0,26.051471164195366,0.9303444761898739,2,0
0.8038004680043094,694.8494632719446,0,14.763621516411392,0.9688070537418612,1,0
0.8588958287032332,768.3503175332303,0,19.01024165007358,0.8938559676226983,3,0
0.9860666222783585,1192.8354477504874,2,26.909593225361228,0.9762628702975972,2,0
0.7666630101401725,1041.2157827630263,2,33.076718511389785,0.9515045182574606,2,0
0.49728767717220834,1436.1663634976585,5,55.32038090843029,0.5454526133168202,1,1
0.4579186621140241,1879.3072441622994,5,47.47837386913658,0.7752001760438718,1,1
0.9037532420097166,563.4682611754629,1,15.445102166330768,0.951260522879795,3,0
0.9877158905626026,864.6451673768436,0,33.16964341790051,0.8812095206637672,3,0
0.802127628589334,752.9393078636095,2,18.18015469919657,0.873320285690587,3,0
0.6223555261926867,1522.6546969050416,2,52.694152773917786,0.7093331287942966,1,1
0.7862237180228058,981.9637313857025,1,36.98368301370789,0.8911469012381261,3,0
0.70695520985472,1783.8294851118621,2,61.85867885246513,0.7470374229362715,1,1
0.4072788992892151,2646.0856285312966,9,122.70630430488103,0.47696164449205225,2,2
0.9681825626211504,1199.4863366359252,0,33.567711413518516,0.8670208073093686,1,0
0.9455963710145684,807.3677275829202,0,23.972300053214877,0.8601587528067368,2,0
0.7575344037762437,1926.5596619509258,2,50.2559090430034,0.6910706578437609,1,1
0.743967925123555,1618.863278880382,4,62.18840100740458,0.765249531154037,2,1
0.6832586379516025,2265.0595005347373,7,59.947722328402406,0.6168304899435362,3,1
0.5787954032769802,1481.0871451997405,3,44.78617967843684,0.6836418903689652,3,1
0.4044079849583647,2418.40532710592,11,76.9463032869636,0.3663925898356886,1,2
0.5920295639453049,1843.117781477679,9,32.11233505541044,0.7068851947353413,3,1
0.9168874748228676,1109.7414252833128,2,30.642802046328576,0.9528960085018802,1,0
0.7926310309218229,912.3359699695943,0,22.70594835414608,0.9665979786552001,1,0
0.9785747016401247,516.0653687604688,2,26.79863341361282,0.8252582335582087,3,0
0.8051924031971901,990.9481824282269,2,30.524895195279974,0.8499276463999943,1,0
0.9562623525450156,580.4801660809136,0,23.352532001482224,0.9028540507479622,1,0
0.8149384459400816,839.5909001020271,2,23.95247365463345,0.9427120160906819,2,0
0.8177080628155186,1062.1616546319565,3,26.2935981022352,0.8470028859979539,3,0
0.4013452091458536,3273.160201811289,9,96.47647239176769,0.23495647894249982,1,2
0.47069812499745817,1514.9240927011538,3,69.31213033289792,0.7685655460167793,1,1
0.54771865310193,1881.1288483336205,6,69.14136262450386,0.6437855314099499,2,1
0.8383380570065132,898.1399357722771,1,30.65445577020481,0.8883097438961132,2,0
0.7522992629041574,1090.5749094405878,4,34.189854796894224,0.8851048035402904,2,0
0.5933858889273704,1943.8206467575617,3,64.36157948696209,0.7595512957415065,3,1
0.7106777979484404,1898.0493926051095,2,48.14524552077692,0.6564484968187909,1,1
0.1923470263204691,3006.591488503482,6,120.7803461400918,0.48828706461952576,1,2
0.9939630198656336,849.9906970802094,0,27.407242980897973,0.8503269866941818,2,0
0.37044331674633424,3423.8179902939205,10,120.00581578011413,0.5305205317702212,3,2
0.5186030582368377,1792.0267793442204,5,58.57484039588722,0.799601766305384,2,1
0.9960208672998238,898.6957369541084,3,10.0,0.891415166770879,3,0
0.9902675793673638,610.070956060294,3,17.058307609065764,0.8990531941729634,1,0
0.14007416173298806,3467.4275413199884,16,77.94405029012663,0.35072248484506197,1,2
0.6365771028327347,1609.6598311252374,5,54.29042739568506,0.5736175879802021,1,1
0.9229737994231733,579.6068376205662,0,30.58669545034561,0.8926963659167021,2,0
0.4225810270781607,3167.245839040254,10,91.46082327143264,0.2998708452778446,1,2
0.966376781473495,1058.1251198325538,1,25.547178216228566,0.967501164866403,3,0
0.8974794217136582,701.1301250782975,1,16.812107956783716,0.9788071018688315,3,0
0.5896755171127237,1825.9873537878027,6,41.876223599673864,0.648162974010138,2,1
0.4660682515781852,3828.9298190712716,7,165.918089198551,0.449985337868804,1,2
0.95426801773732,505.9792364576329,1,28.194785846732174,0.8771017029982929,3,0
0.8352665877625647,896.1160788224535,0,22.210442953504973,0.847412650152052,2,0
0.39318351215407865,3967.262617432634,9,73.69191564732385,0.1826491634798666,2,2
0.4609842312569408,1668.398895027959,4,55.94473860443441,0.6973752610541231,2,1
0.4893508207353562,2580.786395133903,7,59.71333831278439,0.7313087541741558,1,1
0.17193709987249467,2759.360059332497,10,118.9153737248746,0.4188860318369423,1,2
0.9254917193144259,1041.6428846513113,1,29.851976592983725,0.943125330052074,3,0
0.6967227221569351,1826.8349219651514,4,65.3547526268235,0.66910847569513,2,1
0.21298227154328622,2863.397574855368,11,103.81205405665835,0.28919870080947696,1,2
0.9045545158290653,1090.6250090752173,0,32.230706437686706,0.8398868174791005,2,0
0.8977083151422527,523.6301909004721,0,19.402821329238442,0.8066407920039383,3,0
0.9611373496337676,1251.7240968390267,1,17.089491159241664,0.8385131115513432,3,0
0.986191432470607,870.4439362365057,0,28.735188063623163,0.9481450955832376,1,0
0.5554092925756875,1401.40076144255,3,65.65545094247216,0.6102170680494855,2,1
0.8824126445890016,879.1101562925057,1,33.01829082071913,0.8515986647205055,2,0
0.7495493632326831,1542.6931914765617,5,69.07108639716778,0.5683276441158565,2,1
0.28921900178461823,3354.8811762024216,5,91.26157351881064,0.4808936818041011,2,2
0.7943571923674267,789.9769434126922,2,34.0566943024159,0.830559849156462,2,0
0.9523402888696284,855.0288036383843,0,37.160814213621435,0.9095637550189042,3,0
0.9534925673765047,727.6593859487484,0,24.03974678961588,0.8785607117881603,1,0
0.28544878896022385,3062.355150228343,6,69.26837966626414,0.19739465341917511,2,2
0.4660160387407908,1301.762700660419,7,54.6071179987654,0.6181285763849818,1,1
0.40368403904360695,4034.4671280658777,12,124.03359921999949,0.5209833295248908,3,2
0.7903053218135011,778.4356025811135,2,29.617390862686044,0.809601229340933,3,0
0.53266547014966,2252.617119045756,4,48.42902312064342,0.7586679261790096,1,1
0.9144032230750858,775.4701276531096,1,17.868787276233398,0.9419635572616563,1,0
0.9368677345334391,901.3599689119995,1,20.574664212118165,0.9594662606750246,2,0
0.8354680415096716,724.0371292995892,2,29.09332648547698,0.9304620742151783,3,0
0.6240331856903776,1782.099028862428,2,68.74056633918845,0.5656272293210346,2,1
0.7209559305574605,1793.2671336275791,8,44.52448086998869,0.6018819242739202,1,1
0.7883378507790201,998.4037695985598,1,28.85025547114796,0.9226047858330303,3,0
0.23398427892208568,2917.069539576153,9,105.3899421961884,0.2061605960207849,1,2
0.912302575529016,712.0193797782271,3,11.548621871351028,0.9625401953272693,3,0
0.4798733491817003,3623.529602306758,7,122.14158921446088,0.22266276233515103,1,2
0.9630453750796351,1125.086956882954,0,34.916498221085355,0.9426000225039072,3,0
0.737946951058128,2052.197698125817,2,63.82818591151103,0.6734512896421634,1,1
0.9670355635943764,951.5505080285501,0,11.166126968774705,0.8199347314094917,3,0
0.9717716060662793,400.0,0,25.60736636700937,0.928719010451256,3,0
0.6812415205198775,1761.8192360091641,2,54.26024887837377,0.7282084079258722,1,1
0.8763130931119643,780.8677411913015,3,22.525919839459554,0.9042085806932606,1,0
0.2854306508954688,3422.910788938243,7,92.19877500380116,0.33293844066105194,1,2
0.4717964768176871,3076.654358187197,7,89.30418492337881,0.45153273456052734,1,2
0.34020298420948136,3673.5828677292675,9,110.32118567640391,0.30792653474472065,2,2
0.6499910393317249,1258.3345703241562,2,43.21849179672556,0.7355204171960994,1,1
0.6634357371570377,1446.46973939916,3,67.86887303796192,0.7764693727212035,3,1
0.35566902537506506,2707.728007848287,14,112.9591359205048,0.3086692648167338,1,2
0.771730072021856,1043.9515884296363,2,20.956471734021754,0.8978379046368996,3,0
0.813660163690941,987.3477103467019,0,23.545740307681555,0.9528327574826285,3,0
0.9544585540437553,990.7017425108935,2,26.618006733923682,0.9402179310619295,1,0
0.38767573904376906,3342.427381251575,9,61.13689608467615,0.48034703748024166,2,2
0.7294112387056324,1506.2037662690987,7,63.34559969366339,0.7253526781118158,2,1
0.48265425955655655,1899.54830915819,5,46.99931579309491,0.7338012311607817,3,1
0.8486190696425089,719.1863420528,1,22.61076445768466,0.843463561075859,2,0
0.9589950301280514,1106.5092408683315,1,29.5268541986242,0.8161780904181148,1,0
0.4645125349702469,3506.5248854827814,11,105.76004187746526,0.48999674774442403,1,2
0.390386779027181,3078.478141775173,7,115.25320374332547,0.47737479636382785,1,2
0.9520300948911042,895.4263875402236,3,16.7888791436487,0.8487320718359119,2,0
0.7706996669812816,1009.7767670634729,0,30.458700070606977,0.9461659927446789,1,0
0.5574627763934646,1525.5645192744373,6,69.76303578159047,0.508905551686841,1,1
0.6425920313265464,1793.875929020713,2,35.30470152165175,0.7989823331421921,2,1
0.9894063211263451,749.512952529393,0,28.740447843970166,0.8289686620164354,2,0
0.7712905241042305,1761.2727980492077,6,72.36090084421424,0.7931309421163075,1,1
0.3060320619821771,3710.0462789831454,6,102.76816222735157,0.17659221579456705,1,2
0.9061658922135659,884.5113078548013,0,22.814259424645535,0.9484889263671316,1,0
0.6166371032509154,1722.9973928129434,3,48.611516599955294,0.7766971539755225,2,1
0.6535566643387999,1980.4304719052825,6,47.019812642688535,0.5731328532907961,3,1
0.7477108822554608,2278.9428064955364,3,40.06344236347856,0.6390918075789908,1,1
0.47521472293028844,2841.860093222857,7,104.64069357007824,0.3094535885241364,1,2
0.797006183653854,817.2768668740714,2,25.526687199099023,0.9118025538363492,3,0
0.8478814245444574,881.7200884981771,1,26.85719158182543,0.9503652237522007,2,0
0.9237454715316357,890.2205633051789,0,10.0,0.8420442349619359,3,0
0.17558585701415283,2631.458524839557,10,151.70768224100203,0.5057603164362331,3,2
0.34265635409026296,3264.9469042256965,10,108.54615906588931,0.37181847289215064,2,2
0.1808184499183604,3107.8863888161136,14,122.89712485610315,0.24504279473630236,3,2
0.4079628132046651,3542.1369872257533,5,145.6211484727843,0.439850460863189,2,2
0.6649871090165931,2187.4549783938423,4,64.14765358696367,0.5797383420466518,2,1
0.7552362402577282,1290.6518275053136,0,36.13836218994932,0.8621367255871611,2,0
0.4676275017383885,1806.2712083776707,4,49.72058613314361,0.7324749162140416,2,1
0.3318828956391574,3088.7335586661566,13,69.32955515360727,0.40015625205017247,2,2
0.30225982756141245,2989.259511171747,5,99.27704036588972,0.2842331308913924,1,2
0.6842429347235591,1656.607493297328,2,51.863656998482625,0.5751271663556722,1,1
0.8002334221647641,1095.0624916955958,3,27.04806555607194,0.9147148687570984,1,0
0.9868208349029538,984.194588877878,1,23.310115706470416,0.9195875739532812,3,0
0.21652535646205387,3189.8142710485417,10,87.19925336336783,0.36816444363577294,3,2
0.996167434881127,1068.1468964259097,2,27.248678513156825,0.887062480236416,2,0
0.5617856831004118,2406.369752693469,8,54.85908217574122,0.7566591214948711,3,1
0.8176861682858885,891.3046100372275,2,22.000962415590017,0.8566182975686044,2,0
0.6365247057863741,1819.276473410149,5,66.09857071434702,0.5289864213384017,1,1
0.25374013373765975,2911.7675503806004,7,118.78023024885343,0.47112966588506267,1,2
0.9538653571137086,1116.0096131429298,3,33.04243852068531,0.9629158622098876,3,0
0.7530301936609733,1120.164279684521,3,27.22876412990506,0.8007707164104987,2,0
0.876808702172098,1297.4551998461616,1,25.755768489271833,0.8426739117601186,2,0
0.1597625779546779,3351.16934457695,13,80.43316135392921,0.16952741199620364,1,2
0.23628750652280212,3827.0797300785516,8,68.12000935718049,0.20907862536631816,1,2
0.2944689224514684,3307.6106619272155,5,120.5203022210752,0.5153585048263506,1,2
0.2088513884296675,3917.8985150958997,9,100.0408702045662,0.2581865416915466,1,2
0.34477166476609133,2932.863765827949,5,77.24642269539771,0.4621405558387469,1,2
0.48580445387324467,1385.7076802873557,8,59.801666796558514,0.661992311946332,3,1
0.7159566908326236,1711.3725531841924,8,62.92225887829533,0.7545223396440368,1,1
0.6911515596115888,1463.9114764533633,5,66.91421298210722,0.611844035353334,1,1
0.8659246012349955,900.0414129836395,2,20.622373817790006,0.9541338788089011,3,0
0.6304885013079096,1799.3759464116504,5,52.14788626870951,0.7377379977637992,2,1
0.40883341697772313,3001.9764912503833,11,113.47775568817526,0.41750588147622913,3,2
0.27014434853633984,2953.5400193052537,11,79.98257695182437,0.33886048555024445,1,2
0.790189974012077,1025.1016033662072,2,27.808911878105523,0.9550034437480606,3,0
0.5409596721053442,1404.9562832375934,4,55.12014380582209,0.6044998684499765,1,1
0.826563405196653,469.52329107816394,0,25.420749594789065,0.89397324280472,3,0
0.22895592854939004,2367.7442960646,5,112.14456116849465,0.269686830389967,2,2
0.5603672416698472,1200.0,2,52.2036520776623,0.7526760585309428,2,1
0.739811382390487,1677.013686229823,7,50.45887606504297,0.6265586766289213,1,1
0.9515503199482653,1097.4669033178204,1,25.30947453715822,0.9392622823662651,2,0
0.7837915722887057,528.4197097203426,1,26.416588985024262,0.8871183350598572,2,0
0.4828348067046832,2084.8624847386486,3,57.6300425642852,0.5485177677426194,1,1
0.855312013323518,793.2799387121667,0,13.869528019079562,0.8555157959891624,2,0
0.7877644729452251,590.2763402272507,2,25.34002176443003,0.9086560144110778,3,0
0.6742528593054053,1772.48656938636,4,62.830981850671165,0.773606001244391,2,1
0.4985620413180287,1825.425474565157,3,79.29337153079248,0.6719416269188392,2,1
0.9865288655334081,1133.9179984855548,1,38.16161569366042,0.9435480159883431,3,0
0.45570904050452005,1786.1225608896684,3,41.552391577555674,0.6175305097695795,2,1
0.8296881257330175,1069.686176441057,1,30.34912731043498,0.9068492286888501,1,0
0.8026655472514166,1051.584369984724,2,28.038731479046575,0.816435597964069,2,0
0.7566278276354055,661.214998720189,1,31.171661867820266,0.8788395946211998,1,0
0.8337797135647855,973.5298585982844,1,23.784862015185503,0.9223771173104914,2,0
0.7720245236282934,1677.9907992128099,6,45.00715715698026,0.6941591516882342,1,1
0.4751133484250096,1911.4303575205206,3,44.694127638321774,0.778453298085513,2,1
0.8004633630307371,1203.2788110507145,0,26.97535520146188,0.9100185796157894,2,0
0.7436883204753,1200.0,3,36.85603224269979,0.6030112810167484,3,1
0.1160303987371309,2634.21527035414,5,128.89840509285204,0.29986522728969056,1,2
0.29104317305146804,3098.5758076981165,9,153.0448466905557,0.235597445665221,1,2
0.710476593419184,1889.3841778848662,3,45.94487717159919,0.7655737229031687,2,1
0.7812964480506376,544.7507333067097,0,20.276044523871526,0.87414154610518,3,0
0.716679189145156,1959.359825740618,4,71.08985938321749,0.6431598651405166,1,1
0.753598372157439,894.7188486082146,1,23.45026802010929,0.925173286746075,3,0
0.7523417588643829,2119.3353007747965,5,38.587238688565186,0.5174213887150582,1,1
0.7708330524191118,1200.0,5,60.5688688771467,0.7807868735615577,1,1
0.7793976635045134,1823.9620725301052,3,54.0873120528776,0.5924850237069534,1,1
0.5172519656489741,1495.7211124190583,4,55.70531141105745,0.6737584821058386,1,1
0.9390408322238115,679.2660342939262,1,30.081553487276082,0.9149730661320629,3,0
0.7728717093494387,1010.4599875359047,2,33.635760903012816,0.8029771008721779,3,0
0.9114527031638016,1013.9520714397294,3,30.17852671603148,0.9215582348252899,1,0
0.6199954322421632,2009.2697275896285,5,72.24700703762664,0.5194303258980975,2,1
0.6523845099649328,1808.4073597124457,3,43.34573072073463,0.5914535729200318,2,1
0.4600594759027581,1506.7843150482354,2,41.22281759111803,0.6065136311368937,1,1
0.962856239436274,795.1103727474697,1,31.51980125104918,0.9669748938542265,3,0
0.9868121443459646,723.6250697544565,2,32.23952451882525,0.8817299580697189,2,0
0.5913555936583397,2519.327338980721,6,65.50749063744594,0.5588990671974682,2,1
0.8560555023117441,521.2770666092429,2,33.44379823920753,0.940111210583578,3,0
0.9004029550365829,1114.1221119958373,1,14.586894337841642,0.9004488156133078,3,0
0.26362215252505017,3448.3506276005737,13,128.71830701410826,0.4357087177430783,2,2
0.5765556207682494,1764.4998873869454,4,56.755240124342045,0.6425564413942647,1,1
0.7954562418017752,913.3981434449744,0,25.023767685547526,0.8981878666502532,1,0
0.4882314164112423,1809.580367542623,3,48.90535510767686,0.5737979402496839,1,1
0.7527489571646201,844.0479663008331,1,21.663418382627185,0.9103359214860849,1,0
0.9916637047609174,904.2623297343885,1,22.442039110790436,0.9288217664220638,1,0
0.4251584148731773,3285.0917195504085,11,120.42252575466617,0.36871093889075046,1,2
0.8470424815516304,1027.6102202881514,1,27.972992014841086,0.8296378438860854,2,0
0.32898613958179235,3055.825470124113,15,105.25155719794884,0.2824679361300941,1,2
0.8332504782645495,822.015258688111,1,32.55508792907923,0.8077784659189997,2,0
0.5265550450446171,1741.1716554583145,6,59.221206420302224,0.7685183311546957,1,1
0.19661062358174367,2200.0,12,98.75095544417711,0.3480950401011545,1,2
0.7680167647656948,2007.3254427315662,4,52.95673764576797,0.5027002117591249,1,1
0.5346557638116229,1846.7716176160568,6,65.5964340607066,0.5462644245465742,2,1
0.10633224658123758,3050.023934925251,5,111.96777813568778,0.400129609937828,1,2
0.30068341219124595,3761.271397753327,7,139.7564182293401,0.47494880548826424,1,2
0.19387080960475364,3209.556528135037,9,115.76964472285533,0.3845439853486442,1,2
0.6120447911848845,1391.8201202016248,3,47.19412966501076,0.694057240965338,1,1
0.8639141881964283,795.1823204130815,0,38.25110008005504,0.9686193109141403,1,0
0.881097567331895,1103.5322933687005,2,18.904242020832598,0.8188113612756904,3,0
0.9568844738917186,1155.3930772176375,1,25.839360540821907,0.8040224219168344,2,0
0.48519271106086437,2961.2121586981493,14,60.0,0.20279560942203245,1,2
0.35828888585918917,3296.6633094003023,12,105.61902497715991,0.1872126340237601,1,2
0.5992834784176893,2075.5753163430177,5,75.73331244935301,0.7531623687235196,1,1
0.4020341854286539,3201.3350448532633,5,109.00527442115936,0.2557948063487032,1,2
0.9777317961234606,952.512265800385,0,20.073041750827983,0.8100149586791665,3,0
0.4900760631903638,1864.0406761068416,4,65.5252120303115,0.7272636150457421,2,1
0.4741663964114872,2151.3306613724367,6,68.3373069565679,0.785379250818383,1,1
0.9462242442778669,1002.2999150723723,3,26.330624694648314,0.853278672525914,1,0
0.8580837002606505,801.769250571579,1,29.092469174441362,0.9611936216685487,3,0
0.8842436057233534,626.5724387079508,2,22.56676051559753,0.9377897300729539,2,0
0.8006201400413093,824.7398550150008,1,31.905259616364354,0.8958526765561736,2,0
0.6886856829531294,1636.8683585177116,9,41.15459829977062,0.7783376285661614,1,1
0.87709013672907,1120.2645915471523,0,24.416777978441324,0.9202826630559219,2,0
0.19538164650617984,2744.3416882449424,7,91.8651909222914,0.3889696129763954,3,2
0.7752806690306976,1002.6170840194586,0,25.873894731577796,0.9361921018561902,3,0
0.462512591544299,1331.256507304171,2,61.585396499049565,0.536309123687977,1,1
0.7185369375372908,1502.3785157090194,6,57.47883616173483,0.5108185676837501,3,1
0.73380552846015,1786.1252727367803,3,60.04753127264858,0.6245942719483378,2,1
0.6303455655863014,1200.0,2,68.97863954246851,0.7079771047518506,3,1
0.6092168966578848,1227.656939903546,6,63.003708962864295,0.6353695095823411,2,1
0.4680251070413826,1403.4843375403584,4,55.29475519715285,0.7414278195771634,1,1
0.5116886638637532,1650.1932605019545,2,45.71061724577733,0.7016075066359696,1,1
0.39469317834279727,4122.366616187786,9,101.40919181318205,0.44346214106620874,1,2
0.6582346838564953,2018.6783863143255,4,58.67611407244517,0.5596790366375098,3,1
0.9709464712408564,768.4330892295726,0,27.60962232506846,0.811544345402729,3,0
0.9861535548685059,518.4384884245218,0,37.71544232337371,0.8751541050993554,2,0
0.785562342171799,1076.2815057847142,1,26.18453828615549,0.9142912728369768,3,0
0.41743370016684744,2605.2499870284646,9,96.03626305395363,0.5433871470118611,1,2
0.18798800164346186,3034.9779277164967,14,93.2041910884659,0.17654210440001966,3,2
0.9180338868514697,873.4732507234853,0,24.609396767468176,0.8218720105167799,3,0
0.5736355202455762,1951.8063379098066,3,35.58552585094608,0.5516278021791331,2,1
0.988833671625982,995.0335492990763,2,29.77292616972933,0.9646781085111267,2,0
0.9802181001329533,648.4844282170768,0,27.931678578498747,0.9177751378761301,1,0
0.8318743380444786,767.6035644406782,2,29.8466405877507,0.8806204420720034,1,0
0.9512472499201925,1032.9854324603482,1,13.675978291389495,0.9226763000375248,3,0
0.4155083595263017,2868.433788040321,13,97.70877721973702,0.31892523685788904,1,2
0.8386555394101941,1040.9013079649446,0,30.485557268764737,0.9470348864973841,3,0
0.38157403016163816,3344.7527049101254,9,136.4395366409752,0.3108065345640729,1,2
0.20566811265740728,3944.963176800139,11,105.57237723723802,0.4928058882082066,3,2
0.3243254412641401,3041.6244625073514,9,111.5248260179048,0.5158041354075266,1,2
0.10507135082230512,2983.2279901282586,5,103.93330652180207,0.43651531427598445,1,2
0.8389931696628155,653.1302256240156,2,24.032588471924385,0.8724956513745395,2,0
0.6197095934960419,1716.693321842888,4,52.40344194186119,0.5571777984344527,1,1
0.5193610841951095,2018.4942040192889,2,57.396278903841434,0.6341717925899747,2,1
0.6028985375102701,1794.3055836816175,3,78.35876704611593,0.6319534234050902,2,1
0.8426180256978455,732.9714196739953,0,16.062811879718218,0.9565662258465062,2,0
0.8945967292516023,757.5652271647913,3,20.958058770380852,0.8330730066516371,2,0
0.5871090886108691,2044.0727606233236,6,41.0453594785272,0.766638272958823,2,1
0.47932852799948256,3299.601296315214,9,108.45485110017185,0.1867564973082035,1,2
0.2201096520507961,3340.4575878272226,10,103.87483801336212,0.2670844009241517,1,2
0.8531554602121559,883.8243004269077,1,29.210260347862558,0.9108426593782494,3,0
0.15103936273317525,2769.9597231932703,10,130.83428169293543,0.2104341078630329,1,2
0.3022668653096724,3984.4724775916284,12,116.28461619750755,0.27213386495457137,2,2
0.948506297317574,863.3606762559224,0,29.222336913395694,0.908246172858212,2,0
0.9968190323287361,1093.079496918234,0,27.04020765523443,0.8751420927968735,3,0
0.4030366803359745,3205.6737384878998,11,87.29117420654791,0.42703223344429186,1,2
0.7662628982463199,985.7633000661147,0,25.709866888700017,0.8676270449684487,3,0
0.7663989195592603,1514.0863691376512,4,87.19561930556374,0.6817534282687643,3,1
0.9702176897997321,1212.6826717664217,4,18.049098628880586,0.9702519936312887,1,0
0.8080531737867043,983.6796441777367,2,34.64712602084948,0.8834320664645392,2,0
0.8658735109501431,1139.4493847290455,1,32.75906851316933,0.8995356054831392,2,0
0.6590325703230469,1288.0781164853413,4,72.87404036340678,0.5733934034631436,2,1
0.3754848242704496,3312.0853830839555,11,103.67028921508184,0.2722838300106224,2,2
0.6041442184637091,1477.1865803062924,4,55.3812667112358,0.7105181102009304,3,1
0.8364239983759798,1015.0410032213133,1,14.616963348285458,0.8996120048300147,1,0
0.5250097943887129,1594.6239173851227,3,48.444408249319814,0.6392393563392968,3,1
0.6634638739256832,2558.0579094869167,3,59.78907213918745,0.5325274022347131,2,1
0.9077846564993157,883.3788854742611,1,13.65145664890056,0.8045007403131066,2,0
0.8680167362774998,670.3473422494764,0,30.585247071623463,0.9540084728697251,3,0
0.5282236979431645,2003.9404365885664,2,33.00749097900267,0.6958803847104595,3,1
0.11220111096772617,2946.5180231521404,12,111.40893232470748,0.23489555987353664,2,2
0.976345494104816,889.0211998767427,2,32.94689575504643,0.8329208790192559,3,0
0.9193910904605707,1047.7620961775006,0,13.780583902501526,0.9016663005955128,2,0
0.9885127568146805,1024.4414288086805,1,24.257840862929303,0.956760522284205,1,0
0.5460560308539633,2330.4178829906637,5,67.01974503592429,0.5438045644469043,2,1
0.7482292237233565,2491.813616858212,2,59.11538516930668,0.7252853047559173,2,1
0.5604394532948999,1949.624762312206,6,65.02924868612972,0.777911134611659,1,1
0.770439757987218,696.9811616344263,3,25.91820350424633,0.9689459944719134,2,0
0.7316715752262446,1200.0,6,43.528808549138674,0.7127801614163403,2,1
0.7935273338335211,669.3335193588509,2,27.491471405940363,0.9023873717179691,2,0
0.48982719438925937,1734.673221790444,5,58.42551391217656,0.623331836685706,1,1
0.7822174668683612,620.1387650396117,2,24.209450870849324,0.9090026493009075,2,0
0.33417153138603173,3030.754662612578,8,89.64990818531138,0.3650020821503151,3,2
0.5288784601452108,1839.8649716161144,2,39.15179738746706,0.6802610906256854,2,1
0.4965381802381108,1520.7733059876887,5,52.4466098473349,0.6503730401070551,1,1
0.9700197718903646,808.1819379562016,2,25.971036838255607,0.96924215471712,3,0
0.8901650236040427,697.8803560142173,0,29.180853946962117,0.8863337521159148,2,0
0.6836900569543984,1977.2328245431318,5,45.25409959744975,0.5016389972725636,2,1
0.8376468897016492,854.2800169319963,4,24.195247725729057,0.9299335688959602,3,0
0.5037072055681856,1347.4565267176843,4,49.20143091300582,0.5681219950040914,3,1
0.4442328904183117,3421.139668003691,11,106.20233682282213,0.4041482035506234,1,2
0.7462427247359515,1412.1573125617901,9,54.548810165656555,0.7895143699230074,3,1
0.9346123023128317,1130.7801468511495,2,22.186914375629055,0.9440584746931681,2,0
0.6297772730721329,1606.3524994961754,6,63.911559926969474,0.617928083568627,1,1
0.9141196518328757,915.6286125939295,1,31.88539871286819,0.8768423757181107,3,0
0.11272771640996426,2943.279753533467,6,96.76073899320306,0.30101328122333754,2,2
0.5971988844692655,1934.8935619262168,9,54.46784545416296,0.5272838719169423,2,1
0.8181560001833834,961.999796633111,1,39.59581794413053,0.8100738003071613,3,0
0.2983374884754229,3556.293504191961,5,110.96908990449745,0.26714273512201847,1,2
0.5627800087585257,2542.2915483669126,6,69.67918727016772,0.5517575162367305,1,1
0.23364770785937528,3558.887513168278,6,91.24434704789658,0.48177867074223724,1,2
0.9079533817541671,1292.517438106159,1,29.3690364972833,0.9147303530671939,2,0
0.9879529463558098,939.9620867437427,1,16.772114943363263,0.8536016731812738,2,0
0.9344742291739421,858.1556252510944,0,12.966542962481554,0.9541281776343347,2,0
0.882234283506803,662.0666681819278,0,32.40927410431802,0.8870037745506019,3,0
0.6940057803007083,2032.6401175917588,5,58.1792727388269,0.7117510321300138,2,1
0.3159373743927404,3107.8272979372646,11,116.78758507863463,0.1783218303714361,1,2
0.36808127262256074,3625.3524417994167,10,114.32731128930351,0.5132020760086005,1,2
0.6955814153864257,1926.336310703768,8,40.0026514510811,0.5506708622019356,1,1
0.8419398377193223,1183.7062690296073,0,30.08978907582921,0.8993290803602453,3,0
0.9933722422943492,977.264663562312,0,25.23221376854538,0.964713817750185,1,0
0.7961302548390943,836.0304953490312,1,27.271012893505123,0.9670344311216681,3,0
0.8118077686007943,876.7541913756083,2,29.341493715460338,0.8585702762410231,1,0
0.5117457795626935,1764.3341698786003,5,48.67805232849752,0.5759538898427781,3,1
0.9270430221613204,992.6577060236212,1,18.970144509400676,0.9070052938842714,2,0
0.8549000156069475,1092.9703266194915,1,27.88201028172086,0.8735918591105123,1,0
0.9472928096518346,1260.8696219573485,1,23.953815278487067,0.8979008653686754,2,0
0.97408395463028,761.8917895367481,4,20.242818369566088,0.8385061166899492,3,0
0.4948255216939498,3389.915572043747,11,96.68394346272164,0.20031279992160447,2,2
0.9523790186812195,507.4748616654842,0,16.092810748413655,0.8362603666962429,3,0
0.8503735789653221,1217.725385608719,1,31.63360489152216,0.8971111833171732,2,0
0.4232977308325949,3151.877416198165,6,96.01653584958005,0.4741499373266772,1,2
0.1933206214964931,4434.750197338931,6,122.92667450383789,0.28760116639210465,3,2
0.24370976479042483,3868.2057625199427,10,100.0710254654073,0.36494067616877773,1,2
0.20297097106987835,3331.655999093855,12,108.27348140679614,0.4772827441979631,3,2
0.7760274123460416,994.0088374736404,1,31.5110670890339,0.8303134308218054,3,0
0.6089126210519958,1908.3109986012093,2,50.37262867749105,0.6457566831622021,1,1
0.7431600153244171,1430.7977995617434,7,54.08492444420884,0.6479907939358938,2,1
0.8708864116799812,1016.7088606023775,1,21.25864566820516,0.8813783970375766,1,0
0.2546157168553391,3241.0574354002983,14,112.36793311766604,0.4916011871889019,1,2
0.9927645612913419,677.6065948451673,0,32.98095613212837,0.9747930425530076,3,0
0.9579242609189433,1225.8332729801891,0,23.19733037361301,0.80639933795883,2,0
0.26744485651582006,3242.2950331440566,7,134.7057223896101,0.3940186327334945,1,2
0.7645409488763689,724.3353845640522,0,23.029355576027115,0.8830986525370548,1,0
0.9237588072146383,1029.2979075451542,0,27.825257540430595,0.8361567324244984,1,0
0.940571283694154,906.8882023411683,1,27.87550057538035,0.8936161887690501,1,0
0.7783095114601888,629.4659428312931,0,33.75208802475234,0.8560146399837878,1,0
0.6331781326560305,1720.2800533146126,4,49.22907994840707,0.5081055254118457,1,1
0.8740915618003091,994.7264153622909,1,28.054170124407854,0.8090383618623631,3,0
0.2309764933805994,3245.9776433148245,6,75.6407623592742,0.2808407046699344,1,2
0.357561223774321,3779.9746643519156,10,111.06543075976136,0.2858831393942903,1,2
0.7831311681854621,1101.4887946390397,1,36.04021973861005,0.9213993928460363,3,0
0.4518309896137308,2615.16426241699,7,75.94195142100106,0.44204949746827615,1,2
0.7989444964208865,1250.9866143294482,0,31.832308407136587,0.8019738648901605,2,0
0.7665768884877106,1565.4183232252972,2,55.2635591865991,0.6179084774849042,2,1
0.6921807211803348,1628.6417911429296,3,54.23399813528446,0.6831131787065161,1,1
0.1402838320757921,3198.962763795077,9,76.2341729860936,0.29368938535664263,1,2
0.8690045323421917,1364.0081444034518,3,29.934593870635705,0.8003370939054504,3,0
0.9112931976023625,792.8073109771904,0,23.973061679497818,0.9527457782655581,2,0
0.8070199429872331,641.3716912482705,0,23.381561652549447,0.8513535897602411,3,0
0.12676922500931684,2844.204208021058,14,106.45797372338282,0.1938489677424568,1,2
0.8861222744902124,911.7968443179195,0,29.671764187852943,0.8321671017678697,2,0
0.14499350191455132,2468.8157357646046,11,72.01375051460248,0.450385394460728,1,2
0.9366228512795061,1010.2970752080935,0,31.969652881942828,0.9709919016797968,2,0
0.22307918075489602,3611.9268532805213,8,119.82306263894141,0.3410004829063729,3,2
0.6985090112719201,1893.9444029485173,2,70.23613889212153,0.6933779489033001,3,1
0.8309198091010609,1295.288116903097,0,19.757986648464243,0.9575592348748234,3,0
0.6393630992826729,1827.3682960926988,3,39.28090816040683,0.5846612481655425,3,1
0.7799751928549483,1200.0,3,53.09294009652777,0.7116518162579872,2,1
0.691255040972401,1778.1501518837042,7,53.60147912848383,0.7479016782757109,2,1
0.8490605047256647,934.3678679587063,0,35.86181566002497,0.837275268479788,3,0
0.879602005486301,851.4637446375933,1,20.245507529002168,0.8394862517117486,3,0
0.6956811686832579,1962.8038981894217,3,54.23465723646282,0.6408550985375624,2,1
0.7364379980009165,2436.3555928365254,2,82.63431319800824,0.7227919499437793,1,1
0.9498525997272607,1128.0298077042532,1,19.62672469169616,0.9572603580172396,3,0
0.6391968253239977,1872.7180576471662,2,54.37445292152971,0.7101288318374711,2,1
0.6965384491002923,1260.154328638966,5,58.56087715760175,0.7023400639960952,3,1
0.7867683702322594,1043.0762630882489,0,23.88395383424742,0.9524883422605595,2,0
0.5945803745366849,2038.9229084245114,2,33.78441273025579,0.7106070164567132,1,1
0.14340687488556325,4175.367320391491,12,110.35616083672573,0.3121862323937553,1,2
0.9907480009647487,1012.576172034871,1,27.33053736587719,0.9402387537209564,1,0
0.7748603481898363,1249.9167808410841,3,25.523972223529896,0.9272847532284236,2,0
0.6118354191751457,2105.428877470342,3,45.360313014890735,0.5387544922608704,1,1
0.881760365977913,587.7013555116281,1,10.0,0.8976402450938973,3,0
0.6370936569608074,1819.2021505046496,2,48.61646251126914,0.6626770187430685,2,1
0.8497506759675326,1147.1623240013878,0,26.78049088586895,0.823481627691925,3,0
0.7367855438173496,2432.225005780395,4,55.808567229052834,0.7913215790848908,2,1
0.9321226692904033,819.3848021869939,1,21.920024879934974,0.9306365975815896,1,0
0.7512653959615547,1227.9929058742787,2,29.968062436980833,0.8529779139616225,3,0
0.8400476603528158,694.4649718148083,3,20.831311151589006,0.8961383042154558,2,0
0.782378730320701,1016.4053134169453,2,22.04908305710302,0.8676366826047134,1,0
0.6964782062673227,1518.4774447587652,2,48.82018570761953,0.5670774383337032,1,1
0.8850029786511276,991.1808390341405,1,25.08169368628496,0.8690316244086931,3,0
0.7529051349770252,996.4133454670772,1,26.374568537274186,0.9650682062278056,2,0
0.9498539697422448,856.596589915126,1,34.02965313469123,0.93516711083301,3,0
0.10726712837086678,3530.8134974189943,8,65.03403278436733,0.19895942335239022,2,2
0.9985348403052918,880.675265997022,0,27.84826586439199,0.8030911383192265,3,0
0.7907336067703574,989.5433851620555,2,24.607074771870312,0.9285297795179823,1,0
0.21897008614515465,3448.7311547832273,13,87.30135019941056,0.4883384200429435,1,2
0.5439362798528854,2335.383896000671,5,57.634187393952224,0.6478952023520724,2,1
0.5280962752283056,2022.3775614099918,2,46.631863198068906,0.7767803730960436,2,1
0.593896242805224,1738.6952409741539,8,49.76961056783152,0.7683357856470474,1,1
0.5357724363730488,1380.4899468129706,5,52.50006921047305,0.7874368833685313,2,1
0.9959944119899571,1074.9034148265046,2,37.58617113403196,0.8501673222117276,3,0
0.7742941234426921,929.3586023971098,2,28.85419355230107,0.8485211047854427,3,0
0.9817586361990767,1240.502931625921,0,28.00983809356515,0.9554960160778775,3,0
0.859400781013848,1066.9502652649765,3,37.612268535026836,0.8978281023875541,2,0
0.3886125789295528,2838.994406210184,9,111.60147059400028,0.1890768461044471,1,2
0.8648616921014967,590.207894989305,1,18.581325741345097,0.8112171905088534,3,0
0.4771768472894554,3246.9747208942085,7,94.60579377950579,0.1551112586535455,1,2
0.9848747353910473,803.4512955635935,0,30.97174239713219,0.96747622877218,3,0
0.7229132609434847,1392.9866393132697,5,69.66947314724911,0.5605543005631132,1,1
0.17680318816403529,3811.0605295803553,12,77.35446414424831,0.2433779354027017,3,2
0.32938842710599914,2443.2093176167264,9,71.68071094733692,0.339393486110672,1,2
0.5018702156307633,1342.71357541823,3,56.419178791978204,0.6003364445645174,1,1
0.730970710156952,1845.33272739446,5,48.87856737950813,0.5862027854731269,1,1
0.5216870466155035,1883.0232204464805,4,50.20235001736404,0.7560149644300953,1,1
0.7801417214443197,774.8645425007575,0,25.33153658972006,0.9405753921292495,3,0
0.7966095655360637,1080.4554347573294,0,22.93110921599623,0.8395550540300384,1,0
0.9179251711014642,884.847142692908,1,18.56166862225644,0.8838568355653463,3,0
0.8082398686884085,1140.0157912853722,1,16.35158687574746,0.808829643065803,3,0
0.8887712373255716,877.6982345714113,1,19.41086962829641,0.9537227954819827,3,0
0.3405177639598065,2907.7755712466933,5,110.17064591933087,0.5453549440839529,1,2
0.9018862129753595,696.8356362043206,1,23.255112323754478,0.8549686667543235,2,0
0.960457194189568,670.2411929682688,1,28.755822849932304,0.8199894399880597,3,0
0.1933904694941787,3597.41540689614,9,118.0211277379783,0.40792153332663983,1,2
0.3273360153304164,2987.2349646359485,12,82.53206661001158,0.35960568831071194,1,2
0.3871202537837176,3511.4643131860153,9,85.49301670175848,0.18451948933098478,1,2
0.7512349952336024,1008.6958757340186,1,16.504521222778727,0.9066475528337465,2,0
0.5536498502270808,1538.1051507090774,4,35.967768930060224,0.66311307900831,1,1
0.7681907515910484,771.7036809554096,1,30.075107106814023,0.9182100871622115,2,0
0.5461627478751208,1398.7765869042216,9,43.14266107737708,0.6216918351456578,2,1
0.9060372269622835,1073.8312128778546,1,24.618241577082383,0.9078516143379041,1,0
0.1582738805546427,3254.150318018042,9,94.6955685401203,0.17238815105455188,1,2
0.4104352989792137,2767.022946856892,5,117.96161385156208,0.45878242942962655,2,2
0.21962523928667213,3625.009062047277,13,105.30068098081324,0.3768818132880831,1,2
0.1574341080527737,3196.3706786742773,10,83.51696016436098,0.523273367390707,2,2
0.515263317113781,1200.0,4,43.62263237859767,0.792101719462396,2,1
0.20210570319836654,3379.6294091782734,8,62.04609279430149,0.5431740540089439,1,2
0.9920483569786804,1019.005893167113,2,20.42286734682067,0.8363068203295596,3,0
0.895760390242423,1197.4492310671853,2,41.28171866517398,0.814650256993937,3,0
0.7357054603775048,1967.9399300318212,6,55.50511280949739,0.6151044566983399,3,1
0.5100406625769831,2302.1445565364857,2,47.22855599185681,0.6893474235128754,3,1
0.6290481671246624,2204.647512025974,8,52.98590036184538,0.7977484030688219,3,1
0.9556343107307923,938.7179822735088,3,28.225102761838855,0.8223090549675991,2,0
0.6485822658964548,1777.7490029781563,5,59.94412579091833,0.6573281703359072,2,1
0.9693348383452453,576.7378783126824,0,15.085525658219176,0.8180410861957192,3,0
0.9556535796284196,861.1461736042961,1,28.1160779775828,0.8153663802787818,2,0
0.762237322582794,2027.7588964326055,2,53.55750718245145,0.6770665426421028,3,1
0.9286489806750156,1055.932106453868,1,26.01547242891379,0.9709091777130491,2,0
0.47600621035498447,2624.6451369370907,3,61.456460367099,0.5690137477157173,2,1
0.7953595869239067,536.404154922569,0,29.67512546200482,0.9691065597886775,2,0
0.8345668764986246,927.8120797306835,0,25.332467535914596,0.9411049717422565,3,0
0.5097566317616206,1200.0,4,40.848903996454624,0.7860488724682826,3,1
0.9990835844068118,935.0573557867848,0,19.30825293888142,0.9309036175225962,2,0
0.8430417559593784,885.2054272811243,1,26.152685602472012,0.8421337167171408,1,0
0.766998267304132,2205.246398010851,5,59.78260924560342,0.7866101842193522,1,1
0.42462803122987336,3527.978362902408,8,120.23885815986657,0.406161255299347,1,2
0.949356505401732,1024.4139980612097,2,22.305209554273343,0.9175888818498938,3,0
0.461578911701379,2441.8313507773237,3,52.89275494315434,0.5536570054482963,2,1
0.8146949954000042,1023.8308522010395,1,27.348025485067733,0.8855527357817915,2,0
0.6467881096512745,2096.567713873985,3,54.686811564384094,0.6739024483495932,2,1
0.8212182254904807,946.8048908706296,1,29.109053164633547,0.9741764766919055,2,0
0.4924829674874247,3036.9582538100176,13,95.71989678476606,0.5127164135331804,1,2
0.8398083423499414,1073.8309184993793,0,24.911837481846643,0.9103910024315418,2,0
0.831168981722515,703.5392839245371,1,24.068916206485994,0.8473065694195295,3,0
0.771400453000038,2168.427286026716,6,50.21294573026775,0.5670107154973661,2,1
0.8933594720308216,917.9161362510498,0,17.378608965834722,0.8238647924326122,3,0
0.24959511401142467,3243.873387467841,6,124.34368465723156,0.39458326891904005,1,2
0.9514175382375133,678.7412975176732,0,31.53603585590015,0.942483303607405,3,0
0.8492453792685708,1136.6987333779855,3,17.619819544467884,0.9511324092550809,3,0
0.7881347607285654,626.8088577598932,1,21.21653102610208,0.9265131482112858,2,0
0.7583007771978416,959.124897749419,1,18.42280285859487,0.8092991916492182,3,0
0.5562030776957964,1632.0903366465532,2,30.0,0.5954822076309049,2,1
0.6187999949074643,1614.5721628919566,4,66.34590794453771,0.7733737032374356,3,1
0.4514525309712495,2179.4407910667173,5,66.39922501708618,0.6710630918219669,2,1
0.45941110299072657,1552.1555975970432,2,43.79687672863722,0.7738710945033029,3,1
0.9840386935401952,583.7618595935733,1,30.260124855250595,0.9478022527011905,2,0
0.29556508552629635,3354.300527754434,5,103.5610565613161,0.15761460867592464,1,2
0.9038048595577527,906.0062958328165,3,29.055223613381685,0.9047224276599879,2,0
0.959253332090918,1104.7419092213963,0,23.827454782183775,0.9191177278509313,3,0
0.18758484999516065,3203.153899758515,10,60.31181964799985,0.1948495519140475,1,2
0.9197755797861225,997.5744569742149,3,16.979288793497922,0.9362621361945249,3,0
0.7287858701218801,2166.326926294623,4,47.54627345212718,0.6171998554034553,2,1
0.8279540332713149,973.5239680419422,1,31.324762049857714,0.9743946803842019,1,0
0.9683307289652019,880.4169507114192,1,29.766989744537863,0.8038591759921604,1,0
0.4947486645395417,3302.54187618379,11,126.35132314657538,0.1555506448068749,1,2
0.9108944237991312,722.6638155433086,0,29.416472536269264,0.8878834032980175,3,0
0.6906040835863092,1537.5227801776118,6,54.91479853341118,0.695771234581239,3,1
0.7961190632834099,1155.9037339520319,0,22.609110129205874,0.8469503293047158,2,0
0.5083648599909922,1942.5890121755297,4,53.04754190937012,0.6171637949119799,2,1
0.46409895009798774,2916.1136509834114,7,121.01810337869516,0.25829200681008385,2,2
0.9667578740306122,786.0334143522482,1,26.715230712220695,0.8842509553031837,1,0
0.6566793612753757,1200.0,3,66.73223984347973,0.7400146750485272,2,1
0.9824244130856432,1159.3989093122218,1,31.71028769266348,0.871747939289322,1,0
0.687497566694967,2183.0263000482737,6,64.92023225329496,0.6965689463406262,1,1
0.8795824130909342,721.7615549169425,0,35.200809462399626,0.8029766824209208,2,0
0.8799434871390044,670.4617220368666,2,35.997703155722526,0.9372173771049157,2,0
0.8243871128297051,993.3090622900254,1,33.495474172118946,0.9290391516075099,2,0
0.9219714305752034,1210.832084142955,0,20.868291708625243,0.9460533504861182,3,0
0.6726828217685135,1749.6475041380031,6,61.65155076947764,0.6115865861981824,1,1
0.7721231255129799,964.6158546232058,3,18.572150033974154,0.8981015148303093,3,0
0.953706278436628,996.7753302376079,2,20.227451249471166,0.929988004276993,1,0
0.9026550106104081,633.9372748522021,1,25.646488807756405,0.9045645016843301,1,0
0.5654764161445646,1487.4393243320183,3,90.0,0.7196504512622565,2,1
0.8773555320374474,915.9195724752072,2,26.341154346858332,0.8946135850400665,3,0
0.6928625765686633,1631.929396129237,9,42.536147037663056,0.5636964601980604,3,1
0.4242132572858912,2200.0,11,97.37605920644111,0.17624783135463082,1,2
0.8125607245411488,857.0157939422529,3,28.917049205926944,0.826709368079146,2,0
0.4788325799615383,2611.8310933799753,12,94.03137167278486,0.42484975621849397,1,2
0.7927218968475165,657.7656141438438,2,26.480132622016338,0.9759034817000808,2,0
0.2104192319085197,2875.5348543243363,13,69.51243745714429,0.2768906938333858,1,2
0.6616510503443498,1773.805777355693,2,56.39949448013513,0.5035886449105171,2,1
0.533075673213235,2133.2560782334435,2,74.90363293139899,0.5649108553203666,1,1
0.44097906714279744,3844.3457345785073,11,110.09709802468184,0.3770414995701069,2,2
0.42131571892580166,3617.2187282641557,9,97.1116967048643,0.37716181191586196,1,2
0.866399504533115,893.3540018711078,1,21.751410129554436,0.826005625387029,1,0
0.9316154287782512,929.1042395536482,1,18.054591653388417,0.9082355054866468,3,0
0.7032772094804702,1350.0454476752896,3,30.0,0.7757827273253604,1,1
0.4931059090668663,1701.086756378071,6,55.27499186125757,0.7689944490365134,1,1
0.6116650669031722,1405.190057538981,2,39.753285916739884,0.7734160277638779,1,1
0.7450128693214257,2169.8316822413594,2,38.61192478001746,0.7696391582807359,2,1
0.6280080036086442,2113.1070188992308,3,48.07829182961326,0.6543688823648593,1,1
0.30360266065749686,3682.318956707466,11,92.20437451915986,0.3959249555359925,1,2
0.6944698271175981,1508.187170356798,7,62.349372702599204,0.6546250886648166,3,1
0.8481112768556589,780.4979610616717,4,21.153120193282803,0.8816935860233094,2,0
0.39756823258785645,2906.1771475817695,10,94.36708770965066,0.15318003315469345,3,2
0.9638651460027519,805.2321305858168,3,35.119576816133126,0.9556386405001804,3,0
0.7371471918320733,1214.7441702244266,5,51.38220104574996,0.7893009567454756,3,1
0.5497230388862572,1871.6163789566613,7,46.283717023718296,0.7593288036052392,2,1
0.7669583180151226,1200.0,7,50.40943821835584,0.7368027354790778,3,1
0.4423737729440598,3092.4082817459107,5,123.73374954455934,0.16956087097537495,2,2
0.8084019377624775,1182.0918290407008,0,21.307883399431397,0.8407395511526734,1,0
0.7183186981575604,1200.0,4,30.7528656095217,0.6376070651154557,1,1
0.9670141725268626,956.7502047323002,1,23.3021423381155,0.805846637966461,3,0
0.3722451248269859,3635.3120304263407,9,98.39636857139513,0.43355225628926053,1,2
0.12904858959158494,2520.2053853863245,7,105.5496106468809,0.2569862183338652,1,2
0.39440491766445573,3998.997652586941,9,113.6914178494787,0.30318251552718306,2,2
0.4913537857834893,3543.271607588181,10,114.70894649456787,0.22119916254633976,1,2
0.6519603093937665,1821.4137725004862,5,57.239160900723306,0.6795347431039868,1,1
0.8471395253175864,1022.0432339178445,1,15.270939450467004,0.8135638813212006,3,0
0.9935987019165416,1065.019652933527,2,27.404938982411714,0.8000283940240502,1,0
0.18273263242605814,3389.8587134265067,8,127.54234867016515,0.29758381974953285,1,2
0.5749879779854223,1513.5766382702257,7,54.96648312805578,0.7937689447605243,2,1
0.6298081838142926,1825.5793176767934,6,36.75484177427057,0.5264425193309346,2,1
0.5209158230794966,1459.7455213118053,5,74.12497112852836,0.7927413260628335,3,1
0.5468642248754234,1944.982046755535,6,58.66594583287375,0.5177972569905833,2,1
0.20640108141590718,2962.8004193148045,13,68.61401323542097,0.5499036745964971,1,2
0.7389807930710466,2740.8050016718707,4,52.62436669814467,0.7194794145614198,1,1
0.4943655543307891,3869.806705596297,11,108.10090696548795,0.40337457760824724,3,2
0.2220036949986901,3230.3156879102357,12,115.29464042021506,0.27514021004633143,2,2
0.5673768386651435,2177.653976844738,3,49.51047616921348,0.5442352902321598,1,1
0.9810990488441326,1424.158618205995,1,24.82690167919439,0.8391063320888956,3,0
0.46062481928882115,1897.303249710275,4,39.751560644253054,0.5898769127399813,3,1
0.1182447856494545,3800.7955374491426,12,115.66478074615742,0.15030590652899925,1,2
0.3535517872753283,3330.0003304379825,11,88.68743126103112,0.44850842698174354,3,2
0.7492007088230128,2260.132305841382,9,80.33161542938525,0.6522948285206118,2,1
0.15473376451303827,3260.5296812368315,11,118.64565898246295,0.49018076016196666,1,2
0.788214784796083,886.7734770748355,3,25.071555884628857,0.849997528905906,3,0
0.44504195061851604,3424.0611258951126,7,110.29446642440904,0.5166380202176263,1,2
0.5955791122654446,1603.3403720581302,2,45.8309735888356,0.6640416722625904,3,1
0.7018475472512138,2033.1086994407285,6,35.60631325788816,0.6321426118798001,3,1
0.30164996621514506,3635.999263554222,10,106.00160911039833,0.44216323379348554,2,2
0.6453953804454442,1277.5234577799863,4,55.39414973536102,0.668350233123926,1,1
0.8919863076381573,853.0758860085173,1,26.329405165649433,0.8740209252736989,1,0
0.7571956690783348,1020.6374862164686,0,29.728730828160774,0.843129769765077,1,0
0.6631582809843096,2098.3270971801253,4,44.66016144514875,0.5684207961898878,1,1
0.8614756765941871,1024.5422447800538,3,26.850185875791315,0.8697787821005838,3,0
0.49936722652869425,2173.5829445272047,5,59.850215703017355,0.7901263729334342,2,1
0.7454969535430136,1520.8888170177518,3,53.03571084269104,0.6770022209910559,2,1
0.45214154205770907,2051.5479024016417,3,38.00928715520272,0.6576848411237544,2,1
0.9532464346790234,881.3226282200103,2,24.135486577285032,0.8192466084405041,1,0
0.8624461622053307,774.4532187830989,1,32.629991399778994,0.8078114049480893,1,0
0.9820796406469313,740.7948286393022,0,21.55245981587175,0.9672104124030722,1,0
0.9358770640729019,479.9946984696752,1,26.04718845006691,0.9157276174689368,2,0
0.48667878306414597,2485.35327941945,4,47.086482653765344,0.5735559287646587,1,1
0.924253935248817,857.7739522344611,0,14.378534944147082,0.9044752698404265,2,0
0.7225316333318584,1576.674437656625,4,39.02686601385899,0.7176433067307466,2,1
0.8982349837104258,1069.6348425333335,0,33.52370975664405,0.9512138887437903,2,0
0.8391883316733973,1538.6215135689722,1,19.961850037832516,0.8031868001131828,3,0
0.7255414442104138,1279.9583661584857,3,62.80145937556135,0.5060069806006642,1,1
0.7610110867159878,1742.9817952999063,3,55.29790424993038,0.6462582263662131,1,1
0.7450555074713228,2266.784409401784,6,39.07892559346679,0.7688682905513171,1,1
0.60154833915015,2274.6162213210046,2,38.61568903172363,0.5537577868566086,1,1
0.7264824875747884,1200.0,2,66.38559286437301,0.5773089368607132,1,1
0.6203569223188237,2411.8631603242407,3,54.476847586590225,0.5757524221352371,1,1
0.7069097173013439,1756.0171151546174,5,32.58451462810912,0.6576846792560123,2,1
0.5321765874952343,1572.5511721763742,5,46.31160278817056,0.5983564044864502,1,1
0.19615602527108145,3718.958934270283,9,92.41551700045089,0.39321083680588687,1,2
0.5702608477406329,1945.3017065254426,2,55.99559282358203,0.7673779489767483,1,1
0.8683024766728893,936.2853240227943,1,24.805883477975836,0.9693145791451238,2,0
0.8771426727911757,840.9197179721941,1,23.179098220859565,0.9369999059273464,2,0
0.533644816610155,2010.1784290295154,2,44.7638492399701,0.5265561649142423,2,1
0.966768079645026,933.7309343933455,0,18.27491707860658,0.979775006190437,2,0
0.987449978322981,1070.1795924335945,2,23.487705252190864,0.889858070635988,3,0
0.6927801767510637,1233.6582903622618,2,57.05349550075752,0.6918505705441149,2,1
0.1061357117673055,3240.744099309678,6,103.64404155785489,0.25293665481631766,1,2
0.5482475498593106,1200.0,7,44.36189512155065,0.7957533350331532,1,1
0.8899100828270545,968.1178432800994,2,25.687483702605068,0.9202148400031425,1,0
0.5583579262679779,1472.9562021366023,4,41.9211660532376,0.5365219655781,3,1
0.8148558583578231,915.1910535832175,1,26.783405634985098,0.8845643736255824,1,0
0.7325605337582347,1826.3743199494822,4,45.07304729449523,0.503606177053175,1,1
0.38265277038554246,3803.289307970993,12,106.19118969517326,0.4140755796962148,1,2
0.8839569211182703,1003.1256176887913,1,40.03159147284079,0.9330952244598558,3,0
0.4566822953307304,2300.4073431665247,7,45.46269196997754,0.6373889948149831,3,1
0.8379056718099086,753.3934008952021,0,24.399283588232514,0.9463616490718555,2,0
0.854731362376137,715.1533711463392,0,25.225139569559158,0.8135490033806487,3,0
0.9850575603562394,1246.5029998970183,0,18.115950902072026,0.9772888164147554,3,0
0.8409074005948235,1017.338760295055,2,23.440096448483768,0.8125063972790357,3,0
0.771336866248442,1255.0621785219023,2,23.661581129255755,0.97056845028939,3,0
0.902745247212748,990.1206825725078,3,23.460072779786213,0.9212157440444367,2,0
0.9330562216023903,1006.9258172244871,1,29.83348284718436,0.972532929500469,2,0
0.907235711694971,1428.868669403407,0,24.094380298936045,0.809393310403417,2,0
0.8885445006289483,1188.7264006937628,1,12.448815432694797,0.9410665379769756,2,0
0.4011301879622692,2828.584840496439,7,72.80240497868363,0.38861471496773403,1,2
0.35007408750448066,3007.1962803062847,11,100.5226191540036,0.24930872631843165,2,2
0.8279305169488871,999.5486178182789,0,17.625892380680888,0.805087646188996,3,0
0.776416171065436,757.5558472701898,2,24.65117623300462,0.8346636975224313,2,0
0.9601757570028,1112.7881975121713,0,15.637482817138519,0.8065825662253325,3,0
0.4603618778382046,2027.4800562343378,4,67.39020967840936,0.76439667962412,3,1
0.7060961564268955,2068.669716793574,3,57.110527143029614,0.5313210377041797,2,1
0.5181076249418997,2114.925397767056,2,55.324936458990855,0.6775571521070617,2,1
0.753250480877684,716.7616169037515,4,29.58062908833686,0.8752141135739837,3,0
0.17885150065788086,3315.3555036383236,9,74.26611195017006,0.5330814527914227,1,2
0.7182727416417252,1200.0,4,67.5839083385602,0.6437921042982501,1,1
0.7591678567333857,710.2166958350325,2,28.535200793395536,0.9771232670353449,2,0
0.3493483913868659,3508.5918068017645,13,87.18117101471448,0.23681382827814823,1,2
0.31539223045002096,2881.6587581383355,6,60.742095869201364,0.2117069456921586,1,2
0.2990974023053754,3544.9622529814064,9,141.86506650856245,0.3569637208062427,1,2
0.4504704903348858,2198.7854256806568,5,50.33145915931647,0.515730371328819,2,1
0.9888809239887337,597.1059381638465,1,24.746445063437818,0.9573196420903549,1,0
0.825240891736704,982.9731000723821,2,14.130449077990065,0.8219153595765821,3,0
0.47913322453302243,2264.796705864383,5,52.23717850080991,0.6974596396427968,1,1
0.6607132652432494,1842.8143401576997,8,83.70193263570418,0.7000388725898589,2,1
0.2005996548224955,2200.0,7,117.02906462057966,0.39970491288908894,1,2
0.5173228500485532,1604.6170732455469,3,56.63592918454821,0.6293960775767993,2,1
0.8071995413729056,1163.423013467973,0,15.221601008522827,0.9416522258862274,2,0
0.23911397819962718,3317.9174604026766,8,67.1731732893891,0.40861502958922946,3,2
0.6142564495956041,1610.5865959132886,4,57.433135228915155,0.775772462277384,1,1
0.21681949832002326,2668.9219387366225,7,139.34643922990378,0.5400024239077595,1,2
0.7613068222276345,841.6377462168912,0,23.298513267150785,0.8799050056483771,3,0
0.9428175866714864,913.5711021054807,3,27.626942597461436,0.8146138016690776,1,0
0.9830295706209031,1038.6957823827988,3,21.806429642970546,0.9602566021184572,2,0
0.7989477836973241,504.14003792484243,1,24.748719670209585,0.8388096313547944,2,0
0.37689578533328294,2200.0,14,80.71882719058803,0.4986045046526216,2,2
0.9771126403334071,909.954737436192,2,25.776961917376568,0.865709229957525,3,0
0.47293757285001375,1405.7703613492552,4,55.98379766484627,0.6520902687080141,2,1
0.6136908536806669,2400.725474579809,2,54.10211864305404,0.527998433936247,2,1
0.6362325853981398,2412.79437507751,7,42.596693716678644,0.6643804069697534,3,1
0.47324519537018594,1700.2234899829878,5,47.67717631466042,0.7788296671458936,2,1
0.23617622645730407,2911.77459883939,8,83.35699404679536,0.45885050761052404,1,2
0.9402476900070235,400.0,1,17.239926901991016,0.8728129525607238,3,0
0.876535465710061,929.6178839596553,0,27.0763138605222,0.9250941429090525,2,0
0.9740228249808733,715.5179631002995,1,23.453023740183806,0.9590062936455641,2,0
0.9857689594361769,1001.1178483671749,4,37.814124456480236,0.8486844390109716,3,0
0.750127445761404,1612.2410597419728,4,78.28011291089122,0.5051343757616492,1,1
0.7476987118519517,2223.771432677179,6,49.576759680820885,0.6245269107883628,1,1
0.8975737356287019,996.4497905361314,1,24.466524454579226,0.9604212993856641,3,0
0.8069837906354854,1143.4317041650993,0,27.914295048123982,0.860340172438443,2,0
0.6098604053753517,1968.7177549051084,4,53.71973138003927,0.7801282051363526,2,1
0.9237861385118984,994.6943798070457,0,31.992114295312696,0.9667185389717423,2,0
0.8728986366853593,790.0919450808931,1,18.33602038029254,0.9375194688775177,3,0
0.6438270282755365,2032.4408988105583,6,41.13008331470401,0.5045099887285965,1,1
0.6590017320080546,2215.398826676706,3,51.430540841624506,0.7703253272632045,2,1
0.18133626148669313,3940.115162352028,8,96.93005726310489,0.20526439683159872,1,2
0.940256975625507,1146.174902630947,1,24.692890926157432,0.9623949413088816,3,0
0.5581498957050834,1413.7157551614835,3,42.960526106851674,0.603573479347224,1,1
0.6830552960861314,2136.6635645415836,2,64.6535930882353,0.77721940310992,3,1
0.6806107918106131,2096.2173262985593,5,77.03792463927702,0.754549705618256,3,1
0.5632781618338933,2076.43912464619,3,68.81535626353003,0.6349783583723632,2,1
0.84356769893903,970.2896415083165,1,26.26938899916549,0.9684719276711486,1,0
0.5391008187699945,1737.1860748134104,2,49.09648485430189,0.641987221190566,1,1
0.34493996365922086,3611.1916669054394,10,104.93781045027968,0.2611433488271221,3,2
0.7556173270800294,1190.6521326642069,0,25.95796339328755,0.9106065814765368,2,0
0.13319023775615113,3110.7138316050095,10,103.8410581938579,0.1621308765470937,1,2
0.4788682698978063,1826.8029759212136,7,72.38079307902235,0.515154535391073,1,1
0.3262429229717428,3703.7093389723864,13,112.66189047505755,0.31565947178440396,1,2
0.777979904849432,688.6884714479495,1,15.396244940899726,0.9482835707783062,2,0
0.4556502883130634,1911.924239195885,6,57.7533028350468,0.7363755078244358,2,1
0.45719624173105056,1711.1250914961793,5,35.78478248217322,0.5686115411450382,3,1
0.941220815385532,833.4279191234978,1,26.264111129772875,0.8675073256832379,1,0
0.8185538005871675,995.8883036172128,2,23.442085550231834,0.8469920239811592,3,0
0.13946890641066997,3178.316950225832,11,96.1515967544038,0.48997626826306806,1,2
0.741679116955341,1634.179783280766,8,54.03894107875773,0.7473783924652851,1,1
0.18303966721727183,3415.4651746754016,10,86.2752256536113,0.28348527215372343,1,2
0.5637421365341407,2417.2199625962107,5,56.90773217247297,0.6821180803770064,1,1
0.3729298314431966,3533.3419791991355,7,117.24536861205166,0.5148795554316492,3,2
0.9887163201657985,787.5663946843396,2,27.60079390033384,0.9078222746806303,3,0
0.16672813436640294,2547.5216092329274,9,117.27532770728854,0.20080757611162686,1,2
0.7028382118250708,1915.6403888520247,4,54.0887483539506,0.540331731778348,2,1
0.49274378126711627,1754.3998127506293,3,42.50167999024068,0.6395727688507201,2,1
0.7420478924203586,1926.3549016384402,2,77.24251614390224,0.5860645693380052,2,1
0.6710832297310164,1294.5225379101407,9,81.22446079941936,0.7561674125850075,1,1
0.8449464450448074,625.6652605539068,2,28.89765664059137,0.8879410089052715,2,0
0.756410516451609,1246.9873151673617,1,22.201411525832363,0.8559523079931308,1,0
0.9230691411294631,965.564234568617,1,32.58312303946072,0.9693290743350396,3,0
0.2667439280703936,3194.821503034219,13,127.15874922651321,0.41188917428168614,1,2
0.46501639847079773,1634.5604640470528,5,56.225903571397,0.5843142202867885,2,1
0.5018294317527158,2394.9415548173247,6,45.14641647414274,0.6113856837225435,1,1
0.8517269901807176,1010.3481599821841,0,23.968081027550934,0.9578326396852621,3,0
0.9096314869160214,851.7005108258443,2,30.142781990516312,0.8486008993637025,2,0
0.5013282301951608,2028.9803272738582,3,51.03836757655175,0.5683982540637632,3,1
0.7054828622657272,1333.6967942674441,6,56.547935046816335,0.6157712317609685,2,1
0.42243674286237287,2822.414579421833,12,138.6726540504477,0.491832958112421,2,2
0.7705952614039606,796.7140712224857,1,25.596825748654904,0.8856606519493083,2,0
0.27319997060054907,2637.078664521243,6,79.56744822158868,0.16755544102293177,1,2
0.4664015043782682,3591.99188671666,10,100.26960039393404,0.3756342934773856,1,2
0.9478947609314621,1031.1801553059522,2,21.29753074473738,0.8206615301589103,1,0
0.7636107040005689,1868.9451174962942,5,70.46454633764071,0.6173901504934828,1,1
0.7645209030420499,1198.5377137919045,2,18.88637997764411,0.8305626751191706,2,0
0.996100545175888,790.088572818284,0,21.85390830250988,0.8338714362895253,1,0
0.8756415191158606,1111.7457059767758,0,24.49753338770859,0.9470543210854777,1,0
0.7703371951604749,1050.8582659627148,1,27.73959909219101,0.9472246326883996,2,0
0.9543244424906234,838.4383057722232,3,17.424852435683356,0.9684630053575669,2,0
0.9923676083188422,763.0740348479992,2,28.883719384276187,0.9164250188628374,2,0
0.9269202336852289,1287.0308080120458,1,16.702624484364772,0.8587133110300237,3,0
0.3465746003998258,2901.2175279393414,8,96.38495379004873,0.2198287484233839,1,2
0.6297470708332122,1242.195950415714,3,48.202838220385416,0.6509474460407899,1,1
0.5292126781921694,1778.5951890040544,4,54.100808564521486,0.6592221780385612,2,1
0.27844243724953716,3146.327766785195,14,108.19041523725937,0.20031688724450247,1,2
0.1921251015053696,4300.297230476715,9,104.49604978591249,0.3589926569280476,3,2
0.5230190995465407,2079.4669536558363,3,54.21701132798606,0.6813623679835112,1,1
0.4776089253168905,1547.0103294514993,3,70.74323892041922,0.6284985426201923,1,1
0.3454902984255903,2452.729220669315,12,119.30528001172118,0.17689856734210935,2,2
0.8010089086572247,671.7982980494523,2,31.3132114460466,0.8758411669899887,2,0
0.333231077503478,2779.687217483251,5,98.70181833592575,0.4136214668765996,1,2
0.3967685817885437,3764.7902664368594,13,101.51894272122631,0.5294413572456926,1,2
0.6167606559224573,1756.221813810494,3,43.881248776222286,0.7850179505146913,2,1
0.8347574477621752,1095.039525956486,1,20.708508887094453,0.9459839040726008,3,0
0.8317582903908096,938.0847779850116,1,35.61874439702267,0.839147183695336,3,0
0.3872527512615975,3117.322093266466,5,103.6635689196105,0.5248735978090936,1,2
0.8628467560824189,773.6844541669337,3,15.016957760338267,0.925185608754034,3,0
0.6396318833052069,1877.1921174133277,6,43.11322780825134,0.7650394805336278,2,1
0.8263810776645059,990.2450638637016,4,14.413066182058575,0.9716430002903286,1,0
0.7261899882360465,1970.4560047470984,8,58.63413807120676,0.7464079301653319,1,1
0.5058644493900205,2160.216706571253,6,61.2248132305178,0.7668068019585004,3,1
0.5428417333950601,1931.1724858005355,2,64.63558820569014,0.6888051773082636,1,1
0.22899474872203773,3751.3523282324863,8,104.01912795772346,0.4530645178951782,1,2
0.7479943029254705,2329.3280290799444,6,61.90236478781847,0.5521503424934142,2,1
0.4889090829006938,1548.0844043455904,6,41.185028948829064,0.740248777350001,1,1
0.9308550284221462,834.1104427305818,1,31.48432299332192,0.8778756465087265,1,0
0.912808244260373,620.5763629774017,2,34.96256112096008,0.9697693630136028,2,0
0.9495737947416938,880.2823735431476,1,34.83582330021458,0.9797500568667418,2,0
0.6763379102263752,1376.0236031176637,4,45.985099350787536,0.6072240557969824,2,1
0.45650751162742315,2211.606192124422,2,74.29523120316429,0.6358225444519202,2,1
0.14678415273845935,3068.0222752188406,8,90.35450404485545,0.43871353769047783,1,2
0.7629928209128681,1143.5918304611116,0,17.283498700240308,0.831126049572907,3,0
0.537427192453394,2088.5803046065084,9,75.17510511739809,0.6578016210825783,2,1
0.7734186919570232,751.5058828603903,3,24.867482110050535,0.8300780157978142,3,0
0.6765185650192218,1597.5645073967962,5,48.210242540590464,0.5472212246856093,1,1
0.9485493328192711,1095.5631099372401,1,18.59414942000455,0.8922901761932394,1,0
0.9055216750569683,1009.423823035042,3,26.320683239808716,0.8919808574380257,3,0
0.9660895624599093,808.7758345051624,0,17.219603815479765,0.9547359039017713,2,0
0.7124988161986039,1853.7419939910599,5,70.69371195229665,0.6112844232890501,1,1
0.6030611671933288,2448.0631769638076,6,30.0,0.5065066570628868,3,1
0.9936982905366958,794.7504286965158,2,29.696223631611105,0.8105175783538235,2,0
0.5566192866072023,2209.008807478421,2,45.664297213154754,0.5514071057043886,1,1
0.9181296140192596,1018.7113444561724,1,17.33042422445455,0.9787707421276999,2,0
0.3980050064640983,2988.1935546169702,8,116.40458215425338,0.4910877828523659,3,2
0.9987269556616089,681.6132199209374,1,26.623586296693922,0.9427224100993344,2,0
0.9240074491687432,1079.007662815223,1,20.59874102141591,0.8782964356198482,3,0
0.8805608150137011,726.7650303570998,4,33.265644683045835,0.8295633921001678,3,0
0.6615205369603054,1352.5905128761633,5,54.67836655504152,0.6942698498134207,1,1
0.8205086431428266,1117.1572649878694,1,29.21365856530947,0.8198639101804176,3,0
0.5078561538649378,1991.3622738874433,2,61.45665251721822,0.7666657019019438,1,1
0.4775545186938216,3484.195008346786,9,76.7933548459057,0.3185021886742191,1,2
0.6302821585551687,2089.528682405812,7,56.28692018075254,0.639226979267409,1,1
0.7396074631432683,1459.2659669733907,6,60.08808914080378,0.7003060057309537,2,1
0.3486645833573311,2543.099564462914,13,103.439649891249,0.28724438884089054,1,2
0.5442291694969461,1613.5348611885731,6,44.40927747115098,0.5895375183536354,3,1
0.806153902960963,739.4351112098316,0,16.198564327888484,0.8789771997172934,1,0
0.346172850083071,2201.0092993954827,5,102.78348177318777,0.30078462223877944,2,2
0.818701508887034,950.2947217881024,1,26.918869808777067,0.959204836443595,2,0
0.6555336481971893,1386.6043378664726,2,53.54106978697214,0.6846282728997081,1,1
0.7917604769752374,993.3341963932162,1,23.87679178534914,0.9438218668434246,3,0
0.8678940471375396,1036.04322109009,0,26.317849519702087,0.9571464082747045,3,0
0.48695108026070777,1693.6160779253105,5,48.77332156217545,0.6383385047958384,3,1
0.7715957427085836,1717.3868499562607,9,42.23338523798373,0.7826075830727295,1,1
0.7902020128543746,1048.4254982143784,1,29.209230750150397,0.9571033385142997,2,0
0.31018326942581514,3377.771252687433,6,115.95697216519542,0.43907626542177214,1,2
0.7696446242887551,596.6714901158418,1,13.659361164077477,0.8606468374935269,1,0
0.7708751791746672,871.0962658568965,3,28.24014518193546,0.8959761195864273,2,0
0.3512573903128322,3021.187053159337,8,157.03923759116805,0.1534709638766402,1,2
0.4998903633812939,1219.3812959908512,9,47.02512143420011,0.6242070825467616,2,1
0.8014218155488888,1190.1855096558425,2,30.41011073285007,0.9649643027598902,2,0
0.7915708421890199,996.3732123436982,1,16.9932755130825,0.9191451914284268,3,0
0.9200569448020883,1225.6937109544642,0,26.71799997920205,0.8535141078606151,2,0
0.32706715374586115,3814.8145395615275,10,80.82861020170763,0.19583629158854948,1,2
0.8579148865574199,1196.823205707193,1,18.490727342341962,0.8372313868658411,1,0
0.5159409037126501,1789.5700083318125,4,82.4756696657812,0.530349062367919,2,1
0.16554332690748788,3833.8919639590445,5,87.22222468871256,0.47081239500929284,2,2
0.9142387890667849,1193.3081718557205,2,16.94064011231009,0.8150855180276896,3,0
0.8635943336399903,1317.2094099074227,0,14.660181278084384,0.9308133017412775,3,0
0.5912893158574761,1803.1057105983443,4,72.90345929986859,0.5949817776966034,2,1
0.7432801504220659,2154.616431578636,6,51.11948984914633,0.7523830446975589,1,1
0.6058469420624211,1747.7286449680264,5,30.0,0.6035513318485711,2,1
0.9875154917627013,1029.0431171900113,1,12.621929130995108,0.8405072718279559,3,0
0.9467258465638237,899.5192318162292,3,29.87197345212479,0.8252480984226505,2,0
0.4050927333675536,2932.020715182104,8,120.65631993510613,0.3180962330703017,1,2
0.6382824421334908,2034.1216067203027,9,66.81139180291851,0.7466849663285284,1,1
0.49495516684508817,1737.487747606538,8,44.13726602869813,0.6533995295946916,2,1
0.34375705239482146,3403.5297711913327,10,82.43750843613637,0.3725987673293594,1,2
0.10719093247047717,2676.8133590030866,7,119.76047486512914,0.453504588151482,3,2
0.1465927897224238,4239.123663640554,13,71.57795565314957,0.20038305403567175,3,2
0.5346385737014749,2107.9085359769597,7,63.55481635702175,0.5841817223143897,2,1
0.2842221181894985,3363.450869373162,10,98.16431420743828,0.16620957602292266,1,2
0.1468242494979104,3534.6959098637403,10,70.62141326767076,0.4655859393918562,1,2
0.6081258846404958,1616.7138591805697,6,72.19011783787052,0.6558964867401935,3,1
0.39849834077074486,3283.4797622263486,13,104.01187158155507,0.3017917001353243,1,2
0.6954477069478026,1291.8442340943907,4,32.190858095465444,0.7160296986877064,1,1
0.24994467752895955,3668.838017619839,5,92.9347205123336,0.43042275996581614,1,2
0.785747920513209,774.656555082007,1,36.889145602496015,0.8927984589335256,2,0
0.27408955791057715,4101.687657694886,10,112.337458491694,0.1675911244835826,1,2
0.5881397112717319,1200.0,3,64.93286786538162,0.6220122412915373,2,1
0.9289562411705221,919.6135079077889,2,29.727587514976317,0.8246722296572807,1,0
0.9025562873694103,1175.2992900039076,1,15.76666445752847,0.9745866032418697,3,0
0.48590643877592166,2049.9831137060983,5,42.51442193347502,0.7899126043983199,1,1
0.9449613487877859,751.5031534923232,1,22.03479070502377,0.8447672880739643,1,0
0.5158876965941628,1585.1178992099153,4,60.723700223976174,0.5856133864051641,1,1
0.9519614854853147,798.0386613618235,3,37.24714301916451,0.9727718168129333,2,0
0.6393747154076745,1968.3089288768394,3,58.066269241546,0.6386351529578844,2,1
0.6529668846244264,2264.789909257768,6,47.10755216838483,0.6631928773879524,1,1
0.8285889952690817,967.6967686923382,0,31.022144266672015,0.8721624900642427,3,0
0.17812589623022582,3402.8242563926215,5,102.30010400283483,0.2933737422672332,2,2
0.6089569636583075,1398.991600931782,5,54.694155555332664,0.6093616805354563,3,1
0.8638050372704503,1062.8303524236533,0,26.48955877894288,0.924811100467708,3,0
0.7654178752475436,2035.5429861643925,7,72.49118174165494,0.6012753373344648,3,1
0.6299129735997979,1807.4937199415015,6,39.68712781635315,0.7618781894933224,2,1
0.575777294046683,2021.2169669923696,5,71.93285274814627,0.7003398412668952,2,1
0.46430405457601753,1912.0271467619746,3,54.076299416547826,0.7332641951195576,1,1
0.24947221643124018,2932.6160449126,14,88.69142652543822,0.2385397878503674,1,2
0.5387287002826999,1629.71133790529,6,78.55196917490969,0.7292936115287707,1,1
0.49741805908969694,3703.427232206317,9,131.6189606628064,0.30615567396114407,1,2
0.6834926074533756,1200.0,3,58.38049604799397,0.7459874362176742,1,1
0.90589642200069,523.9979932184473,1,10.033875995663216,0.8334815177340792,2,0
0.18148982405645336,3017.559316612148,10,115.45582781801969,0.33347821610622275,1,2
0.8436350297118407,724.4034826486878,2,31.04714138472948,0.886658362272369,2,0
0.8079867740289939,553.759739311015,1,25.277450950109195,0.8426866531825704,3,0
0.2183574670183549,3912.5139558347155,5,121.4992385459565,0.4876752661479452,1,2
0.35599569001429654,3541.594163229687,11,94.25792960340151,0.18125383351480556,1,2
0.9751754660028147,809.9974284008373,0,23.64762830702606,0.9048898656770802,2,0
0.12582358006276229,2944.8499825383487,11,121.47720847094072,0.36832066471668634,2,2
0.16309684666295624,3517.2260785784974,13,108.43984162050222,0.5394302066701008,1,2
0.6294298224939544,1996.9838394825306,2,77.98751566209575,0.7592026050687442,1,1
0.6968044438286075,1200.0,2,57.41469917225153,0.6409051560102798,2,1
0.714381347109382,1438.4023159725011,5,67.50339872609435,0.7384518724316473,3,1
0.964603187960753,1125.2100501544337,2,23.37156963901302,0.9010909087624619,1,0
0.4773104403078553,3716.9052175430033,10,139.33741574050558,0.4065483405751076,1,2
0.8553392505692675,753.1652402443009,1,20.79292808845814,0.8555110265537264,3,0
0.4725895459105941,1331.4610404590735,6,76.20410351961749,0.6749676955074714,1,1
0.6264899944312377,2424.9553458666255,4,32.153337617776174,0.5406408398481269,1,1
0.7636904097055078,868.8203644126665,1,21.17922939070266,0.9372835106818296,3,0
0.816261607081251,758.1958084739019,1,28.935209074877488,0.8914683151808266,3,0
0.5069714114574961,2060.683867218866,9,52.24377138159148,0.5944084589910024,1,1
0.9547972148566976,754.079506038518,1,32.34234425502833,0.8101906951642502,3,0
0.14972772303826024,2395.2474361710065,9,81.39322330713786,0.518476581019145,1,2
0.8978188589362324,676.6951120102682,2,27.055113826843048,0.9426503027350639,3,0
0.9342184362360455,872.1205598673532,2,27.341670862357276,0.960764969308298,3,0
0.25488192714884716,3353.6487756359807,6,94.66087385732291,0.2731966045994562,2,2
0.98912534957487,985.6633384750475,1,34.60337504421976,0.9528445945090019,3,0
0.24176382680573305,2683.021946669629,11,96.27507200979572,0.42240490754541515,1,2
0.9241842913410376,878.8103291391728,2,25.218999590956958,0.8462574688136806,1,0
0.6873649740502525,2136.122553324939,3,50.54425582416443,0.6700917331900376,1,1
0.4902480462863458,3203.5063396738865,8,103.92193880457471,0.3500361690468446,1,2
0.3174147849768887,3107.4344834548206,7,114.7392564836986,0.3730879426592111,1,2
0.5338089114430333,2019.8908137605936,3,55.7663520265181,0.5020737773509002,2,1
0.7312755385056653,2390.1044043513607,6,49.84244274401676,0.667026807297527,2,1
0.7596065872405813,1217.9677956361368,0,22.845201866217533,0.8092286598433677,1,0
0.525875303970035,2000.4153872198895,7,78.77774525037347,0.6849627262967154,2,1
0.7115537628110776,2038.43201199825,2,57.17533358732268,0.5866609188287863,1,1
0.5693579677290834,1492.4715617798097,2,47.70447752558856,0.68111266108413,2,1
0.8501907652188315,1010.2952550479047,1,29.9143296305242,0.9746137914038002,3,0
0.45719035342154435,1785.6332519043444,4,58.654448782191494,0.6375122575265186,2,1
0.48016746120779086,1568.3940190047736,5,61.93433456915547,0.73578227535911,2,1
0.9691634006645863,719.8758530704263,0,19.77627386124469,0.8871817224089825,3,0
0.7573118207586398,1206.473544935623,2,37.149213642975084,0.8462134882414789,2,0
0.9487023871874823,1064.0688025224913,1,32.674239498755526,0.8993987122498334,2,0
0.2998737021265925,4002.5486143604053,6,99.62319398655055,0.4381494900835887,1,2
0.45339676607909907,3918.946490513692,9,134.55750359555012,0.23342373195426486,1,2
0.8866775698358199,863.420711779032,3,27.46404383964879,0.8835925231377163,2,0
0.5533174458859462,2043.2498841107176,6,42.70389524736623,0.6908355328772494,1,1
0.8831473581378965,609.7648619896881,3,26.312588420708625,0.8520045768446861,2,0
0.8967102795052198,708.7127246363982,0,30.709344266383,0.953196538801786,2,0
0.48071418514088327,3453.4382890625197,7,72.58509832266377,0.2658055183404028,1,2
0.3103734058691243,2887.8239253700294,12,100.85419639828926,0.3814527672524046,1,2
0.6754587421507036,1442.2645471125518,3,73.07387936983562,0.5363015101097675,2,1
0.9766180277411367,1110.3895235445837,3,31.085529142691545,0.820439817891829,2,0
0.9827371738767444,590.5392022123269,3,26.947820742576415,0.9537201482293464,2,0
0.22768618483137246,2788.422955255044,9,123.96117666354047,0.5101887043348055,1,2
0.7732982763238234,1200.0,5,59.752347330895326,0.6149812520548662,2,1
0.533894259927228,1520.8171208333947,4,68.67440514847792,0.6923973323201473,1,1
0.7888100614826781,978.1391841856289,1,31.51589736667195,0.9401395445933376,3,0
0.9069270132678544,1299.1334979567928,0,24.878561672214122,0.9094348101676692,1,0
0.7722811080290042,1042.5424057722662,1,31.878196451780987,0.8458565831359722,2,0
0.9401962621542244,687.521294370624,2,21.330390524782814,0.9306990923064953,3,0
0.11818607515088093,3054.492223079738,9,110.56251441262289,0.3154506801103567,1,2
0.7688711631261407,1200.0,6,66.50716826283346,0.7947718811007165,1,1
0.7586629528609787,2155.2664302104668,5,73.9937112560367,0.5342992546488304,2,1
0.5186023377333939,1723.8218382252267,5,50.04014097461686,0.5428202210446643,2,1
0.8093860327185819,782.693746087213,1,17.224119876113388,0.8783021469387455,3,0
0.5462455511802506,1796.1845810152167,6,63.47628114874345,0.6930764829025655,3,1
0.7133553723361508,2298.2568328570974,5,76.31610774250899,0.7446323739463909,2,1
0.7909139857164261,764.487069532869,0,24.96370888816549,0.9792095680725967,2,0
0.4291972124808847,3085.1784993115134,9,110.95701689889842,0.2748818973036515,2,2
0.7307990863098299,1529.5082889872954,7,77.92147231918351,0.5990886868904383,2,1
0.7391536867334415,1200.0,7,44.27101780101026,0.5490069535140879,1,1
0.8174551800320535,715.08717712438,0,24.858667598675474,0.8610251389539038,3,0
0.870336037908831,710.8986240114538,2,33.67978845881038,0.9202866986974714,2,0
0.11476705723093722,3043.2318175676546,9,93.73294488362284,0.36548016681279927,3,2
0.169163484927138,2830.2367201697075,12,106.13531669324186,0.33896320572932837,2,2
0.4801525753852669,1941.43136497592,2,48.90817993909198,0.6342927004152666,1,1
0.9539582812476545,1019.445643650677,0,25.54474541780264,0.9785909086007136,2,0
0.6548101941998506,2226.7402961838266,2,88.48898011478475,0.774335873851101,1,1
0.2620085983310521,2650.5800992280483,10,85.07203980471711,0.3601614100487315,1,2
0.14215732298791484,3332.8773516912524,9,117.79100992305325,0.23541117256210323,1,2
0.19677849463524633,2362.566028553654,6,78.95831465530532,0.4777645864515089,1,2
0.9087734127169109,1012.1838895882478,0,24.583729798358025,0.8375906636813572,2,0
0.9843071218091128,968.4675668979243,2,28.070385785619447,0.9741174510015064,1,0
0.4513550665010585,3579.4995669551927,13,108.10217698844214,0.45796802150036175,1,2
0.7518907187445355,903.6803261566877,0,37.560374350299554,0.9595332340552519,1,0
0.215057893661593,3337.484063330605,7,111.10240533308935,0.2833549839067805,1,2
0.8730290732698845,987.6951477619455,1,23.376910708574822,0.8353188172106532,1,0
0.8929680678067966,740.8885864118236,1,15.188814940094506,0.8903065371517429,3,0
0.9322517920102469,1156.2032723470224,2,37.512463732552895,0.8427857768551212,3,0
0.9669795736300055,1154.4707000213537,1,28.309913611474446,0.8004549589697436,2,0
0.5263383430612962,1797.316269283176,2,52.88545109079711,0.5622736192563119,2,1
0.18172986457481108,2510.9350350223144,9,90.4882813507219,0.2207235032930085,1,2
0.5924129156845255,1244.8408965706967,5,60.40655134832682,0.6171462085904285,3,1
0.2673618638985801,3127.580255234939,7,64.15822012551047,0.49627933637643773,1,2
0.7803753440752295,1354.2899490845593,0,25.23285400272881,0.8778225929008637,3,0
0.8055269526176826,964.8718563443206,0,28.67072229401598,0.8676167723887401,2,0
0.9841824971841836,855.3068035256296,0,27.84425386907324,0.8777644639340735,2,0
0.5096675095624197,1898.8576712428337,2,47.32816204248962,0.6389429090772705,1,1
0.2078518511851221,3254.0939392739456,17,91.85737001757889,0.31241282558154443,1,2
0.16366670923429066,3833.387258870145,14,97.36595406213704,0.4948921601405294,1,2
0.4975825230890305,1200.0,5,60.38625344689973,0.6734935570360344,1,1
0.8598512474236131,1294.5084353579616,3,27.161147668609637,0.9288965452096725,2,0
0.6884744017790827,1286.8513033479253,3,47.894470297103766,0.7954233988495241,3,1
0.16748418270277945,3533.3015478614407,6,94.0435531303349,0.28985827696804434,1,2
0.48862368928718636,2188.143083484486,2,42.440146968097096,0.5352960358001441,3,1
0.7801589677751501,824.9607239352126,3,22.843007340127492,0.9704224110106917,1,0
0.5791738866735423,1750.483328787041,5,46.63578922916446,0.6339954291518419,2,1
0.9462939903482535,1132.9478708914344,2,36.66464622115297,0.8215334791128927,1,0
0.9114793103329003,649.9184532060565,2,17.538489533156792,0.8815939529563778,1,0
0.461597117474009,3314.320069440053,5,84.03275389095536,0.2881720021207564,3,2
0.49908469825759416,2038.4014375979225,7,40.63336323126902,0.7592425027504415,2,1
0.17912827570484532,3889.3832232701034,15,68.88611937985054,0.5440004865831786,1,2
0.8066239437994844,1117.1964232350065,1,33.37612819228889,0.8220119698125079,1,0
0.9127193422617985,761.079926167371,2,34.80629919188658,0.9247236472822545,1,0
0.955465014822589,986.3845089347881,3,22.947120621259238,0.8785432149746502,3,0
0.9394615276160923,781.5071481694212,2,29.245254105605014,0.8136728516536851,2,0
0.6637009019662635,2205.051234823913,3,62.8173980321587,0.6004054853309353,1,1
0.7575967649242092,997.2072578835274,3,27.68758404027634,0.8487300964752771,2,0
0.7933004674775038,882.3274081589329,1,18.476435894353887,0.934123894729712,3,0
0.6651976129458369,2165.074672189626,4,66.33912395263312,0.5835339832058848,2,1
0.14037079001139385,2871.9511113842077,16,97.20627655402483,0.2307085367437302,1,2
0.9977921565342441,1261.861269946622,1,21.81177089819813,0.8594559809714324,3,0
0.8807744610425372,705.2907600591063,0,25.180878392692087,0.942074080839467,3,0
0.9488168279649726,992.5182585707903,0,15.723446078177965,0.848152134323696,1,0
0.18944009095482617,4105.237932885067,5,104.95161952936446,0.27973405519925537,1,2
0.8987694826750637,1311.3087129659084,2,25.140815933755697,0.8607193155986147,3,0
0.19891467249897904,2508.9240301391737,9,118.23867538222915,0.5305819696274099,1,2
0.7329925319429714,2353.2544648394805,6,50.68723556927446,0.5467901354053429,3,1
0.9105813814763069,839.5638826034757,1,20.24099764674191,0.9145419767572561,1,0
0.9676883625843148,1140.0523499477658,3,35.57002139282126,0.894952613579938,1,0
0.8549318292315305,848.764049500924,1,18.92375190003021,0.9602759966802497,3,0
0.6494392867371976,2327.1816323889107,5,66.0871869282148,0.7246216127330205,3,1
0.8995563235159347,799.6431614376936,2,25.789557763371196,0.8558029440479329,2,0
0.1565288957752812,3145.7226891870355,7,83.5432435622764,0.5262202320708366,1,2
0.22773232286475642,2535.3913236945564,7,83.1624060432712,0.2931385702362933,2,2
0.9500177421747898,1039.0804949100598,1,24.370602173259265,0.9243657026128151,3,0
0.9266189316217253,1066.6667823560615,0,21.69588924090496,0.8938287452405365,3,0
0.5166404852889542,1691.0722584778275,5,45.176917201011804,0.6647126542466786,3,1
0.16170633411864524,3635.5122402682414,13,113.01911342221261,0.3423194515562231,2,2
0.8390241814744616,1076.466612464682,2,24.735966730349045,0.8171965173745227,2,0
0.4706781665231985,2938.8999270303075,7,105.56808919875719,0.37408795482449203,1,2
0.20124090210595838,3066.7154943143273,5,78.71771691712695,0.4788205615479577,1,2
0.6643617117238869,1807.7347632428275,4,56.44289001188761,0.5707840330678271,2,1
0.17472354827984565,3505.5416637972758,12,121.36588023800054,0.28017683881841365,1,2
0.32195938262922447,3629.704908434984,5,129.52073018787348,0.36697660345625727,1,2
0.7314031260915375,1825.4401437722952,7,68.65300630994558,0.5023881703896774,1,1
0.26884241911062723,2794.449519663554,12,99.93258834879315,0.20185281628495563,1,2
0.9256210209967773,702.5640945697633,2,18.478148478096365,0.8133133737087721,1,0
0.14572302155374253,3183.6345810773023,6,88.18457404239393,0.4973360645709547,3,2
0.11363854278066472,3311.6265250615647,5,110.02941770352076,0.28735284837090164,1,2
0.746790954543906,1221.9107790281514,6,63.968684303117065,0.5240531967330069,1,1
0.7110582881042499,1915.2098577927502,3,57.340564966626616,0.7034957107955876,3,1
0.41415647000687084,2839.2639906979343,5,77.59931885061876,0.44737628962163456,1,2
0.7511588321738374,1902.3036044148998,8,49.5058929406976,0.5332024937351747,3,1
0.46405501481020334,1683.8882727650216,3,50.85131591811964,0.734217849708305,3,1
0.7856238857253783,559.2256826346562,1,23.3640373586505,0.9179044453529162,2,0
0.17501691600200178,3708.8032423109385,5,127.29635430664425,0.2621336845361676,1,2
0.3974276520318697,3488.0721387305066,8,113.09262034019002,0.5121244591119606,1,2
0.5429065632352752,1899.7048560937951,4,69.40524240007639,0.6436226187928271,2,1
0.7650355856501962,1055.205582768695,1,25.609374541021648,0.9764972547256437,2,0
0.10279212978245084,3845.9241082207245,5,105.46675288276938,0.3816137378717761,1,2
0.5499152854777085,1918.9667253830023,4,48.45418556975788,0.7497262566274129,2,1
0.9039963625650448,822.4600167182878,2,24.537011348732413,0.8116397978931028,3,0
0.2859684889580769,3348.7694690119856,8,111.26653238650655,0.422524376403869,1,2
0.7638195015292918,1891.642362200038,3,34.81473886392634,0.5030765448134491,3,1
0.20344659582357305,3548.49560750119,10,118.47045198403903,0.2944396728435669,2,2
0.9505492451885099,1129.689141839351,2,28.163858160397382,0.8044947620781436,3,0
0.4727477917009494,1611.8714052042346,8,53.723912583317905,0.5349598461776379,2,1
0.5692911818885318,2037.2559652313678,4,67.30769315975544,0.6445901478860276,1,1
0.20655193825223137,2478.4960860856577,9,96.07356895128264,0.15143924067026146,1,2
0.35400497499723194,2689.915291847294,5,106.52675322628548,0.23089440734091182,1,2
0.9507133621495029,932.0036451705575,1,31.637121028743287,0.8022666702801491,3,0
0.8493985994906985,887.6471600279742,0,23.117627661640913,0.8062968478954513,3,0
0.5010428500322112,1557.2510216686899,2,42.06878935042339,0.533371761153992,2,1
0.7551183268391652,1253.995416645671,2,56.07623919945291,0.6227590904578846,2,1
0.749812930065169,1955.4230922731763,7,60.70141544006086,0.6243579027981537,3,1
0.30759174125792255,3242.7579541040595,10,99.75926214348158,0.45622410502852484,3,2
0.4956947311090836,3066.076792109849,12,112.38312244834334,0.5318134917238687,2,2
0.7335300237365232,1200.0,9,72.4304366718858,0.6552245779886957,1,1
0.8914329909989478,1186.2733563662368,4,24.697600296405867,0.9108977411868838,3,0
0.8572485068437545,889.7212552823028,1,22.21631218309355,0.9286740753560736,2,0
0.5146086562639336,2243.465631885245,6,58.358748027782426,0.6791184513378956,1,1
0.1781741433565073,3131.9673900330504,9,88.14974807939788,0.4043157623864121,1,2
0.6079715550238156,2179.456355934203,6,54.44633961051472,0.7130886414396151,2,1
0.9042862466510075,1141.1989033093632,2,28.699572316687345,0.845067149127256,2,0
0.8618006351262089,664.3918265247239,3,21.74279443148478,0.8766801458904337,3,0
0.8992107122292223,714.7237740036924,1,31.923364807230946,0.9095639768952772,1,0
0.9091075623859092,790.3462410149846,0,14.490983777077895,0.8378756870734733,1,0
0.6906531511323768,1877.0108514242875,9,30.0,0.7173869902875839,2,1
0.8327245062131623,833.0449335786918,1,30.881577716330103,0.9235470018990758,3,0
0.26481345758018404,2833.434037637587,11,119.86974559028222,0.4463654558272947,3,2
0.5706619136923897,1904.1070118283822,5,40.73043038129469,0.7546096445689225,2,1
0.6098414899430772,1667.6322102124482,5,43.999450050969266,0.7286929782099811,1,1
0.4491297649471435,2626.3009420858266,8,140.28844913301717,0.2949676257305618,1,2
0.7203842290781844,2214.424170455356,3,43.09227806036815,0.6322935883488524,3,1
0.8736050761756453,822.2963093822228,2,30.658308679640772,0.805434562760694,2,0
0.3059319126232086,3470.474902313546,5,81.20329654344002,0.4959187909995071,3,2
0.9364334456828081,1117.7539308433345,1,26.0542536556274,0.8421930339934867,3,0
0.28441369566286057,3754.3506941440733,8,106.05749801316884,0.20779396076534393,2,2
0.6300064968036052,2324.4382350965975,3,41.374893513096104,0.7692459140701866,3,1
0.6184238841875245,2124.4093126942416,4,47.46439530249644,0.5194921827436926,1,1
0.8559345634121907,748.8416999683275,2,30.049643222550348,0.8799888252141916,2,0
0.6205633134273147,1903.6042185983504,3,59.24712826872167,0.6891958044790563,1,1
0.9080660719798825,714.097827961518,0,19.98753830564905,0.9412593778093021,2,0
0.9245404285049363,768.3767021849487,1,28.567156761807766,0.8199974975922784,3,0
0.812945573956341,630.8040639506503,1,33.88531774391999,0.8199042536723588,3,0
0.8787043384824226,1097.0899371230437,3,32.28704807066682,0.8755765263566553,1,0
0.48400225322178314,1380.0678390828884,3,44.8148335075539,0.6927381003404883,2,1
0.6198025201401474,1552.2503134082751,2,38.3641110306591,0.6479971974532064,1,1
0.870146644331662,696.6633742847006,0,15.304141997697664,0.8727236185153064,2,0
0.4619409831858653,1952.7148682161267,8,58.743251506487546,0.6752419793498003,3,1
0.9034833961900155,1259.2721645853926,1,27.81984124199131,0.8697200157542047,3,0
0.670075439387213,1637.933808991232,4,65.83144814479152,0.6965238440876735,3,1
0.8800408752779983,726.0673837450611,1,27.38837304911803,0.833408731511978,1,0
0.19550976759290412,3208.257005899611,11,113.12011708352432,0.5068448562551067,1,2
0.7576531075433577,1976.7719331992428,4,55.503845502413014,0.5952863631610184,1,1
0.9684725193906288,1014.1225994439062,3,26.795418771510647,0.9721815071410104,2,0
0.5593597189398504,1421.6012335643488,7,57.368978101996014,0.5974505773421196,3,1
0.9991592092684763,789.8926301016833,1,29.22916928917457,0.9796011898076116,3,0
0.8232055091752412,1138.1097188687193,2,18.850302813209908,0.8057987648810672,2,0
0.5773322743181729,2197.4744436861824,4,64.74000835552,0.5664281203580518,1,1
0.16210672404448045,3206.060611546058,10,84.06209711957135,0.2950678323523114,2,2
0.282817381221684,3492.8387733803734,9,76.73436575463465,0.2883059932851396,1,2
0.806664100556747,692.2912358312055,0,26.499325348982982,0.8011031565164626,3,0
0.8443210407761557,992.4345332163886,0,31.34493567581307,0.8791086522625755,2,0
0.41766439038829284,3377.39053496576,8,93.21496074881433,0.5433020425519997,1,2
0.8242804289057938,729.7187131479373,1,34.19298261765128,0.8454823329930828,2,0
0.12808032582318069,3368.8281690259646,7,85.655183467361,0.5258994511665974,1,2
0.5303370592294858,2020.5326053460267,4,33.78734962473538,0.7445745303327438,2,1
0.9556201409085903,937.8959642442161,1,23.517861558176385,0.9646452338338186,1,0
0.1256309972505387,3233.3199010290323,7,60.0,0.40699143722195763,1,2
0.6886013621807626,2138.861653506399,3,53.772870555166925,0.6935053043767515,1,1
0.8105138178778751,1279.9763869790431,3,18.83790647063033,0.9498965603214885,2,0
0.6649621183713026,1559.310382732849,8,58.71358451870416,0.7839950250167528,2,1
0.10486458160252168,3351.431683392502,9,119.01356769836852,0.5169900628950007,1,2
0.8079179253458608,856.3908209215252,1,19.62697287814837,0.9226726163796208,2,0
0.48616729721059193,2271.9314069183165,3,47.7904896250816,0.5838866508963936,3,1
0.4679248192840957,3694.4610073839467,11,111.39288624386162,0.47522732101079534,1,2
0.821635313032071,874.2924977122138,1,19.018558238017658,0.9629881059484386,2,0
0.784839018518206,1298.5030706336238,1,19.00210669411466,0.8387977913188182,3,0
0.7436991692517736,1651.6183182738237,4,62.38053522371231,0.6054982739359921,3,1
0.46738776004054305,3336.4926835712813,10,73.6593261257155,0.24095228943037536,3,2
0.5909915747564625,1957.7220189743823,2,66.74453333408808,0.5573990090870733,1,1
0.10128415584081073,2903.7117123432495,9,117.33325115167003,0.17469168739843655,3,2
0.653990255785654,1200.0,5,50.703585486918826,0.6373729934555454,3,1
0.9128550970879661,648.6986211441488,1,22.785236361565037,0.8202692868270761,2,0
0.29953942082504925,3187.0277923101085,16,65.97129554818196,0.21620308441026648,1,2
0.49264625290003294,2607.601073444373,5,118.99117509564532,0.5443711297908163,1,2
0.9907787778972934,1020.6495001142788,0,16.78008536519858,0.9263352368283588,1,0
0.4482463364012411,2955.6234681136157,7,147.60652267020777,0.4146870125221188,1,2
0.7300606629541742,2002.707029879002,7,47.70113880114772,0.6517178541812318,1,1
0.23471008680233965,2997.390782662664,11,105.77482373194786,0.3746050424280003,1,2
0.2086106070324396,4003.8460133608455,5,87.60807086523518,0.2378218786428934,1,2
0.8738728290515496,1083.6908887884829,1,26.945063851581974,0.8090259241529258,3,0
0.640340603804088,1522.4740462709078,7,36.99710329980809,0.6581087491062451,2,1
0.4819744131841755,2120.4087323770777,6,59.07409322047353,0.6422742546200809,3,1
0.2913092210592233,2913.119360811466,5,93.45830744145981,0.4936623377399024,1,2
0.374048788860212,3050.488250589851,9,84.5212916221653,0.3377055945235945,1,2
0.9427280509364555,716.2626977027811,0,21.077937677511652,0.9495049985206012,3,0
0.4531898680077602,1653.8928608306383,5,69.7086784228664,0.6430011488478826,2,1
0.47418509500312755,2532.0641777272053,11,133.34635298051856,0.4636095131333947,1,2
0.46324876410948435,1939.127080781842,8,51.504498560366535,0.6635673257822301,1,1
0.4521410676475737,2057.8169765151997,5,72.95438025792997,0.5799255112810331,3,1
0.7607574387858432,2047.347964570808,4,63.126327982398266,0.7457347995505892,2,1
0.42666946493272095,2200.0,9,117.25974910631312,0.29016220548411276,1,2
0.9191283464443116,805.7750696364243,2,27.639708420418664,0.8819019858152524,2,0
0.9572208414706523,400.0,1,26.266841278461758,0.9224109850952306,3,0
0.9693432679819889,469.63691973413904,0,35.4379915118227,0.9466625602944613,3,0
0.3361966135293791,2779.895512750912,11,100.54992733191078,0.3159811228509591,2,2
0.8144719213583006,1243.8755812414593,2,17.419581024726362,0.9231577407059067,3,0
0.4894083703160331,3118.8767230722715,7,73.02018264225781,0.3840098718178184,1,2
0.4752097945424509,1960.4541406486542,5,69.27392481460191,0.7565282110258544,1,1
0.8570460370793286,1115.2014277197197,2,37.52647591525087,0.9639353262928665,1,0
0.5045957412062296,1857.4975675169997,5,38.74473479010097,0.7645873005583198,1,1
0.7774340496693759,663.6251749158398,0,25.708095784647437,0.816494876931631,2,0
0.297516671040426,3510.9651830133107,11,85.48242749311778,0.39308184298708404,1,2
0.6273276135750527,1696.2426698906797,9,50.680557959176106,0.5370888957816256,1,1
0.9499638139868288,1044.3125010252288,2,12.942759668971199,0.8310313057937215,2,0
0.7081240318953294,2044.7378810900673,4,54.93353974943973,0.7276239864537712,1,1
0.8398727878049388,873.7486065815391,1,15.257389887702534,0.8314994291751051,2,0
0.8212737921734617,770.4916388729682,2,29.01662808035936,0.9349147895854237,2,0
0.3353252758957457,2859.1995745672666,10,125.5751225373643,0.31412630174851786,1,2
0.8264010538725537,931.3387456493049,3,29.961335318900254,0.8395881764895047,3,0
0.6440706211996059,1925.459938179749,7,63.37340068054689,0.7903478704530742,1,1
0.9243678654173209,949.8617191283457,1,23.965023793615263,0.9298044536478278,2,0
0.47832454662325163,2471.37144384604,5,107.45908671197316,0.36639677526147213,1,2
0.749068241105644,1476.1322699965156,7,58.437641037202226,0.7741522226417641,1,1
0.4657087404519419,3570.984822391689,8,107.13083965453505,0.3152500453237197,2,2
0.4083678437271584,3464.8499929775367,10,70.4229060970822,0.45196574974259485,1,2
0.7459279503223113,1669.868011725832,3,46.431336120312636,0.6189171055897069,3,1
0.3184315329258578,4343.907210757988,12,107.11948775451596,0.2068396251131331,1,2
0.9305177345506843,926.3855933543914,1,15.734360073414669,0.8930241070443123,3,0
0.906975097372727,1216.1081373136747,1,18.144428383076423,0.8553185325777949,2,0
0.601321094588202,1680.510471403237,5,48.46145338991521,0.6931770043428098,2,1
0.42252199223327747,3214.3789455261526,8,118.39810716041052,0.307928151354264,1,2
0.8388461421714348,804.470883479199,0,17.240183084741396,0.8423585991727549,2,0
0.9271861744357441,985.0889728368345,1,24.346561029170008,0.8076251477515008,3,0
0.7683916314058419,2231.387654250199,3,70.3111838303287,0.7808585688875658,2,1
0.8925152925223412,803.3877896633121,1,36.880451400664114,0.9309126459031223,2,0
0.9992185629614868,913.86886740725,0,33.96893739935396,0.8200365778659591,2,0
0.1190063130742579,3654.348186562223,16,111.90761266392626,0.16904106730465035,1,2
0.7577835207211279,829.6157364366982,0,35.11655892603396,0.8280217025975556,3,0
0.8521133032676746,847.3103567835502,2,24.11583919146227,0.8283839609731666,1,0
0.840558860413072,456.63623212918714,0,18.250359868690094,0.9562091303896878,3,0
0.9387843139184048,791.1771995771614,2,25.95904346299238,0.9547149869445481,2,0
0.4454973143763866,3605.5097329126747,9,103.14903053675464,0.2646668485031886,2,2
0.8960785779807751,978.4831934357534,1,25.955062695535485,0.9133410773347798,2,0
0.8117758085025366,482.59459627958626,0,36.05200089720658,0.9578649088270947,2,0
0.7653054268634043,2088.292283594969,3,61.657189469107934,0.7777786671209732,2,1
0.9665440364437338,845.7752797914862,2,15.369091418920046,0.9174548379950754,2,0
0.5257081632501854,1735.5139074010833,4,47.29608812858626,0.5839746081609636,1,1
0.4848621401271798,1344.9362148416026,5,63.17074646752975,0.5968807283733166,3,1
0.8742936910021069,817.2788933156712,4,29.902220117555146,0.9181919509051633,2,0
0.157411710028742,3833.031270959617,11,108.68106753842903,0.22113434322179143,1,2
0.7705429168691068,794.8240648209592,0,22.030058806551605,0.8334623080801281,2,0
0.8493218226400918,1033.7483311185026,4,19.81925657686964,0.8705050595919511,3,0
0.9969170019991618,951.0767511348635,0,25.79690520049759,0.9080223091891094,3,0
0.7718814976097246,2184.1819840588105,5,67.69947013718634,0.5340023554044456,1,1
0.6989980457894779,1745.4971174864302,3,42.01336312387214,0.7851642077447969,1,1
0.7897270419173383,684.5247846030484,0,22.997792531865727,0.9618810936233125,3,0
0.9966656483167866,826.6985959263897,1,34.21920493790902,0.9204020190113512,2,0
0.9093003692020701,631.574450302977,1,18.653778958586464,0.9010938559911884,2,0
0.46018648373901216,1510.3759500587773,2,58.76623997720245,0.7466412876589101,2,1
0.9965002659557177,867.3866072112472,1,21.282181456501213,0.9442177820438532,1,0
0.8077686991470179,895.2895698251524,2,24.590229116259163,0.8668550441587818,2,0
0.2684418372308675,2913.3516079690526,8,99.64099410627742,0.48270292019598415,2,2
0.885681110836899,828.5941598386781,1,25.074190570819194,0.9549539050478207,2,0
0.7842774264322497,712.4148846927202,1,33.49525089558765,0.917683911680051,3,0
0.6893791112324517,1481.1646385948527,5,36.59091796058878,0.7481578668751407,2,1
0.32734063801040836,2964.7337301743883,5,101.74296015844834,0.2584653683565163,1,2
0.7760271454961435,826.0946142333282,1,27.224981256017255,0.9099156951658961,3,0
0.7593641719785357,1642.1408584846079,7,54.680657176466404,0.6106747747640229,1,1
0.9124116622480921,769.5822222813879,2,22.14111921729141,0.8382721741314764,3,0
0.28847023605949046,3414.8591883355807,6,86.55328047821642,0.40248008071869557,1,2
0.9999294183215326,440.7638093725524,1,12.01718199190583,0.9573301813650161,3,0
0.332579455117078,2749.3525537898545,9,68.1864097835107,0.5113797434623744,1,2
0.23520487508552199,2797.742057354258,7,129.32671565475417,0.18618679244798475,1,2
0.3746629544136667,3621.5645040740437,11,94.13362263589444,0.20276709896864084,2,2
0.9991742134632442,1010.8115542231815,2,28.337453125173298,0.8164251024708042,3,0
0.7598280349602747,999.644349699357,0,20.65057580905124,0.800836006955298,2,0
0.8784973722899527,896.1479240531211,2,28.665786065479857,0.9523427803759562,3,0
0.5668216312498101,1200.0,3,56.8734105342541,0.6966799307678058,3,1
0.5663341909170709,1630.12704122505,2,36.643971685367376,0.7878480790484018,2,1
0.8584629123094932,825.9977940235744,2,32.49854542928774,0.8228701277643814,1,0
0.5178276953295106,1623.9874994328336,6,51.00687799949192,0.7144605496306042,2,1
0.632970225195991,2214.4215650429687,4,55.073392804101324,0.7423305539111431,2,1
0.7710267015287493,1045.0191573695995,1,27.24664734671099,0.8557195704924772,1,0
0.7588278387350598,1310.5944049003326,2,16.683708756486563,0.8524724945019836,3,0
0.2239443546090732,4127.817842056037,5,60.0,0.4761632400130956,1,2
0.4448780552130476,2767.2419663785577,13,77.4655276002181,0.374625772325086,2,2
0.5140734855467882,1691.0207655551521,4,54.28960334014517,0.588871019862665,1,1
0.9202794634912457,928.717587301032,2,21.21400386463619,0.8767501810584966,3,0
0.48170507196065754,1200.0,4,58.80642684587015,0.6571688697178232,1,1
0.7088172525802797,2380.4525674533215,6,69.56526734356991,0.7701965446755652,3,1
0.9745076372374968,1038.544551023372,0,27.548795880860713,0.8070150255143161,1,0
0.8389181791162372,456.13992545049297,1,17.92798458221487,0.9181069486105697,1,0
0.18816924323799702,3199.2070368633035,14,128.61239108454876,0.2375650758719406,1,2
0.7640938741627318,900.1055917713195,2,25.159431780425837,0.9655286154958586,3,0
0.9227344345256165,973.4574626802681,0,21.59249512848428,0.8456654293992459,2,0
0.5480392555517895,1563.060398128546,5,63.958499835847306,0.7366460919056759,1,1
0.5586978162555768,1674.979198058758,3,58.34544565869239,0.5504219441913141,1,1
0.24654284595613954,2563.5804795965923,10,71.84119968692224,0.41880765730342007,1,2
0.8491356955803175,904.4931785624093,0,21.729881630411192,0.9717228447414537,2,0
0.7012777021019501,2503.7172216228664,3,62.77224062212964,0.6763535289357984,2,1
0.7239215728246072,1367.5932587570014,4,43.52261692917789,0.7855364319410452,3,1
0.4650077239309922,1936.9612181736875,4,60.19559101017832,0.6254614824845353,3,1
0.5745742440153825,2089.6299751559236,3,65.4132035263946,0.5954669225761758,2,1
0.25734985665955695,3724.8671780946215,14,98.56520884880976,0.28181161736027743,1,2
0.6679275252895436,2006.6758115783475,2,40.0501052425131,0.7433128825482538,2,1
0.38604927710774983,3464.6875639583277,5,100.10474298280239,0.4368405777464782,1,2
0.5991133594942993,2026.0692053967207,2,51.767754199920475,0.7027732195407034,1,1
0.9693680033817632,599.4059343209694,2,20.36085418908023,0.8018420941535764,3,0
0.8024763982738965,1234.6904180597073,2,21.863350310700618,0.9616812547693094,2,0
0.9222213255125227,1004.4501272035557,0,24.006787662113943,0.9725655934457718,2,0
0.7751945003443567,685.4513948520387,1,20.648537940173288,0.89142095771563,2,0
0.47112002730828767,1554.8155532861385,6,38.56074034567639,0.6168942523904528,1,1
0.3010000980073577,3623.6567128558036,8,123.99539555406965,0.4988688452986729,1,2
0.7934738123048718,1078.0495001673016,0,21.291331409958556,0.9447913604447363,3,0
0.4650389321325607,1227.216888260082,2,39.47297467120836,0.7063127758128307,3,1
0.17186291824105693,3080.1591938341176,14,69.99791525826308,0.376761272852268,1,2
0.7998856127322863,822.9956376574273,0,13.351978971568869,0.8152417079436842,1,0
0.5051013783119428,2488.511236981101,8,36.50973053260996,0.7059129072099359,1,1
0.19299350069314103,3747.4114762148893,14,124.16515273855211,0.38049305506155134,1,2
0.5196484434580607,1200.0,5,64.96835673409771,0.6136600037432444,1,1
0.47499650787789416,4426.94854761266,11,106.96649917779051,0.15871156797674038,3,2
0.7581069899847297,1406.3387141974674,5,42.52476319927763,0.5376112677867926,1,1
0.3902734215588909,2398.23448044203,9,66.12856813903021,0.21054137872412867,3,2
0.9952965445068559,1196.3326804925198,0,40.78369005911123,0.9229335953639637,2,0
0.2760155222092744,2608.4616578453883,7,114.11601322744072,0.37595789155780707,3,2
0.47303937949023545,2401.1766903382822,2,57.40355877756748,0.6134874657287814,1,1
0.760393214762598,1082.2725444349444,0,40.9223492521981,0.8582593005864441,3,0
0.6081773416646001,1930.705874405554,2,40.97353623350598,0.6208384822143648,3,1
0.5760176782373851,2099.182462477976,4,49.62429438676499,0.6858636020364675,3,1
0.18494769125306268,3442.472069237416,8,78.9646490497504,0.3433216232824961,1,2
0.9998534314426666,596.1307849046316,1,29.88680039649104,0.8929976280670238,2,0
0.7563465889150862,1014.4114883428288,4,28.878696211253565,0.9482215496766777,1,0
0.6927342054284127,1629.2450888143405,5,57.41422443276928,0.7311241960602226,1,1
0.2924399524831758,3068.3411191449895,8,76.23124434078599,0.5154400024270114,1,2
0.8703805878781375,699.189080631598,2,30.34642324546295,0.9299437233186147,2,0
0.5741344864422556,1858.9340597240807,3,56.12851349193231,0.7970308382336402,1,1
0.7532736141470834,600.6941489819842,3,14.664639551485182,0.8873892604098571,2,0
0.22217518788486493,3560.3497961169455,5,117.45913731853477,0.2306001856371939,2,2
0.9950081438213693,1018.3628267482757,1,19.642348191222027,0.957996501594692,3,0
0.9016072649148975,872.5102970744616,2,22.183611025387147,0.9221683825187637,2,0
0.9605083235941053,776.4716646132607,0,34.67821442478322,0.8072035353330211,2,0
0.675868185992855,1806.7576352291458,4,69.32178778315556,0.7646706054842747,1,1
0.9731679277692438,947.8809001070754,0,42.91797625345857,0.8769410959836474,3,0
0.9738017094217999,1174.569694935306,0,28.035239093217506,0.8130828168061667,3,0
0.5103812165269069,1918.9526216496467,3,55.10183608853905,0.6474868191834946,1,1
0.8246813933971933,860.4124542030636,1,32.760219324914026,0.8535218745572083,2,0
0.9083824276902237,792.9343628092155,0,17.451880532401976,0.9701090996110286,2,0
0.6261385957959494,1655.5584441116926,7,71.85396733713522,0.5223206173185472,1,1
0.6681929969115395,1334.3976752898423,7,49.30070492544608,0.5958603422999105,1,1
0.4225296293954117,3254.995468285393,10,99.70997034391542,0.2614648611842184,1,2
0.8192194120368009,993.2716748892669,1,18.2647114569735,0.8436193660616731,3,0
0.29107740027771667,3275.6371569115477,5,110.42051915082702,0.2568558387108783,2,2
0.8788990071448126,957.7447325650046,1,29.95110234732021,0.9426051260295233,2,0
0.9178932988981999,1063.5779316050057,2,24.469600499235558,0.8139474435410885,1,0
0.5956326670881918,1803.737602132254,5,49.455286350660316,0.7456581548591353,2,1
0.44350714054560403,3320.3541793543036,7,135.99174034633978,0.4512049347097967,2,2
0.4812965653274569,4161.7911314009025,7,68.97730197252721,0.2574901941301526,1,2
0.5247319992401581,1498.5034766658555,3,58.064162652941526,0.7916668824318046,1,1
0.14295768625897992,3448.851979109067,13,104.05919950702183,0.5290815617691228,1,2
0.3245420113374161,3890.4724962894047,12,92.4597408321201,0.44559959799105464,1,2
0.2538776292186274,3880.2288473936687,6,76.98230358522909,0.4007568566530848,2,2
0.9140404594202679,733.5877390300286,0,12.677693226285616,0.8604941097936029,3,0
0.7550177994444316,1304.8619246573705,2,27.225452743811722,0.8108804461373487,2,0
0.370027470674795,3373.2865338961597,9,66.98038886689534,0.2927711903018958,1,2
0.8106176259086824,1017.7106539541439,1,24.80783458504813,0.9538850525407587,2,0
0.25223105117451394,3809.428583006189,5,117.13286949227657,0.362925256421578,1,2
0.27356899565293996,3216.3661257729977,5,75.98714285208277,0.32038206067877617,1,2
0.69957732487393,1372.415639214875,2,35.8586113315897,0.5668919922402738,1,1
0.5198221044082622,2011.8824945347326,3,44.46727283575841,0.538939940244002,1,1
0.12622826414158916,3414.8891609572124,9,111.91678950561615,0.2222164709770496,1,2
0.4642625792941359,1286.28003077066,9,66.18434672856266,0.5238547802092499,3,1
0.4755458524943467,2066.4698248777295,9,50.864632629764074,0.7168548519876905,2,1
0.49744910709534346,1948.880587379646,4,30.0,0.6853425388463324,2,1
0.8718577995623784,623.791079369245,0,32.927897216820426,0.8909210093247214,1,0
0.7783893980499073,589.2482467967872,1,28.345022926203022,0.9018015786022318,3,0
0.4801381226405597,1208.765676956055,5,51.4393118440778,0.5688403761715805,3,1
0.8885566285330042,874.469063696362,0,24.132467698083673,0.972239919673934,3,0
0.5514329973373349,1803.9501781061115,7,49.77096664927005,0.7205115929152768,1,1
0.7569088565030936,1986.6776481273132,2,41.196034798339824,0.6959337612036672,2,1
0.8653893686049474,644.7391166923328,2,23.310827740814073,0.8302206845249024,1,0
0.8802394943180105,592.9919504935281,3,20.556617329977655,0.836153218889201,3,0
0.6823603768967035,1382.772607398464,4,50.32640889522757,0.6748439819637285,2,1
0.3930094989150088,2287.9179175543086,7,90.39648553253241,0.15129155406090047,1,2
0.6526414449600415,1985.6023256730803,5,30.0,0.6191712746548755,1,1
0.3847096535321871,2635.118747544502,5,135.15361620775673,0.33211055055028305,1,2
0.49785116740229285,3592.699740715245,11,102.61439423422897,0.46335165212326845,1,2
0.24791517900853016,3153.3004381802916,11,82.97226050311666,0.166994803994458,1,2
0.43495121178609075,3016.0075114111605,10,142.05939353187446,0.4536489735402709,1,2
0.978711475267025,1078.0396822249575,1,28.640979233695447,0.8132049367130456,3,0
0.8196475847579896,946.1401811437368,0,15.846292430210502,0.8496234614424861,1,0
0.5995472259249812,1267.5591261126087,8,36.34475814765376,0.7024663045008421,3,1
0.3639673332570358,3319.009822414311,11,89.5591884730936,0.2493576716809267,1,2
0.7139641304087097,2633.3470212687694,7,65.07066089333102,0.7125134467312596,1,1
0.22985896795667254,2898.794438983703,10,104.34581019449351,0.28851397569465403,1,2
0.8986190837965433,908.2651264541237,1,25.453760670342422,0.9315019286780128,2,0
0.4715230301579928,3050.589818679903,7,111.4161035580599,0.2849683360169159,1,2
0.7213203589195223,1887.9975625916263,4,42.38119255421792,0.5962073137077912,3,1
0.5813269242268879,2146.7798250438773,2,57.0385531016131,0.5147433631865531,2,1
0.8240770301139975,916.7653255858722,0,10.969430798541413,0.8269412236250482,2,0
0.8288517239370032,782.1456696421387,2,23.700936291403796,0.8967767235177823,2,0
0.34168343031746196,2946.1537877238366,14,93.69368920480568,0.3966616515971924,1,2
0.7524427118547959,840.0323607450239,2,24.75632187207591,0.8578259312145042,3,0
0.6681809090073008,2476.5348417634314,4,63.25195148554018,0.7463611553003449,1,1
0.29561290292522036,3714.485954984413,9,114.5520470851575,0.40646565199314666,1,2
0.78202393659155,1072.3272248995888,0,20.708424884108926,0.9767452012102545,3,0
0.10433132026431693,2378.8549021791086,6,99.24949940011489,0.17268150687365819,3,2
0.7584864946464497,610.2817170732912,2,23.232534157000025,0.9797657267314316,2,0
0.10633440441844999,3123.5836250648404,6,71.32800364966782,0.4093871557603227,1,2
0.7955294789221748,958.4385456652747,0,37.000646151312004,0.8301705661063933,1,0
0.9982411990298251,1147.7892705878876,0,22.037634483650677,0.963910251327069,2,0
0.12750957313228506,2394.2586140622134,12,112.8369897110463,0.5321139557548596,1,2
0.8257820889863321,1155.7731626626787,3,19.07498323918319,0.896720268471754,2,0
0.12200969422853332,2710.5452766719723,6,97.50430835217735,0.46029465053931184,1,2
0.1564212660515216,2753.555836545384,9,97.78437896529255,0.41225776599668995,3,2
0.45250516733739166,1443.7934709686888,7,37.005539812317906,0.5413389403321227,2,1
0.7751637571668125,1974.4100471586335,2,45.10231850269808,0.7737537828617321,2,1
0.5757877503185095,1508.2510419741116,5,63.775753388747674,0.6444317946067386,1,1
0.8730694641120087,950.4480792853354,1,29.86517029619935,0.8384023834208228,3,0
0.8442361073562269,1095.7716101563592,1,21.831633321845576,0.8589585087689288,3,0
0.5982808996136932,2244.434876833411,5,45.92533975106758,0.6002385931625716,3,1
0.5401930783557275,1820.2843090244103,5,40.55817600855192,0.5515169939892127,1,1
0.7954820326238178,634.7055743377834,1,22.95011982610962,0.939705092664474,2,0
0.9561702414812873,892.1385424744738,1,11.997459630845455,0.9065003877068307,2,0
0.7842046577297404,1317.6885545739851,1,18.62030194137704,0.8901359494533775,2,0
0.9200570606078229,976.5977969481856,1,15.95674860486259,0.9626742387096094,2,0
0.90154365861272,672.2333764438462,1,22.763546535827864,0.8007428878414288,1,0
0.8375313147916825,1203.856784728354,0,25.89883784164651,0.9329889387232123,1,0
0.770261553976912,967.0116058168235,1,26.493022472508272,0.9775440431910334,2,0
0.14943123825215548,2584.2260698155355,13,105.47298905082027,0.25710241794437366,1,2
0.6630045804209953,2171.053870161013,6,58.061529423135674,0.5673126407840725,1,1
0.5451912556379824,1697.08344011182,9,53.18434516931567,0.6657137024793401,2,1
0.3375604614644431,3464.3991820803835,6,97.99015761112125,0.28170580095028086,1,2
0.8313325826908161,587.3618382606686,1,22.00629325764449,0.8871583518367623,2,0
0.6750591576026421,1593.9603747735177,2,46.281660779275434,0.5170525966951656,2,1
0.8745639205658634,834.5965364780458,0,27.269272975863355,0.8805283680748521,3,0
0.7111427029264801,1802.8401444652739,3,61.4752820203719,0.5978783586401198,1,1
0.44771244734606996,2943.2323473090446,11,131.4514829422323,0.3602333851222651,3,2
0.804563471966266,959.3151090281524,0,27.05543098918874,0.9400024844755442,1,0
0.5805537637117786,1969.8446170218715,3,50.556693131410775,0.659909865481723,2,1
0.656318746175167,2010.5045577637127,5,55.20387136460842,0.790918503127997,1,1
0.6265185787826324,1200.0,3,48.61729677595112,0.7025032078042504,2,1
0.8185138051718015,801.3754355200456,1,25.24071449461947,0.9422133428533894,3,0
0.946586253603888,939.4584531262412,2,23.43748280108477,0.844065613054184,2,0
0.8888002028998656,1242.1226745163851,1,25.54780702635801,0.8156660417164798,3,0
0.7695384438378559,1832.5733716985458,4,51.351797256808126,0.6204108882196182,2,1
0.4680640798502792,2052.4800872260657,3,51.737502017086555,0.5554659490826086,1,1
0.5843913176964833,1908.6149665866112,6,63.10789445303948,0.6685885394691167,2,1
0.35239394608298613,3984.5516889969767,9,96.56566872231315,0.2530189147434464,1,2
0.5548691848336651,2112.7768336428535,7,57.36605012781359,0.7513751018565351,2,1
0.5902724972932825,2213.1842019311025,6,41.110896443082865,0.6837896623367895,2,1
0.36032249734519517,2984.5960372238774,10,118.75128027516456,0.3148352834564173,1,2
0.6055272934159945,1573.080585549602,5,53.72414891424618,0.7227522370033184,2,1
0.9932526386881114,814.1395550965481,1,22.661916146202667,0.8430175857960218,3,0
0.4907468411857321,2760.0695482913325,17,131.35190652254803,0.2226551197181826,2,2
0.7662133986207421,400.0,0,30.236556737404584,0.890016620440802,1,0
0.5803017125532139,2524.896407816269,5,53.323055026390044,0.5845243592595561,3,1
0.40016824616682145,3712.9324536175914,13,88.51569096187394,0.5179680873384164,1,2
0.9159511319054513,1086.438312852077,1,27.242649249413436,0.8646616053119102,3,0
0.5381784013296678,1677.1331098847224,7,44.00398592489159,0.7830806287136911,1,1
0.895309555355653,1084.330022384892,2,20.38769043688981,0.8093097588598377,3,0
0.9138104951597554,969.9300094599387,1,18.142137154881404,0.9555122650607042,3,0
0.7280158024358081,1754.5445749089135,6,49.63116213024357,0.6993660991869219,1,1
0.19378020310451616,2964.478216183586,12,71.07534860191599,0.3758183946535139,1,2
0.8136676555115128,1082.7543242771171,0,27.533749787580376,0.8178301581588778,2,0
0.5161189003211386,2067.9007552322832,6,52.615125334770504,0.5723951701434841,1,1
0.9311916928821904,887.295085076929,1,16.913278148724945,0.827080739139179,3,0
0.29348273155997756,3665.527386142679,10,91.05103430966496,0.217800398072499,1,2
0.5916395572487609,1850.1976540502767,4,30.0,0.7981076526220494,2,1
0.9906621036694813,567.5016023928652,1,17.74112681765253,0.9622496342259182,2,0
0.6296024057835607,2037.5126806745668,9,81.07993205890668,0.7862815328277342,2,1
0.7598358851671274,535.8793398902966,0,29.962614290580042,0.8104483406633307,3,0
0.8349687409420166,739.9922871204707,3,34.864580667114765,0.8781956248612993,2,0
0.6962108425240949,1626.6223806235191,2,57.22824770610729,0.6498460320472168,1,1
0.4259138135858266,3633.1326091605333,10,91.6703147272028,0.3167669836771826,1,2
0.9939684387275134,1006.4012397643886,3,31.534594017084665,0.811968343131458,3,0
0.4904643427509547,1766.7652706739077,3,75.30857054154393,0.5653216159053234,1,1
0.6584729383517256,1474.0841886412602,2,69.95776001533093,0.6730999777008009,2,1
0.7769392682317098,2128.0909486652113,4,67.74756258293556,0.7009092161875199,2,1
0.6655331211955865,1496.5994962411876,5,64.51050143512397,0.5179829624192632,3,1
0.2996071335315834,3392.422246446459,10,119.99945661285867,0.16631347198244342,1,2
0.5595848299198409,2088.61255217271,5,74.03253828147271,0.5297233593560451,1,1
0.8950430923068331,659.5700947847822,0,10.0,0.8931766560231689,2,0
0.8388732526103393,643.0831468600061,0,19.877675084706354,0.9677424831957085,3,0
0.844064896382729,764.9643450051237,1,44.658396070678,0.9655155132043098,3,0
0.4418287227583918,3196.559602337379,15,132.9528790445024,0.20101339462919388,1,2
0.48457022564770436,1985.223515368862,6,58.433882606794555,0.5549592785658616,2,1
0.42300349339286114,3433.0436491276605,7,112.19833781566842,0.4610625562750773,1,2
0.7791158018411243,1496.7821839842481,7,44.790762299905836,0.6199792589193255,2,1
0.9108220546105883,1000.1688949888915,1,21.420379870549873,0.8010069480587365,3,0
0.5008714963763627,1550.3783189576882,5,53.60087893473127,0.6805006362036831,1,1
0.920814690914899,993.8535179617053,1,31.89645576199748,0.9087329781078315,2,0
0.32067447975004965,2870.215230559558,7,101.46357429009635,0.37179848223693446,1,2
0.5872103375204936,1880.8875089797107,4,72.82901127595647,0.7130998973442911,1,1
0.9949925823397127,942.514806126443,0,17.994885279538924,0.8832562897932271,2,0
0.9496958089434163,863.0949284688301,1,39.041778988271844,0.8326695730887514,3,0
0.8230361621338045,993.2859964867052,2,26.380333669273007,0.9045991240456214,3,0
0.5285149735408445,1882.1038634763713,6,32.5841797393541,0.7084453259064155,3,1
0.8400341018678797,764.6009723082938,1,30.483642815937948,0.9141991894103034,3,0
0.7580934513460212,1200.0,4,45.21985068585923,0.5013038911422837,1,1
0.4674185056701781,2539.4405855003683,3,55.64857767783802,0.516504114497644,1,1
0.35409843738159585,3089.0540617431298,11,85.41641895646683,0.459018729004836,1,2
0.39435283676294375,3340.7715043559288,8,105.67927196802515,0.2091217816043936,1,2
0.47577442032690126,1866.537202497248,6,56.7358166984854,0.5061031809842738,2,1
0.7793815616942762,746.1715300425403,3,28.78107755419068,0.8113460574499571,1,0
0.7776185282828487,1191.1644644293533,1,18.380495767177962,0.8027747298937771,2,0
0.9093893678388033,686.4934171491454,0,26.908408977167486,0.9797408447273124,2,0
0.8636849639084647,1046.4984205559604,2,29.867981913528507,0.8182071904253172,2,0
0.7355872409901865,2200.708568294349,6,49.96172570662759,0.7929863304054077,2,1
0.843895738159986,777.5125250719125,2,27.423493487894316,0.9499502494275585,2,0
0.9365112198163559,1065.8949683863498,3,23.344507177382937,0.9465322917296025,2,0
0.9129903148756502,850.7875023740103,2,21.376120680356657,0.8235322531024131,2,0
0.6975277447330586,1202.3984813428906,7,76.4728427716783,0.688466669687296,1,1
0.7949207772175605,756.2335224782539,0,29.478298485901387,0.8097938229950321,2,0
0.7988107469495112,838.1581845900273,0,20.44911040525114,0.8251356194377251,1,0
0.5950819657731994,1439.392322299329,6,58.54075436478826,0.6765619551726118,2,1
0.7930799678004075,571.3622377691665,2,22.19568354822723,0.8957883472972704,2,0
0.33449319566102875,3109.6973414038293,8,101.05382942211482,0.426993782513143,1,2
0.4585991023752457,1654.3238330352367,2,30.0,0.736792637073984,1,1
0.3441818188136907,2978.8928569874124,8,99.90280774432166,0.23712447575043033,3,2
0.6542443775574581,1421.5072532135534,5,51.373211538199804,0.7565640878708004,2,1
0.9014437048392218,805.9915704480998,1,24.91408334370536,0.9769834585650318,1,0
0.46663694614575824,3268.865546338879,5,98.76555706424652,0.4374221710953473,3,2
0.6533975867876782,2022.373133954699,3,61.67745403308571,0.7869675917242342,1,1
0.4294302765251804,2901.0088675100337,8,105.02277486835095,0.1812352235708495,1,2
0.4658897604271563,2670.5202685873196,6,54.709335421526994,0.5021835991925174,2,1
0.6189031610186431,1480.6109939027995,2,65.71661182164829,0.7154207308091316,2,1
0.3605839432279673,3174.677417305599,13,60.0,0.20123557550494825,1,2
0.9102869082213243,885.6801496283866,2,16.111318122083254,0.8618880484265754,2,0
0.18402967803471257,2619.5707990017836,12,116.7573677494643,0.47255143574840996,2,2
0.6766164976696001,1630.0931531069382,4,55.82585037517037,0.5786667937615689,1,1
0.12006261628634488,2873.8572722397075,8,100.58563279713411,0.26005527410186663,3,2
0.6291723729087076,1980.0863632196329,3,34.410212211661914,0.7815864046443157,2,1
0.4626451977658401,3262.875280015578,9,103.41925909879384,0.505350777223295,1,2
0.8891907232534825,709.212116120671,1,19.672865755136762,0.8834805075249661,2,0
0.7624406263193025,1503.2521592082321,6,87.32292642911891,0.7342946410622218,2,1
0.4859144611800148,3580.7793660588068,16,97.2592848101034,0.5185373087274078,1,2
0.7197577246672946,2078.8080059530294,2,47.05538853282042,0.6481005982175938,2,1
0.7531788372801641,2030.1717918526915,6,39.78855772356949,0.7140512825537905,2,1
0.6381818812326419,2110.3235523898084,2,50.984037149046,0.5733579294376536,1,1
0.82147669730979,939.0963463106582,1,17.62598283703332,0.9678492574124731,2,0
0.8202407973980576,546.1848190221763,4,14.708288695282004,0.8597431312815494,3,0
0.9015632344377443,902.49986438145,3,32.1766278130475,0.8979626163698752,1,0
0.5519255163340121,1820.9686538895687,4,46.999231053677676,0.5339467348261158,3,1
0.5574700216517711,1382.8645081547922,4,42.70495968225418,0.7474655359042031,1,1
0.5927195140379777,1905.1916069403492,5,43.56611240659443,0.611761572458059,2,1
0.8129497647267382,1078.0766327039573,0,25.618731004648335,0.9355784189729979,3,0
0.8452227141577554,939.4631414811191,2,16.58682408546374,0.9403931964299803,3,0
0.9924785994536508,776.46962091313,1,27.20911021847205,0.8860179150175505,1,0
0.5572125801388021,1911.3444018307937,3,67.90681525599994,0.6406176813842539,1,1
0.4818521194257871,3903.7483156036906,6,120.08787121871356,0.3644478507844018,1,2
0.5793537672592969,2519.0127719469565,9,51.49704013673489,0.6242715272586784,3,1
0.6837584488927582,1805.113913105134,5,58.21216535007176,0.538859953697741,1,1
0.5386228550491943,1417.052610278703,4,52.93636394188734,0.6227003423241718,3,1
0.535464118552549,1492.9271486667549,2,42.182998724711354,0.7011419899409567,1,1
0.21144119014461246,4791.189252032266,11,102.0071089217352,0.5182251988690844,1,2
0.5455182341204419,1745.519861598535,5,57.47026203817328,0.5875920120923859,2,1
0.9295307690566236,794.1335775103258,1,31.498303933321495,0.8888838012288343,2,0
0.909072838494812,1354.4869440893763,1,35.27084120517703,0.9329574771058655,3,0
0.884276635454637,641.3454084257672,1,33.60300693496094,0.8428872344011874,2,0
0.4766205742759223,2925.1293144207416,11,124.37420542284602,0.2563195988804816,3,2
0.7191551844433277,2567.476388792531,4,44.04225312312191,0.5720388471039493,3,1
0.7673403252187914,1049.5820512235068,1,24.438026050664334,0.8718738660846415,1,0
0.19395776245127574,2774.80044729295,8,105.63651156986175,0.17780257098659766,1,2
0.9731397496224945,852.2135801660611,0,10.0,0.8613649536545763,1,0
0.47516301623426366,2024.9827960950404,8,57.33935470433441,0.6119187578699194,3,1
0.5638443390796398,1297.903167536236,2,34.29274141144642,0.5809309151566908,2,1
0.7689829474471908,1786.0334909438316,9,44.90066106534442,0.5139293314017017,2,1
0.5382213955958493,1517.5103304532738,4,38.34547044535154,0.676821083960764,2,1
0.8310834382788439,549.6342386496563,0,23.915339471179077,0.8659621963411963,3,0
0.6591242153296266,2231.825546935862,5,45.62458415295005,0.7862202653546445,1,1
0.8113372774203302,874.9091479994199,2,29.14153557473682,0.9421906885580669,2,0
0.5812347745978613,1386.9968194284263,8,68.81944728176998,0.6395436564874136,2,1
0.1893558673345714,3677.5632619495377,5,87.7071703151549,0.32812043987180367,1,2
0.6774637469778184,2120.8357991465145,5,30.0,0.5156799906992687,1,1
0.4416501259568957,2253.406798893648,8,104.32812369625637,0.45813123313930726,1,2
0.6517391485899414,2331.0308587535856,5,50.71902410514547,0.5767712128488967,2,1
0.6130117461407378,2254.971642321634,6,34.582342735465545,0.5606968574369025,1,1
0.2690402471787699,2523.472034475526,5,100.20772810544227,0.18812335839302197,1,2
0.31981298287568977,2214.698589660179,11,103.79532519598338,0.16833578986370393,1,2
0.7383893887991051,1541.5512479196477,5,58.764012371176996,0.6495065276901895,1,1
0.6193868822116344,1757.5946827832513,4,48.50567820939254,0.7257222928577558,1,1
0.5212359112276312,2547.2787031255457,6,50.64015448833261,0.7563576932799789,1,1
0.46664003031293433,2915.6876475889185,8,103.0701261011583,0.4958759949924826,3,2
0.7818721655829957,898.8807962341907,0,34.4536273549344,0.8139766247635923,3,0
0.8316153270609979,1280.8273179146013,1,29.297985905729686,0.8185434549995971,2,0
0.3820321567581295,3333.8075292406816,5,99.8981820483697,0.323623510956894,1,2
0.33622116041368943,3661.6737208831014,7,111.64397849089637,0.42174171232471314,1,2
0.882792382000258,970.5009936713759,1,22.21949457330342,0.8782971522506834,3,0
0.9129167063439713,746.0007867605085,1,25.236763482784628,0.9134759146704061,2,0
0.6997373363029173,2185.602170306178,4,47.26125611394142,0.7968248873261381,1,1
0.9252422828647799,1003.2356574229917,0,30.407240682953848,0.9659836385952938,1,0
0.9475076090767653,730.6298067749271,0,28.030663672498445,0.8496313346565361,2,0
0.8465256594501935,775.8304803497767,1,25.4391917689767,0.896000860680663,1,0
0.6976031046653075,1786.4498308687212,5,42.62701217426982,0.7539780071900601,1,1
0.875659273276298,1052.0111927379205,1,31.366519768953182,0.8578465920333567,1,0
0.18328608595051096,2980.600884795423,5,82.92271464494738,0.524462992582778,1,2
0.27209839861549856,2238.3152344405053,6,100.40950340656998,0.48330825967650026,1,2
0.13645290056771997,3057.602164782676,9,96.26575061846884,0.284483604886558,2,2
0.7527094128700746,944.6477828258319,1,20.08997509998248,0.9785594616226732,3,0
0.4772111657347048,2284.62066036179,3,54.060218676445984,0.5127077727931677,2,1
0.932401544584516,1312.5049838486289,1,23.007491519954826,0.8387867569014035,2,0
0.7871656819382782,715.6280373749373,1,33.5222790881701,0.8488283455669718,1,0
0.8990674696205132,1144.7137764837255,1,36.56687798463143,0.8201980770645092,3,0
0.6153367887651563,1272.2712443937833,5,63.018863298873526,0.5837314386618666,2,1
0.4593033599415316,3095.406661133181,8,97.53009792234654,0.2894663342413907,3,2
0.1682277427541058,3135.078036855244,9,99.02895562617942,0.15022960466700086,1,2
0.39132417681913034,3703.282318998243,9,92.93545082991474,0.4441053185679117,2,2
0.7348518249614586,1200.0,5,65.23681440519174,0.5336213151680219,2,1
0.7976719301659166,1065.946483575835,0,19.085137021147162,0.8185099068915483,3,0
0.8396164321360682,996.946563458895,1,38.463527653018296,0.8605463681390678,3,0
0.7726130712828385,2059.3920045091418,7,56.905647175642606,0.7691406286618729,1,1
0.20611540614211746,2658.5017460973386,5,121.11746278955155,0.19140338592104328,1,2
0.6226415008375569,2385.142550560536,6,43.94937243498005,0.7468897520532269,3,1
0.22301701142109925,3417.582486473539,16,93.09794558809492,0.3490357059926552,2,2
0.6243537488340629,1599.1226055610261,4,60.83080007424452,0.7015115650052004,1,1
0.6793127383164025,1759.8474708721294,4,58.30930624718546,0.5747785871874457,1,1
0.6624343512644915,1770.6884143219004,7,44.68665137397569,0.6949436093743655,2,1
0.34682049911510054,2840.6167934042214,10,68.50545283254792,0.3918402169827584,2,2
0.164927798128811,3668.969686241137,11,61.037715952471736,0.4171529470971581,1,2
0.5730676037151304,1331.6814848127785,6,59.800824176082855,0.6232199959133968,3,1
0.5224071607237782,2138.2891452497947,5,43.61994422190999,0.6569356900518664,2,1
0.7643896900041611,1124.8225439972027,1,22.978802769756797,0.8189601009640937,1,0
0.8430045214481958,1024.3143779712102,2,35.69962486237502,0.8982012579501965,2,0
0.37963025395587924,3130.017964783491,11,139.17309588142837,0.18094544273367022,1,2
0.6939655774863243,1679.5294408172485,3,41.99428586407531,0.6306915165098421,2,1
0.9768916184815233,933.6921952539228,1,23.80333770467167,0.8868569133440011,2,0
0.13039929760656374,2503.7656959606375,5,110.06731341103121,0.46109996657699737,1,2
0.3762441424962466,3610.974412412869,12,85.14094278754786,0.3153599605460323,1,2
0.8320481884023279,1136.128182490429,0,27.9642401152744,0.9553448506669322,3,0
0.9147213675581642,1165.159329508438,3,14.076682710032554,0.8809509154982808,3,0
0.7289605902674721,1200.0,4,69.34101867560778,0.6558735455303657,1,1
0.6714341166988071,1283.3308957529318,2,47.637088967308635,0.7150125506777119,1,1
0.6464554501083554,1493.6547654987494,3,53.23617485653932,0.6029035298851271,2,1
0.20858539827941427,3275.5426405929065,7,74.54545833661604,0.5365376430649489,1,2
0.851079692026073,846.4717818202413,1,24.511913637785508,0.9467013998570764,2,0
0.47797760583081894,1200.0,5,52.03697396591125,0.7351445733890714,1,1
0.9059739590729097,1075.291129100587,2,25.939952993890603,0.8595635449540447,3,0
0.15656144436574213,3403.296956469409,8,118.80600748832376,0.39753370539347677,2,2
0.3774018114498966,3548.2271919330483,12,118.44358520598088,0.3130668368584364,1,2
0.6302101373478095,1766.4450428081143,2,63.260327310371174,0.7724595018374055,1,1
0.9343584421803715,1146.00011454383,1,23.649367571920983,0.9363468184532214,2,0
0.5832123070159292,2415.0459759752503,5,76.83981837374917,0.5980387931225124,2,1
0.7646377323109947,999.2398374726632,0,22.999136499438766,0.8091036018942219,2,0
0.8341510695484802,649.5213111173762,2,14.407427814845759,0.9019134771771276,2,0
0.6350452546850877,2059.3166215678943,7,30.00959041074564,0.5529903557689735,3,1
0.28065641090709503,3806.7702845273207,5,101.88233543361468,0.2992787394827642,2,2
0.895914027962718,834.4210566974165,2,23.62318125208173,0.8390035958669707,2,0
0.9905431371186355,847.0970317378778,0,28.798220357503155,0.9752347793307052,1,0
0.44036943016171426,3952.8744412233464,8,85.19917434550054,0.5339050565032171,3,2
0.3600792183773027,3315.2744191121187,9,99.47451040145165,0.15459736859733705,1,2
0.8780232645748203,712.9122595910809,2,19.57686674828598,0.94789638748961,3,0
0.31193041776551733,3453.862192074935,13,132.95644825040625,0.3532071674882816,2,2
0.1164043093803922,2731.804715857154,10,60.0,0.4097777097154066,2,2
0.7401761475574699,1437.788143458809,8,59.73650737123715,0.5950709013284643,2,1
0.5683157855120485,2159.5501594088896,6,32.04070578884092,0.7232171711106955,2,1
0.20984655913384564,3078.830167370457,7,92.88904263878024,0.5123327369581401,2,2
0.7599351528325016,2032.7520704722535,4,46.05542099006968,0.763084585040749,1,1
0.45872998680854,1704.4328211196948,5,53.895639596927886,0.7947964488306432,2,1
0.8019715637865068,886.5643419901289,1,27.87118188489942,0.937720071879173,3,0
0.9231564880565412,966.8352834489795,1,18.06153013736273,0.8312366455349991,2,0
0.7435684603910502,1877.0746148006808,6,63.83323447957199,0.7643403241844356,2,1
0.8253444685410355,738.3468556718148,0,34.91649373490128,0.848484245272489,3,0
0.7518889992331053,2653.6581155120607,4,63.52334247011292,0.7167885502218182,2,1
0.61350561581156,1604.8205473154717,2,69.44546387997951,0.7296367776349382,1,1
0.47017541790403383,1742.7239564147399,5,54.498373026980445,0.580270159937825,3,1
0.15206741782789554,2354.7505255808883,7,103.1036947609586,0.306287126596986,2,2
0.9208238441516263,673.8769330124948,2,30.25727844563408,0.9149658370789711,3,0
0.93142987709709,872.5256423201207,1,22.721234547448265,0.8606536618124294,2,0
0.5232815075986593,1792.4658490089143,5,34.5052775807357,0.6383796080876298,2,1
0.7501477280714183,1200.0,4,56.30127987672967,0.6249779329049516,3,1
0.6701105057846853,2192.487906989606,5,37.777577486183134,0.7449815282184812,2,1
0.9082878438985056,1071.1111318041424,0,23.934237774260207,0.9184311490614946,1,0
0.1364101741401548,4094.8106559310963,10,102.01332077148476,0.2657894076897407,1,2
0.5808660265430368,2083.3698973217556,4,39.24031505657594,0.5800885820303662,2,1
0.4882156134846446,2050.758617568423,5,66.9677929742064,0.7246693869823628,1,1
0.3684649413230401,3040.824431147573,5,76.58471306614791,0.3120223058189959,3,2
0.5441977697759557,1484.2125435875062,4,46.996717189558105,0.7408274290231465,3,1
0.9691914091904373,679.969153405661,0,22.81327519030635,0.8248449696088215,2,0
0.44237339374159157,3249.3712342916347,14,85.69519219092079,0.2284999939138669,1,2
0.7141353208972842,2218.816207601687,5,56.320528706887885,0.6945286626379933,3,1
0.9474045356986385,938.947238943755,0,18.338867211085457,0.9306743802791025,2,0
0.7775129811319192,835.535906157732,0,35.37573805434386,0.8611231654174706,2,0
0.35675592368993536,2735.715594099846,8,81.62942218729948,0.5071275566225809,2,2
0.7766740921207302,1817.3753172486317,4,64.14158600743093,0.554257404974016,1,1
0.8337993104114753,790.3425407018798,2,27.088640888288264,0.812303308673102,3,0
0.9341005037664101,1249.4726395831117,1,18.054209914426835,0.8818831885188315,1,0
0.9923530805838219,1075.2093585059588,0,21.840250318116617,0.9683450565909799,3,0
0.48077082334304827,2283.6468125275787,5,63.78624750956587,0.5645320642384363,3,1
0.7739286388800404,1163.660464970534,0,25.03612681490015,0.8006308394355905,2,0
0.9981208755395938,818.0626814741005,1,33.11643936796658,0.9215638328615586,3,0
0.7711980040114508,1218.11641452357,1,33.25800495206317,0.8167785066606857,1,0
0.4727277073024455,3479.7318984681697,5,109.28842933867558,0.2562967486202836,1,2
0.9386357185211706,1152.3843001427983,1,24.896360571710964,0.919976921953584,2,0
0.6217228314255194,1247.2198323618627,4,43.858104871809594,0.5717089649418253,2,1
0.754927634438591,945.0615844081883,0,29.70433622950214,0.8653843121411919,1,0
0.2821733064202102,3068.8016555093855,10,116.52864576818222,0.3230499633096582,1,2
0.7166764143827333,1607.6617704977177,3,33.460241179320136,0.7010930113001198,1,1
0.8596538547973976,596.5652606656643,1,28.307060214142837,0.9059558605488911,3,0
0.5755868238725814,2112.0040163569574,7,46.756919014487735,0.7853285882713172,2,1
0.28377499738463163,3660.275459603121,6,85.98246367438212,0.19225589614955202,1,2
0.4785480587501167,2068.88700200339,3,55.76017513174134,0.745407532651033,3,1
0.7766495632834429,816.5266372789831,1,21.01370625102419,0.8639809034444862,3,0
0.7528384111918548,1031.849133686481,0,30.903541223466714,0.9068574643004259,2,0
0.39986479338335,2200.0,9,83.67085712307419,0.34333408121227743,1,2
0.9874902959875563,992.636959053517,2,19.26617089183454,0.8532686541808775,3,0
0.7721501074199043,909.0445417999965,1,12.459288956980568,0.9338957505598708,3,0
0.17774338777977144,2729.5138387401644,8,138.28728096861855,0.44524800364812256,1,2
0.7967609371393809,1016.8825960944969,0,33.85439607395407,0.8727762376195566,1,0
0.5730272964370579,2800.0,3,41.04477372171476,0.6260449738545734,1,1
0.8305197913957946,627.3651990814379,1,23.60026862952164,0.9348408042246568,3,0
0.6621048271324703,1991.637676748698,3,64.96908605081566,0.7040330423362047,2,1
0.9339157785597975,625.5068904231798,1,28.4302353582179,0.8706950330369678,2,0
0.4687944462075748,2061.8982265020095,2,52.2148903717278,0.5885985560420604,2,1
0.34318641941628286,3466.8790056237563,8,118.38387873324206,0.5379201978383076,2,2
0.5181260884025928,2129.3042333956537,8,51.63261086518798,0.5202488735897689,1,1
0.5734902225938892,1706.1804810505316,4,58.52047413483078,0.7818387707970305,1,1
0.35544965685540586,3458.914527346046,8,67.8081071499351,0.4410660550659895,1,2
0.659171457291569,1610.6754699917958,6,64.89671655887706,0.6276163345396288,2,1
0.7900179087386432,1014.7488842008827,0,33.3525714647271,0.955208911283529,1,0
0.951708684816816,821.6702865156418,3,32.29288356180779,0.9776233869523814,3,0
0.5237125744830318,1592.0579340092843,7,42.318229830215316,0.5842366396776978,1,1
0.21761164904294927,3794.971464573641,7,106.64770856096187,0.4261403687927511,1,2
0.344656933534389,2540.963865193924,6,158.54737796436362,0.44455491234952593,1,2
0.8536560309317559,699.2085255837003,3,20.065987171883656,0.9106881520250866,1,0
0.8071607013758657,1107.8223574840538,0,27.95145410456344,0.8037844652995284,1,0
0.9283111968057487,990.4743592499468,1,26.518050920066752,0.9097763722973968,1,0
0.194703293839932,2867.655713479712,7,113.14570017388166,0.4011339322250085,1,2
0.9604833916979522,1271.5404687075466,0,27.857516560523322,0.8572897783015065,3,0
0.46854915409585335,2187.5529900849638,4,53.542166433604194,0.5478332468622378,3,1
0.12044709109108709,3706.8639496402293,8,88.8825444891941,0.1703329096693757,1,2
0.6554549963210328,1606.4832715702203,2,44.08668463973345,0.6835877428972517,3,1
0.7259822587551716,1696.5692973605685,9,42.68954174081259,0.6877239038584221,3,1
0.7702298207628131,1055.8698007810665,3,22.346626444735065,0.8518791649320561,1,0
0.9675247184752325,524.6894587916252,1,26.86893026234238,0.9012108504981541,3,0
0.7795840477308469,1242.4080568035786,2,14.120211565802197,0.878532084672865,3,0
0.584703716999748,1200.0,4,39.66241744065287,0.7910730355712592,1,1
0.4933984732737319,2498.913740690813,7,84.29461509381817,0.3153139054860603,2,2
0.7560789916078634,1168.0900892046288,2,28.82002092217499,0.8117347043932445,3,0
0.4629754309305962,2334.209373490152,4,59.97897826859444,0.7067022532535238,2,1
0.7315034184984484,2394.540853824257,2,53.99523340389751,0.724355787957456,1,1
0.8050458004874528,963.2311914365556,2,21.57848084303146,0.8765554670542076,3,0
0.9436633827952955,474.25318111703757,0,28.086856423190497,0.9507612922417383,3,0
0.4401336797889134,3578.7582739814034,11,113.23033242555294,0.35316754889971946,1,2
0.8839436710186896,881.8933435391679,4,30.27482994423724,0.8986766791025873,3,0
0.5927629278477751,1946.847860595906,6,55.006070820639536,0.7903842206498837,1,1
0.213900432129384,3654.2063954040586,9,102.71782828627775,0.3984621963901702,1,2
0.25324115594975505,3278.7261356874474,8,103.58821684141053,0.19281786307396792,2,2
0.4622862965782563,2147.2882440143558,3,62.664871353725566,0.6383517121020821,2,1
0.5735312307768647,2512.561025225264,2,43.80519289364428,0.6604024124549865,1,1
0.6922214039994158,2101.8246575645057,6,65.63133188320423,0.7050962853390725,1,1
0.44821775636053174,3379.2400519555795,9,114.13337093782006,0.2126633640089138,2,2
0.941093165555434,628.9104993775422,3,17.873029519774228,0.979278389170299,3,0
0.6095573346106296,1357.7803882286125,3,58.783288851391994,0.6543775278127213,1,1
0.4845743903600457,4172.587212038891,5,82.36980070650961,0.1923339257692906,2,2
0.9097799844538751,952.804016266734,0,24.596165980193707,0.809988329792791,2,0
0.682150086463867,1735.5056844338626,2,61.85471388133894,0.6056339348436364,1,1
0.6086578679232074,1993.6540985404658,4,45.128341387105806,0.6600018215469172,2,1
0.5936812179698279,1200.0,4,67.59238716421176,0.5654651706598797,2,1
0.27870544618571036,3944.790042379233,9,125.96543133819719,0.5030867958058515,1,2
0.2864299366139898,2818.985967865383,11,80.39096894055118,0.45405384187835685,1,2
0.47494663880332844,2235.2409603842325,6,55.91071384929824,0.7969647841308001,1,1
0.9672262461196796,1011.3106249067516,2,21.163563784752874,0.872107167338949,3,0
0.8364168208309658,1197.9726877204164,2,25.27917079560225,0.8842165844541077,1,0
0.8737942275278175,1080.786968217239,0,30.116082254962066,0.8180380428290944,2,0
0.9260199420248059,908.1838350791443,2,20.18882693897151,0.9487263912797724,3,0
0.5211153814251426,1398.5254490080613,3,46.390563130697466,0.5848191409975817,1,1
0.5396276447815312,1985.6084776867858,2,56.16277742233399,0.526924351306515,1,1
0.8425396750638611,749.6061336522362,1,22.33954196068871,0.8617205764428164,3,0
0.7576631255514515,473.88670403855986,1,33.80669983222745,0.9256819381663635,3,0
0.7252986817814112,1497.4279358851768,6,46.41154200734198,0.5105704727938314,2,1
0.7456360899220964,1820.5643857786795,3,46.815862558959395,0.750607894118116,2,1
0.2783683806941508,2762.881181331348,8,141.87581670580556,0.39845298509052707,2,2
0.9181505295562815,709.6163079955529,1,24.33680255507927,0.8042304361072984,3,0
0.9975134625260658,1079.3678631731063,3,12.875094492484315,0.8634375845994934,3,0
0.742844466409758,2488.0810482022925,8,75.07849012767095,0.6240997330182108,2,1
0.9412024502257489,1473.6806111333535,1,30.031293557881746,0.9710990669498761,3,0
0.7655729495325156,926.8592994495585,1,22.831106766534862,0.8401422754541381,3,0
0.10120318422428856,2808.79862045208,6,131.14278307787433,0.2041591405631104,1,2
0.8745919431848699,853.9198571588465,2,29.516197426453825,0.8591033732859293,2,0
0.7607934339492529,641.4749305695475,3,25.27484781118958,0.8794448141634119,2,0
0.6159384245122348,2279.678028587882,4,59.819845208085354,0.5530880504091317,1,1
0.5910729777581256,2219.6491185794225,4,61.480073258825605,0.5303641228981655,1,1
0.8729039687792081,812.7228218946863,2,24.94620204541756,0.8738887606174415,3,0
0.5886767688244818,1296.87944657249,3,70.58716390878564,0.5171655463115947,1,1
0.8308428905288802,825.0355886756388,0,27.88408758532237,0.9700776155438979,3,0
0.35147957933028606,3579.4387715902985,8,103.29166190152155,0.2474261194769461,1,2
0.19926916792334978,3703.609998670287,10,96.3438819617592,0.3698430027318398,1,2
0.9073496595338156,995.2715538712439,2,31.972046225627263,0.823435002776666,3,0
0.7693589267131301,1477.015467506148,2,48.4184432330865,0.6956572355393842,1,1
0.15914197042380296,3578.968510020816,10,99.51772313657163,0.46421516653848793,3,2
0.7551793502056245,1545.034094440337,5,43.65140889724706,0.6388476644147636,1,1
0.2203676887996819,3610.8886030186236,10,84.32890391917877,0.5415411862682858,1,2
0.6860988180042109,1329.4882458376942,4,68.89452297370777,0.7732344371934314,3,1
0.21931768122396922,3205.7548547801903,10,103.6427238800041,0.4105135377571939,1,2
0.9343392693469499,1124.3715712460942,0,10.4420945592476,0.8081413335656388,3,0
0.11878372132900449,3796.358930436623,9,105.11218732227651,0.3341897155180996,3,2
0.7606704716999003,1737.3938883031806,6,62.97399381458272,0.6142437738355802,1,1
0.7547470924800667,1899.6173666379755,3,49.03307032540897,0.7857787015839686,1,1
0.27341383778177253,3255.585905352166,5,124.14576622950442,0.43183075259994097,2,2
0.15686341780429203,4012.2924896904274,13,109.47711879653596,0.17710359327614178,1,2
0.1517944782268249,3313.2973122721546,8,89.005845336751,0.28512101411808716,1,2
0.7181088734677961,1311.0560919794632,5,62.17512496029103,0.6736040015839957,2,1
0.9650305992973012,618.962030639285,0,25.311952193047865,0.9324772079762743,3,0
0.5059759507004189,2284.2215575531327,3,73.17376357309918,0.5698909760946599,2,1
0.11654552032772286,3493.5897845087397,7,67.91891856652504,0.4157721984900611,1,2
0.6290775631050673,2402.386133698544,4,51.47053275849568,0.508890145771008,2,1
0.2734094590403151,2606.427366835999,8,89.52034076299486,0.4748507997224751,1,2
0.7613260024430111,840.9039363941679,0,36.352070619938175,0.8552190952435098,3,0
0.29594046928672124,2594.7206768472442,8,128.6891805303669,0.1501549651881778,1,2
0.44662919092559694,3941.4362949490646,7,119.67009234316043,0.17551548676905554,2,2
0.6741121533422882,1200.0,9,64.03534063036365,0.6987075745666542,3,1
0.2579119064252806,3430.2026103964236,9,62.31490654078914,0.4603631791410028,3,2
0.7870858002405222,921.1507582542961,1,32.136509706780856,0.8866358681404928,3,0
0.8209439764496811,837.3883938953692,2,21.156206619184225,0.8643890176896369,1,0
0.4754996696681684,2086.602422954787,5,67.27461299882785,0.7853851388855928,2,1
0.8779193605289165,457.62761773409864,1,25.74824141818279,0.9506079297050231,1,0
0.6255714466550187,2094.3215227856526,4,63.05920258268121,0.7162666663886584,2,1
0.4741944291998526,2146.8486629037325,7,55.30332415778163,0.7208892998632636,3,1
0.700002664797289,1697.0972836036676,6,53.56193155736748,0.6320542323051072,2,1
0.28638994331136447,2737.5384898106754,9,60.0,0.29771403724033146,3,2
0.7516821799640587,1809.7380099697175,6,73.96197025237464,0.5124208577552808,3,1
0.7080812921189024,1682.3221550266642,7,64.43784343754444,0.5592288724297324,2,1
0.7106708610735257,1895.447942551948,4,68.90918298234008,0.6371533658369901,3,1
0.14677295290427106,4194.9225047832915,9,102.74291504706824,0.5408688656787599,1,2
0.517468937656735,1461.8502899235573,5,56.44000891737954,0.514998085251475,1,1
0.762053009715139,400.0,3,19.434938891740842,0.840510502192641,3,0
0.7735954008555799,2170.1085988019677,5,57.66657289617572,0.745290413847684,1,1
0.9678651475469294,799.0450157543565,2,31.343074777686596,0.8555039127138159,2,0
0.7803466045398516,1261.439328727577,1,22.712375763809998,0.9130550257828584,3,0
0.9008621483453445,1131.8148129911795,1,27.616917889048217,0.8369463553525287,1,0
0.5326801994472723,1994.084999507633,2,51.19598237126017,0.5583346090170501,2,1
0.8032761760062708,802.5594157610146,3,25.219719558149336,0.8243681472819983,2,0
0.7543259088657761,1521.7175148765766,6,69.68718818639351,0.6749657802570164,2,1
0.22400358582796837,2467.189348067614,13,115.74988063772915,0.23130550097511007,1,2
0.21371464139225652,2923.367909683987,7,98.62805607531182,0.5151727219096042,1,2
0.9200351929400751,1109.0176948169508,0,19.377093052994063,0.8459416190453418,3,0
0.4079633196719491,2200.0,5,94.43399982152961,0.29788217582385224,1,2
0.7989957156047863,849.5292995747425,2,31.73695296331165,0.8403015019950233,3,0
0.4490134596728669,3409.690904778633,9,91.70843531398178,0.25253440598546184,1,2
0.1222635627028665,3772.211367370891,11,100.84033206670571,0.24498833566300773,1,2
0.39950184739047456,2200.0,5,83.06784793240104,0.3327532099584034,1,2
0.9716510538101166,857.6666036137647,1,26.297993307398013,0.9178696445109207,2,0
0.5814246150218139,1399.0478625978358,4,50.22356073117351,0.7174000309001519,3,1
0.7389402010003457,1884.6892088193915,4,77.66859631335618,0.5308693202048562,1,1
0.4778993006754406,1596.7406086007852,5,71.44613871141368,0.581765159796289,2,1
0.704756393184048,2291.0166743867667,5,63.62739492411227,0.7908110873055398,3,1
0.6302276752529146,2168.5567234789805,7,37.40666104151136,0.5709489438703831,3,1
0.2895483582924083,3810.9166030474826,18,79.8677347569664,0.4246766517511491,1,2
0.6182239922546862,1440.087376285941,5,30.0,0.7344304590794872,1,1
0.9524686114636587,939.7896293592989,0,17.91498449804719,0.8246707430365847,2,0
0.10649559677973258,3021.5847304264394,9,100.708546851632,0.5320264783714767,1,2
0.8781721277541271,743.0476183744593,1,21.239246502639652,0.848975148364036,2,0
0.3507616212810224,2200.0,9,104.36060248685082,0.3997612030310418,1,2
0.8613263137506664,1215.623611512437,1,22.970460134517538,0.9117006551754198,3,0
0.11653743434159942,2795.3797083071463,10,108.55192921224138,0.4515455432027199,1,2
0.7513805292809006,1274.6595552435092,0,33.75413408975133,0.8552869910341914,1,0
0.9048973343649602,756.5967701744128,2,25.79182001167345,0.9669078138736537,3,0
0.7191437035702037,1668.7781147822989,3,36.32243809798765,0.7286664881509598,1,1
0.7875121661734961,889.2190301988521,0,24.590702249612576,0.9371545540274876,1,0
0.8756800975231198,1004.5028210531515,2,29.8529224136671,0.9206474636289665,3,0
0.15351973519972906,3145.229763182094,11,70.6634806012286,0.3144023052374806,1,2
0.9146958416776794,900.6751013194322,2,25.268814738327638,0.9228938911328675,1,0
0.6999839080638387,1790.9566493493535,5,33.36717243978224,0.6331494515876196,2,1
0.766837650367193,908.7029337286932,1,18.347102072280727,0.862080051351173,2,0
0.416546001734858,3197.362501808842,11,113.88898766097418,0.402491794101856,1,2
0.7734001371477794,1988.5719944216323,5,57.44647032993536,0.6115168993718132,1,1
0.8877143426522849,587.039445727589,2,19.65517440553225,0.8578434150467406,3,0
0.9441492131979354,714.6603382305378,2,20.732159920006737,0.8645770821439048,2,0
0.35060355212677063,3252.8822118102303,13,95.42146055310135,0.48857574788424496,1,2
0.2776082721024896,2487.2704577045124,7,103.36142877954521,0.23049812483899673,1,2
0.46034136202331966,2013.5826021016321,4,49.10127932619309,0.537567770360962,2,1
0.9875593384552006,582.8033375524083,1,26.771158370250518,0.888120963120969,1,0
0.7452041409495364,2134.1247427372446,5,53.822114106233236,0.5648711896802521,2,1
0.47084535119800025,1737.3137562285722,6,39.97881536063292,0.5304372141523139,2,1
0.9104928751108166,817.701371087564,1,25.83424886268032,0.9482912927308149,3,0
0.23424992713834214,2907.3400885841,7,85.76204345086103,0.44348768586912957,2,2
0.7604878058579091,1001.193110691173,0,27.103452745675266,0.8306419458388995,2,0
0.5627333006142206,2217.820780392254,3,75.13883872459938,0.6755877729694783,1,1
0.48525208498671524,2415.101431577621,12,60.825701092078354,0.4359523368028202,3,2
0.5037432362404831,1990.8093114277854,3,59.54266710182756,0.5623486412879359,3,1
0.771209428521298,1137.7826742949287,3,26.28136719813547,0.8522866890096099,2,0
0.2885262230081046,2847.8438952499305,9,109.26150812672125,0.2024423917496018,1,2
0.7644606691408491,1002.1584177055189,1,28.29296716840633,0.8380751526554145,2,0
0.1245354395517008,2200.0,8,110.0544372120602,0.17259594994471775,1,2
0.6785505352009789,1962.87702330614,2,59.660071434628136,0.6433451925061013,1,1
0.8746105497322643,861.8192416545403,1,20.937316324716797,0.9578325993477401,2,0
0.9514981374437895,874.0965506273119,0,31.201775216673468,0.9471465683162252,2,0
0.40887558219943776,3506.7474678576605,11,73.16472170896495,0.3816469857953606,1,2
0.4896632086770278,1478.425141892781,2,41.95399281140417,0.7121053506729652,3,1
0.15009037317329343,3194.7538250655066,11,105.74277799474761,0.4998184459113265,3,2
0.49863647830712504,2044.357547612812,5,31.375131153946292,0.6005299090333299,1,1
0.9283373964711381,863.9216636475185,2,21.33479333075719,0.9123722721409886,2,0
0.7700584364154106,770.1253923357148,0,21.13938959781834,0.8786740548963455,3,0
0.9041625786301846,1438.6067327960993,1,24.131044278402488,0.9293820262676046,3,0
0.8636352661919433,1112.0419814997758,1,24.50973584715053,0.8037521431653862,2,0
0.9969463800537218,1090.3099541148085,3,26.831491957705428,0.8427718191608757,3,0
0.6723755799934972,2032.4301800695778,3,56.521084524868755,0.6362209282849053,3,1
0.131492039376829,3059.97240453171,7,119.90194679665822,0.5026018695761336,3,2
0.6858583265971108,1458.2812382608304,6,55.244428659355485,0.6866713275272915,1,1
0.7766482575769977,783.2801347307991,1,22.59831237278239,0.9591326196948317,3,0
0.3872969381014141,3648.6863509244845,13,71.56509099084276,0.5475965692821105,1,2
0.5946750796785589,1704.9710859136403,2,71.84524312379115,0.7100629681568815,3,1
0.5375511021397382,1533.3046738577088,3,47.084343345761006,0.6624426726901051,2,1
0.36367418892232894,3753.7570904140434,14,149.57939086798828,0.4721305035134432,1,2
0.7962136138813818,1174.975283829637,2,16.729753166075874,0.94714968617462,2,0
0.17796006466633948,2453.141000231387,6,90.72829052737472,0.2780578589115949,1,2
0.6259160113671285,1726.1945363836992,5,45.730992972002674,0.5977399156911476,1,1
0.8912102833156541,1063.7555287509722,0,26.758306545529333,0.9669076766372575,2,0
0.7605232974090905,981.9525591918995,1,33.9067545569542,0.8843443647875251,1,0
0.9327168688009111,802.5542871772896,1,31.70120897362443,0.8543202601645298,3,0
0.6587944022888437,1829.9883890742117,5,51.76492433269929,0.6259755564626086,2,1
0.7758141312355475,1368.6748734875298,3,68.14989803181008,0.5297230812033882,2,1
0.20080756503578068,3622.044922419526,12,103.96862730100842,0.506300681240195,1,2
0.9001485833401544,1233.4448223102274,0,22.86161795607637,0.9160490308066538,2,0
0.8884505601780941,1080.0797176790127,0,35.23731584815237,0.9154015037093562,1,0
0.4874419655031738,1783.1270650251038,3,48.04836512530124,0.5056928450625212,3,1
0.4625234109791574,1791.0953645823913,5,44.04020326634223,0.6671313034479818,2,1
0.49926075522200064,3470.0684728035235,9,60.0,0.33528358188907337,1,2
0.36111808104970655,3040.7257554749863,8,106.69368886318165,0.1706135494592067,2,2
0.7082648603954131,2237.33817377344,2,53.47251748310692,0.7903551665365895,1,1
0.3651226626239732,3407.390144419099,13,104.43187418749565,0.27436961119434744,1,2
0.6867871649591669,1264.7002979885588,3,37.69488030795135,0.7882927876719199,2,1
0.31398784494315957,3333.48012089465,9,85.43962188978854,0.1921400955689445,1,2
0.302913108663489,2950.3186791280104,10,105.00061931023299,0.3246587517476538,2,2
0.5798485816942467,1566.1423932292653,7,46.00790259458074,0.7841890890178576,2,1
0.8312975160561737,854.0902689279305,1,25.580418596428085,0.9291866051076807,3,0
0.4550287379951038,3389.3509799538797,6,83.56376703852533,0.22905200192619116,1,2
0.9266943042213615,1055.4814705529022,0,18.31166046426995,0.8976862245061961,2,0
0.9678842015380941,669.7971832760986,0,10.0,0.9443456706060769,2,0
0.896338591099188,735.0971676944653,1,21.463316088161847,0.9719745496542973,3,0
0.47382787917589375,3330.0895378115542,18,99.01520960318739,0.2580292271922497,1,2
0.7678141819413147,796.1207256347747,2,34.77176618728745,0.8336861056632008,2,0
0.9168983463908962,989.8437442570068,1,32.49080823653655,0.8601643473482836,2,0
0.10176405359212413,4109.28895156706,6,122.38950881076178,0.46183662439986695,1,2
0.9520993370291153,826.5944321833356,2,39.22962148100662,0.9267354203556204,3,0
0.5051027011355734,2038.6838584584377,5,58.899047516443076,0.5768188326278947,1,1
0.700500017260689,1651.1234854070663,5,30.0,0.5228281919149491,1,1
0.18790124754431453,4187.058408579967,7,65.97690068792079,0.23206272585024368,1,2
0.6056222567110967,2205.0663034857425,4,63.22790812841882,0.6265796799690365,3,1
0.6513821628356357,1200.0,7,80.22076105190422,0.5064058739763543,1,1
0.49898166685370693,2200.0,5,99.35120415853267,0.25130366958886385,1,2
0.7719666247862084,1343.7560466896268,1,27.730396921208545,0.8169696760218085,3,0
0.906464978928559,833.236102048798,2,30.177257043398445,0.8808832370113183,3,0
0.5700998315233342,2148.1068250925027,6,47.15893145502118,0.6495598708917817,2,1
0.5374193738542806,1368.2806315279558,5,66.86980048171088,0.6806298456659932,2,1
0.3822358653516714,3002.5035232086,13,63.64517591636466,0.19245949939570295,2,2
0.384137695407499,2888.285034852254,11,73.22613525041157,0.40512399379431185,1,2
0.9939025502149788,1282.2838174279445,2,23.22215666666368,0.9097966687066049,1,0
0.16011182585172726,3188.523410090555,7,125.11508550081638,0.20139557468047858,1,2
0.8609375548261428,915.4961037037725,1,29.245518744913365,0.8675895034378918,3,0
0.6369965056086806,1973.2049200705683,8,39.5126531468441,0.6922012304706989,1,1
0.9694935801112674,1039.0405800167998,1,29.242105017745633,0.8494230852223275,1,0
0.44965947517511773,3158.8901808694804,9,139.21646326998,0.5298154563869909,1,2
0.8853166446690276,1237.0028557417018,1,15.511868643219659,0.86943181902197,2,0
0.5425418543192804,1795.8846795621416,4,55.564751358209705,0.6055046659228291,1,1
0.8496657569430783,865.4396525207071,1,23.202295306535444,0.9176409305981347,2,0
0.23708727161075954,3048.59638108839,6,119.17186280690683,0.3624405128176654,1,2
0.7736107401889821,1314.8165339499947,2,18.953186010408974,0.9510418885591096,3,0
0.5546371977396737,1723.8527098104453,7,81.53763943570169,0.7933814937637875,1,1
0.9715489451162687,809.0904562513111,0,35.062355051782674,0.8384206186386877,2,0
0.8554302317183639,1151.4298433725146,4,17.868415585194192,0.8878306236662716,3,0
0.8825755333122896,707.0924410179617,1,23.183482780229404,0.9215258937998927,3,0
0.8958479486915301,901.4126317256353,1,18.6676826719496,0.9582951158475913,1,0
0.9908056348601528,955.4753875916383,0,10.0,0.9014246852863134,2,0
0.9906118237355278,1074.2594594914488,1,19.395074757702748,0.9361659821912742,3,0
0.8655014509110331,1039.765684040507,2,22.920492510287083,0.977836875995647,3,0
0.8199834742364858,1179.1367621579911,1,24.60063070873326,0.8675434038494447,3,0
0.9923961569411397,770.8071641750929,0,22.002187581325103,0.8914011536512018,3,0
0.8372170666357488,544.2824831986966,1,28.426188786382884,0.9186918343829669,3,0
0.10978546444762904,3100.440982084351,7,86.34897057445586,0.4877321004061077,1,2
0.7619681843706558,1719.8301472504086,3,49.98261190480575,0.5308769520536818,1,1
0.5486964698462857,1958.164155140765,7,76.7133078575719,0.7854465777647394,1,1
0.2364581387235968,3536.916825144953,5,99.15447597219057,0.2875915948293946,1,2
0.3493799581222628,3157.074807482299,13,84.02430288627265,0.4576908573119819,1,2
0.2055112126229206,3524.9484025128286,7,110.41518452693894,0.4358795529610259,1,2
0.6420392806180311,1813.4699349193245,6,57.187271310690534,0.7750831676508528,2,1
0.6234585318178363,1524.8901039588682,6,63.24380424083686,0.7436011818196375,3,1
0.8473004196835408,1111.2113618132103,1,17.233039870851933,0.8010173788714133,2,0
0.7234693309405207,1803.578915988461,2,60.989144895092124,0.7748094605856022,2,1
0.9516402869653624,400.0,1,26.100838712269404,0.8469455168946998,2,0
0.15884787365855366,2200.0,5,98.63850519932568,0.22464692804196884,2,2
0.9305667329639148,641.5474609788762,0,28.537018299263487,0.8703350625876368,2,0
0.5707844193072499,2085.914268957296,5,56.65410235457595,0.5220236280723177,2,1
0.4629136439796736,1277.8912423605223,7,50.23070686458863,0.6956109810180957,2,1
0.4890303882824194,3159.745065527743,7,115.43057687096096,0.41237488735057615,1,2
0.6637276632612973,2012.374626434018,2,61.440563035585754,0.7862426213257715,2,1
0.2824843017130423,2989.348911807462,7,77.061175084404,0.1930350855719533,1,2
0.7585971302788046,427.4135128916323,1,28.922999338374275,0.9212680965897528,3,0
0.6630262169904491,2082.2162066706255,2,41.45297664823893,0.6457549192749612,2,1
0.34490413635069384,4078.4554582046903,10,96.94405091955008,0.18139147923841598,1,2
0.9093574753745517,765.875958184671,1,30.615212975319054,0.8591921518776181,2,0
0.26025050396166927,3613.8952220978285,13,112.33002081566944,0.28930715107788396,3,2
0.6533390969303126,2246.634590086237,2,65.70174918033628,0.7806261333270573,2,1
0.7754456181551009,812.6560527918809,4,12.816144575643378,0.8287893444260472,1,0
0.7767451597067396,802.9388329264264,0,16.108068753245227,0.9220728652260323,2,0
0.4921683750093683,1602.4734562535941,7,57.0531950476585,0.6398174054956514,1,1
0.786863131676571,828.6653731640257,2,29.762548858594798,0.891780663631557,2,0
0.6769096833279518,1725.2991271806156,3,52.59902008469488,0.7966286413209881,2,1
0.8510350804127582,822.2958449633982,1,23.744411730013546,0.8842517828767216,2,0
0.5205279804312658,1296.8391123609556,2,48.22377859426356,0.7075943375430553,1,1
0.7689234873278255,1226.5964300291625,7,68.19074014468418,0.7387671299699403,1,1
0.5735274363222418,1200.0,3,49.195928801756615,0.5259368945285672,1,1
0.9655106627473283,956.1272808980273,2,28.663066014154083,0.9584192000971529,3,0
0.900788027366597,849.0088412892604,2,24.462016470762197,0.8280653317393089,1,0
0.7106498098001647,2173.2755807133644,9,41.14807000765274,0.7614436825955337,3,1
0.4868114694244629,1658.309625622584,4,41.08981472763138,0.5810384283540045,2,1
0.7536894952085078,1936.543938393659,2,50.079077936609075,0.5228821959316597,2,1
0.5369587787141387,1966.5652920837433,4,59.79883185673572,0.5028057915185544,2,1
0.6499635570925446,2260.6319760849597,7,54.88131724950119,0.5989109110904415,1,1
0.47351338615605043,1963.9453753660725,4,60.24453994154574,0.6122001253175275,3,1
0.4206754863989305,3110.330440283315,13,110.14582758354886,0.5092608169012495,2,2
0.9315228334306653,1178.4930600128657,0,27.62039533338901,0.9176280077704846,3,0
0.9924780115268176,914.407372256749,0,13.210616302138936,0.8352257370745472,1,0
0.9048725865024037,985.0979866480461,1,15.465712686319982,0.9446753553747347,2,0
0.7172592169627279,2286.7671102117183,2,38.038212762466244,0.7231801771587436,2,1
0.59493341467528,1973.607372232437,2,46.85744725830041,0.6249227563181566,1,1
0.8236164398854794,1036.665798562214,0,15.326141584123501,0.9061109691515766,3,0
0.35456623413552546,3090.715500834164,7,95.96282957626745,0.5373178756850662,2,2
0.6897536438912746,2170.8733772255237,5,66.25007243974837,0.5950181131118976,1,1
0.47217111485288743,2030.9028642857197,2,56.59709632905991,0.5076734823869574,2,1
0.7938257355894149,606.6429618768645,2,23.828783279024993,0.8326246050919079,2,0
0.4449851694128941,2977.833830500718,10,111.66104637671744,0.5292392906740714,1,2
0.7511580057511507,1000.356547233509,1,23.222504807414563,0.9616802333897891,2,0
0.115561387105239,3692.3191544638744,7,104.73983521462927,0.236073216874715,1,2
0.8716672353561757,816.7611190229492,1,22.533510293929098,0.9346560858265628,2,0
0.19286768587464365,3352.5649268988673,8,109.85248985399058,0.220897110929831,2,2
0.7667691193471069,790.6639830825469,1,29.326717125255115,0.9743504867622673,3,0
0.7962832322096549,1274.1930350743564,1,33.03266782252638,0.8370133055958107,3,0
0.5084484676638631,1573.9656415346997,3,63.90566708056758,0.677876926342313,1,1
0.8579862546605289,1058.8529359243655,0,25.580463477634282,0.8758144483685704,2,0
0.7881040033326043,1265.9240403432175,2,13.171112200060508,0.9715926313459322,1,0
0.9826488036609791,1044.2958647514686,0,17.35233225183896,0.9797920688932336,1,0
0.7970302899309403,1124.2061334648943,1,24.256042157754585,0.9142845623561715,3,0
0.8427596907461506,957.4657808806019,0,24.693296419140168,0.9131291774160312,1,0
0.5908989100830331,2457.715759775596,3,30.0,0.682669523976987,1,1
0.1857935831481289,3239.462300566561,9,112.55829385110007,0.2248791774261309,1,2
0.4951291577924179,1938.0308458873565,7,58.19861732789391,0.6798242621409637,2,1
0.7183398963258785,1832.115414364432,3,61.664938310191346,0.7680631140209762,3,1
0.819994773415071,1037.2636913913402,0,19.1856936907745,0.8268372221608581,2,0
0.47754486741004587,1992.164633971706,4,67.88169562262716,0.6134113713809156,1,1
0.8084280204776082,778.699322356852,0,19.795324019916425,0.819849811089782,2,0
0.3165265526568215,2481.080960920472,10,93.4380105998475,0.4758673332829463,1,2
0.6523255066653446,1200.0,2,57.89419066183307,0.7487121210413461,2,1
0.8723562409107851,917.1374322806718,0,19.920928933338335,0.9489465727562612,2,0
0.7176353163866764,1783.8846929699018,5,58.99237932043649,0.6434298118094732,2,1
0.9019341987197148,682.0733925315224,1,28.680831620150673,0.8673805076654131,3,0
0.9474246267856198,862.5341963187251,2,20.30345794672374,0.9191402998461621,2,0
0.8507450446912903,892.1960961244912,1,30.063826146433566,0.8349787436972794,1,0
0.8205467686733,586.4281149269088,2,30.836262357533045,0.8802737486727931,3,0
0.7700287115961688,679.5415700327153,2,26.866090446269148,0.9107132012033319,2,0
0.6127868815856885,2158.629316599552,5,46.77759723653712,0.5623411623505957,3,1
0.874115288088825,867.9279837910339,2,21.17526085409432,0.8031617820267141,3,0
0.7298849754700488,1804.0452729699966,3,64.91227507554089,0.7615497076978979,1,1
0.8496261835993434,848.2407874665795,2,31.538722085225004,0.8186972822501859,2,0
0.4162634644846396,3366.012301039969,12,137.73713670219007,0.37804760041929064,3,2
0.922100599106934,650.8565247107231,1,36.838629208491426,0.8713895838801821,3,0
0.17753797226062354,3358.6469340451454,16,121.36693076007579,0.4356266972636351,1,2
0.26325832468698707,3205.8972098647178,5,107.14589116736437,0.2796046463531369,3,2
0.20018669512618315,2543.069419906248,10,120.81175009107095,0.27789665260736973,1,2
0.37708605707771936,2753.13378752528,7,131.57741014671782,0.46859250513078776,3,2
0.47712652452903814,1522.8965041388165,3,62.17864975706273,0.6525826842909999,1,1
0.4870273127927759,2560.5974014736403,7,129.92205282679603,0.15715295633553653,1,2
0.9195040381397659,966.771993313707,0,27.141820584371604,0.8002166505036232,2,0
0.6700295002314345,1487.8282568458646,5,44.75083740192689,0.5581898454450709,3,1
0.9374129579357312,1251.095139663098,2,41.083053229799475,0.94803601580293,2,0
0.8312958305066868,984.7198131186922,0,22.415094385670827,0.8105463597878244,1,0
0.8108705741440748,646.1339006906602,2,18.48164873273472,0.9526022486653174,2,0
0.8441158417195124,1184.549627219988,2,18.952034566789056,0.9754770560176237,3,0
0.8477703841629401,1091.0601116475505,3,40.20003400418706,0.9129734638823218,2,0
0.4647748829309714,1686.8548210996564,5,46.160668797909786,0.739796284402799,3,1
0.52839672831655,2155.174770880132,5,34.795823218732025,0.6791755190804016,2,1
0.9263937931289221,700.8369210419542,1,19.519449242096183,0.8414759549265807,1,0
0.7517380326327977,980.7460180673219,3,24.207976882874366,0.8686833898085933,3,0
0.9332782556038203,864.8872109001569,1,22.426819595816394,0.8669412799174117,3,0
0.7578279649401848,1996.8011212651438,3,39.62058109473188,0.6526438267763002,2,1
0.4413293131351752,2988.590825148164,8,70.69462369206,0.5046285082201901,2,2
0.9639241170265714,1037.941561049039,1,10.0,0.9333456856518939,1,0
0.6360597685898064,1871.233664325205,5,60.06739755404034,0.7538359097569832,1,1
0.1297883195474143,4662.640187574247,5,86.52937214133374,0.26771360472094663,1,2
0.8980875821483405,971.690723641924,0,13.780436229711503,0.9610478819768358,1,0
0.8307391182353114,952.0643677542441,0,22.498688319684916,0.9389874508653436,3,0
0.8789198569241244,1204.6477243424515,1,33.7921282451717,0.8318727659448691,1,0
0.6852764091346436,1816.69481480577,9,67.77080577260692,0.5280676585506193,2,1
0.278282457808131,2908.9974520573987,5,97.53933217301547,0.15550043023101118,1,2
0.932897380438833,1145.7961004978124,1,21.21507403655535,0.9358141953366016,2,0
0.11724021378333248,3623.055778348612,8,122.54370150687038,0.49752556833536,1,2
0.6132134628968731,1469.8988027078742,7,47.11295171731986,0.7843958657498586,1,1
0.7342866880730892,2003.7095737660438,3,45.906842794925495,0.7059674791916422,2,1
0.782811219420597,828.0740655095075,2,20.900601743333873,0.8051944244005025,3,0
0.8184066665704165,1025.905916844362,1,31.96724603054817,0.876637090687455,2,0
0.8313499245398169,924.6409613568972,1,20.334801256270868,0.9505651744998749,1,0
0.41608032961542396,3129.477815136682,5,137.6248800070281,0.20072319282254703,1,2
0.7329768941858945,1901.3252528634953,3,30.0,0.5985708585445493,1,1
0.7963813789257803,788.5153893783357,0,22.03102836748225,0.8557590472503288,2,0
0.750658093419436,1830.9100923128346,2,36.50498291155186,0.7858815171278786,3,1
0.6242862189003388,1752.5441499399083,3,67.34368732087697,0.5758181793959137,2,1
0.8753790736717999,1182.1864759492541,1,24.90857172099948,0.9545040899286374,3,0
0.972565945972729,818.1435123773792,3,25.199299378078887,0.948609561051367,2,0
0.9240721939695349,859.4038725208686,0,24.653034950164653,0.9760212778015027,3,0
0.8523335015787608,770.0469546303466,1,28.583820200989113,0.9636848588104943,2,0
0.30342299556254115,2897.2412884433793,11,129.6314958110877,0.45823580326507996,1,2
0.8124170022147965,697.2208095414925,1,20.627623644075864,0.956829123371131,3,0
0.16928517988637926,3002.529899275486,12,120.39682558652615,0.2041722199598266,1,2
0.2964007880851047,3361.0543396974076,7,135.7356167181504,0.329145481492237,1,2
0.6506361162948575,1316.30791886457,6,65.39888348587984,0.585702556477606,2,1
0.6399975275617025,1961.007944578011,6,57.17862533252623,0.5562189339020208,2,1
0.3617357251845562,3220.8844959304615,5,125.09614135488923,0.5065566592775101,1,2
0.8699689050759772,1030.3043982679012,2,24.845698210677384,0.8417543213884014,3,0
0.5512565831318641,1400.2159118054449,4,62.7638793386476,0.5938900918101447,3,1
0.44904966080889885,2200.0,9,76.28228852412965,0.23034402923206318,1,2
0.8344987892128839,957.4248330403649,1,28.880012479499985,0.9033686684462757,2,0
0.7662342572876764,1200.0,8,46.24611867086312,0.6006976550834582,1,1
0.8816006652340282,1006.963467269182,1,31.162275113066563,0.8465999735546909,1,0
0.2129244808634906,3009.8786176985614,11,118.93413119050774,0.33611410123869034,1,2
0.8916011600742243,935.0422837817024,1,18.241433866703467,0.8588944890492044,2,0
0.5953032819981289,1689.485106973284,5,76.22393487495032,0.758102918348038,2,1
0.21716136134913563,2715.6040328973213,6,112.96429963177073,0.2640310671479463,2,2
0.5764026556380264,1981.620264995976,7,76.98313707920046,0.5773199234177441,1,1
0.6751347043129771,1664.7676158469808,2,64.02983864574293,0.6006490160992786,1,1
0.9370649225959146,884.8097952714954,2,33.818083583222304,0.8951634536621875,3,0
0.46735366387074445,1687.658690710283,2,39.49024242890814,0.551197511402341,1,1
0.9423262234103349,658.5956704285569,2,26.475662312991027,0.9016728507799234,2,0
0.809012615836616,1028.0959590401649,0,28.672495004822697,0.8754901708343101,3,0
0.1771295269053387,2752.374070265582,9,122.04865283234439,0.23540621734486247,2,2
0.7993676224649844,819.1205153632077,1,25.781434503097234,0.9489402324763304,3,0
0.8866743531785175,892.4858710041037,1,19.73668008467864,0.8109384683113234,2,0
0.9842394557577657,1066.038362372522,0,22.205782992045553,0.8769847236409168,2,0
0.6978408773074108,1764.3471269250842,5,64.02399434298815,0.5609963871824529,2,1
0.7281808926760258,2069.593284969086,4,41.426518158874025,0.5759447249247212,1,1
0.5326885261693088,2142.2773229004843,2,73.06386071223382,0.6315279836295473,1,1
0.24359317520991422,3790.977048775768,5,93.66943493351081,0.2454580046119826,3,2
0.9106412998837978,1000.0480938873139,1,21.569338548343676,0.8079824351516482,2,0
0.9504320207674479,938.8215261906715,0,28.522587557801774,0.8926905232726001,3,0
0.6039756482337545,2019.9031516806622,9,50.32106568304015,0.6627593265115705,3,1
0.1292348362566827,3417.2704648176614,9,142.27660575482346,0.26458293910252434,1,2
0.9873801559144105,1122.8643389337744,1,24.409981946845004,0.9742061846584742,2,0
0.38742492519393046,2389.7228597250014,13,60.0,0.24806023869754484,3,2
0.28220341961276996,2835.6489570975928,7,100.75945307746359,0.4442641560546341,1,2
0.1692214751143534,3290.0402706896093,8,110.62700550889431,0.45383067253633713,1,2
0.9102065786725515,1137.3469240354661,2,28.728342019229803,0.8640961412758544,3,0
0.5571101907576912,1693.1931950199562,6,61.0015798098682,0.7730814667796818,3,1
0.7779909561164882,1751.8876805913455,5,76.93573898986685,0.6872902186625841,3,1
0.9045389335795297,1212.5777537016395,1,15.185926185998667,0.8623840378176403,2,0
0.8633222086870069,716.4994357971473,1,28.04987773697514,0.8059713483960393,1,0
0.2446666148666013,3995.761774592035,7,130.65278935299077,0.3023869438033327,1,2
0.9343770898647518,915.4312992435433,4,22.63130554482744,0.8424156197599437,2,0
0.7741691124116798,1095.684422405607,2,23.095904995620835,0.8325890648849866,2,0
0.7838385205694214,962.6264280026311,2,23.8794936009959,0.9142015651560086,3,0
0.7169761189480102,1966.3205697814842,6,38.65306947369955,0.7319304485605813,3,1
0.8233979610661233,915.3703765917536,0,15.039332440517436,0.9601448705589608,2,0
0.8131092360860052,828.5109154379146,3,24.673981121507772,0.8379224715189614,2,0
0.6088929139213002,1743.585166623239,2,69.36883133678259,0.5367528766039806,1,1
0.6936115440449856,1917.5773869887607,4,35.13838041545597,0.7972632160621879,3,1
0.6993146926699398,1200.0,6,70.53716117694714,0.7176501744129138,3,1
0.762920430292152,661.272633648704,1,32.142018043656215,0.8834957398571925,1,0
0.779704479067018,747.4550442867571,1,14.709280271831826,0.9767672157663767,2,0
0.9595288224120275,868.9481902350502,0,40.24804619218315,0.8671948982221198,3,0
0.969628890325337,526.0516600609159,1,17.627343105702195,0.9124132427655824,3,0
0.7731070160157848,1391.609750277612,5,56.816170810156855,0.5448808577422573,1,1
0.13576235247968307,3501.7773229497316,11,111.14838802248057,0.42747238955897005,2,2
0.3677000257535311,3664.818591510925,8,68.33839170670963,0.3666615796741861,3,2
0.4691609018340601,1200.0,3,52.41938851104827,0.6479552950982863,1,1
0.8785586096034029,737.9495125971238,0,24.818484029647475,0.813097227723133,1,0
0.12279298140418096,3823.9319989007863,12,89.66627802398126,0.17560124365669605,3,2
0.41922377661165455,3447.1364469869745,8,63.64304283340282,0.3688903159899134,1,2
0.8405984747791583,1107.0498669447504,0,30.773899473280867,0.8352510635409621,2,0
0.2407580046336819,2955.5377950101947,7,121.17863662398837,0.5245338726032897,1,2
0.7168334359116023,2149.8869839174636,5,44.39507189847602,0.5404102281397869,2,1
0.32898774169668565,3974.0573736942615,10,60.0,0.38466568121763267,1,2
0.9534487549267372,736.1484280557004,2,18.65974330982065,0.9008683748246183,2,0
0.7157392970783929,2174.136203344634,4,65.19209084870859,0.6060030189087786,1,1
0.49738891050305145,3765.176664799066,11,102.8540615172397,0.27459004561555755,1,2
0.7795412069054141,806.9379086439893,1,22.467568689461825,0.9141290914952095,2,0
0.9539867347421543,880.2309597521388,1,30.69368933684258,0.8426470150720129,2,0
0.814194141930127,1010.6080171704717,1,20.601982485325806,0.8994945405674066,2,0
0.6007493876480856,2089.89322487615,4,67.42994540766162,0.6566485088656311,1,1
0.39557247259484574,3327.9547143531026,11,97.56574041969532,0.3072477572414911,1,2
0.6823528958511585,1605.0045389905572,4,50.35736438634151,0.5636093181133783,2,1
0.5613666493621021,2334.454641429097,4,52.045498277974154,0.5996533931326075,1,1
0.46682143181124824,1840.034216297577,7,54.24791484989251,0.584839184879166,1,1
0.7677971621150572,400.0,0,37.51825250530811,0.8916641450905175,2,0
0.7722738219361269,1200.0,2,44.46584346376294,0.6635689657908167,2,1
0.6585540906844911,1515.4771311741765,6,47.651626759265376,0.6606523266045862,2,1
0.20287568471069717,3699.0307577381823,14,72.2080878527157,0.3236653566928577,1,2
0.8941291188785634,762.0544451871652,1,25.979716318480794,0.8361753259024232,3,0
0.27494028198529114,3269.648662062849,8,126.31068846777839,0.1518056191711498,1,2
0.19215021516070485,2642.1639169628997,11,108.6046759539684,0.24330834389768086,2,2
0.49647503112549407,1862.4018293939805,6,58.59517879311533,0.6810839299420861,1,1
0.7507109013989189,1229.8173489792716,4,63.69801638403456,0.6488043635766374,1,1
0.15421336961130902,3763.0824775383494,18,83.90621922951009,0.16594478936432888,1,2
0.2179029150217937,3078.9850668488016,8,81.34192733066807,0.4782063959152538,1,2
0.16463159274392603,3427.127496793607,10,116.60394580951368,0.34243433873134177,1,2
0.6152870846161147,1461.0555502015,9,62.814245426832684,0.7648902366944529,2,1
0.9661805940637633,1020.241349785823,1,30.361552243788765,0.9646877423186533,2,0
0.4124461030417155,4315.948802629571,7,102.05861296957595,0.46814056845085983,1,2
0.8831543166137558,814.1511159402676,1,16.277208695522365,0.9038459849479359,2,0
0.8229156446773258,1069.0315942368643,2,19.645095885204377,0.8523170592857663,2,0
0.9149960115085447,686.4394156841614,0,22.69789446954232,0.8496935244924939,1,0
0.10088812880407821,4156.309279239097,8,109.90459606887012,0.4244261172963196,1,2
0.7479632611669078,1368.8494511248077,5,55.01663025811602,0.7038580676122732,1,1
0.7322647306655955,1935.034446123024,3,49.04523327414366,0.558297695606675,2,1
0.7680210839996684,872.6009021115084,2,14.357685252464542,0.8200885759013405,3,0
0.4555549955539853,2014.2846305067217,2,55.39048121544696,0.7492769376070273,3,1
0.7734751789473546,857.5582060197696,0,31.929346855812362,0.9376214692502783,2,0
0.748933986051534,1797.9222507359182,4,33.515640317558336,0.6712798626985951,2,1
0.17866672445907428,3669.3465009350234,9,98.32228285528214,0.48472958317177617,1,2
0.7804715233342369,1143.7941579587327,1,35.626126902388364,0.9567603026047999,3,0
0.48521594071656393,2374.2632903954654,2,72.49690474049274,0.5709554662534162,1,1
0.7599047063370893,1240.8211032510983,1,18.717101033320255,0.897061494920567,2,0
0.5021223028991835,1909.4846608602945,7,34.59638101359232,0.50312515902185,3,1
0.8410674652620189,1011.5382121450249,0,21.849048815810438,0.9728022783054894,1,0
0.7586761460418194,1841.4315598663354,3,35.09516497790062,0.6144014348951965,1,1
0.94519039651711,1033.0833647383556,2,26.584174008375967,0.8098140605980904,2,0
0.48654522966309127,2188.9854239009405,5,56.288287811046835,0.6559142872658863,1,1
0.8457846320623743,1148.9359161473574,0,21.9888904632022,0.9187516758069363,2,0
0.6702909298703313,2373.3194594298293,4,55.12851291327301,0.6450778072255611,2,1
0.3928698591081007,3392.554713254252,5,60.6538735495481,0.18202192026268463,1,2
0.4899278940444646,3878.4010800984624,5,68.8325233544125,0.4434987499278207,1,2
0.5210995813953623,1663.4551331592925,7,66.17150966577859,0.7589796750475921,1,1
0.56681853794974,1200.0,6,62.161210959748786,0.5986123795923562,2,1
0.9566143665269354,1174.8876186341636,2,21.392197212929602,0.8773741464400182,3,0
0.735916992743192,2150.4841009812267,4,62.0538107734925,0.7223641429114811,1,1
0.2263007472556093,3953.8220038958625,12,85.64933288001211,0.161670588105756,3,2
0.8574142031847338,689.738017672131,1,26.37737568913577,0.8641100537565998,1,0
0.8094093859981,1121.4161338573945,1,15.027311718691356,0.886629707092091,3,0
0.9400724557805338,967.7105752571829,2,19.735296512983112,0.8741527423812439,1,0
0.5353441945324572,1533.325254581001,2,53.283753382067786,0.7461135541683191,1,1
0.7214526316132727,1200.0,2,57.32671019322336,0.5410337765135284,1,1
0.7953588587724494,1036.410413142524,0,21.376084844704742,0.8526401829795313,3,0
0.9146734079047363,878.5395711991542,2,24.065073666557097,0.9159913092107358,3,0
0.9735248009197837,659.3598289221711,0,21.16898785433675,0.9168636919108347,3,0
0.20550433826355313,3007.323662958279,16,60.0,0.5413850181287546,1,2
0.49304501999600436,1935.7234232768355,6,58.12307876348382,0.5882971562697868,1,1
0.9531998918143756,894.695748150188,1,23.229835887315055,0.8075870750533282,2,0
0.294003351997309,3736.106517216578,13,88.05251723000572,0.20453057459975166,1,2
0.7848180181658468,1021.3446118272366,1,20.62219812798905,0.953402574495664,2,0
0.7986556279551913,842.3922252155847,3,24.28950937170323,0.8119549528066583,2,0
0.4691391989159938,1356.274002508421,3,46.75213089691053,0.6042879827806936,2,1
0.4859958576696958,2200.0,10,113.67186333620718,0.3861426348500915,3,2
0.6450504857561665,1449.941356992939,3,61.663937766446864,0.5668417303888003,1,1
0.7696140953355665,550.2936053523638,1,25.601538922270958,0.8835679556514692,3,0
0.8800769252259484,975.2819052195033,3,25.52344862692366,0.8292730933368291,3,0
0.34241917970960667,3973.3539751222597,7,87.92440408053697,0.46443905779797834,3,2
0.3983666379021641,3572.59873178795,6,67.3476390952985,0.16902920705454177,2,2
0.9323770571630992,1190.2002876262673,0,24.222513333448106,0.8824236932536488,1,0
0.8790750870752988,957.7387258559714,2,26.468501960108643,0.9027338735119976,1,0
0.582575917790243,1865.2896374209186,5,47.42281323535074,0.6641695762134995,2,1
0.7787092061848009,720.2431903353744,1,28.622224930735765,0.9375596870916155,2,0
0.6851782044634261,1514.3852996539722,7,65.92436742013534,0.77529598877446,1,1
0.870243222471531,1177.2698794525686,2,27.387549080291997,0.8335804241952108,1,0
0.9823439972818965,902.8546135672868,4,19.836956493398706,0.8581478452313485,2,0
0.906059498978498,700.3878745371175,0,28.91118911615857,0.8205290535869718,3,0
0.20413543355960356,3640.4915201204985,9,82.75257000685447,0.1868081834646209,1,2
0.8481233891016712,978.7594596432504,2,30.37058533552119,0.8323720004303975,2,0
0.6438365864386536,2075.655965676391,3,48.12830277115977,0.7304484273730518,2,1
0.46343093243375655,1775.222651185348,4,30.0,0.5410861067569579,1,1
0.23889778466491363,3707.082243881778,11,92.79383103135915,0.22177044203801677,1,2
0.36260425957894526,2759.7062579904164,5,104.01727109121828,0.45875944335451213,1,2
0.6907165161477614,1544.5743793790157,6,38.26631972472019,0.6859921469843344,1,1
0.722806480211579,1463.0635070686794,2,52.289947075435535,0.7236946050536934,3,1
0.5563771808240382,2092.9678514824327,4,38.238078293164946,0.7574085820670106,2,1
0.915917791340662,973.4963330948609,3,25.53163834434849,0.8380831051680745,2,0
0.8030847776695691,843.7344885763573,0,25.107817043313222,0.8581066095884918,1,0
0.8521835427745241,1002.850951203567,1,30.916503348866268,0.8960315455042125,1,0
0.862709842851033,694.1256983635857,2,24.270881930798573,0.9059830152524413,3,0
0.7198984409848559,1450.0899319241776,5,53.39137184426078,0.7312938004872346,1,1
0.7613046675265474,412.23656834471416,2,21.763611390796164,0.8218912682275369,1,0
0.13606952943281836,3523.0196836767145,9,132.92963784415173,0.3870798218837328,1,2
0.7728216691965334,957.1108149715313,3,19.272704135053132,0.8846448174187957,3,0
0.6829344800957646,2248.996643566107,5,50.891752313760904,0.6175691497961369,3,1
0.25357199535539066,3444.6440197897946,5,126.77005854958944,0.2136948010632292,2,2
0.9158754422770139,1162.9828907168094,1,26.815765789178887,0.8605087396973178,3,0
0.4973139714525191,2244.651674482671,5,90.0,0.6671821990202955,2,1
0.7640758189204593,578.4880271262052,0,29.030454893151237,0.920719396880378,1,0
0.6768898188243492,1841.168394426195,5,50.722641750110185,0.76076525964986,3,1
0.6742930362719111,1684.377763706985,4,51.91259633591408,0.591419526222123,1,1
0.5210386954308438,1964.4776815777882,3,67.0281306433573,0.5081687948618182,3,1
0.822437863228442,475.62902019828107,0,13.545661897893192,0.8984650663564007,2,0
0.10680896967193171,3074.743539592562,7,123.4193553371002,0.469063955524731,1,2
0.17804317269024877,3155.083017338551,8,86.86831833275724,0.27115967310386696,1,2
0.9402803842607895,1077.8074244559784,1,21.126688811830128,0.9725815959092734,2,0
0.86495010594233,1288.2434872927497,1,18.71314108973062,0.8593515992863182,3,0
0.27376142884761356,2968.004138239553,11,103.63762010478105,0.2711949621375755,1,2
0.6131237018565197,2277.244790496505,3,63.27319578117828,0.5180549961918858,1,1
0.8879767096936214,662.1176214265345,0,23.890523686742856,0.8748926423995904,3,0
0.9183581083312293,1020.4236640784967,1,26.87511927866332,0.9679865601645536,2,0
0.5331297275712491,1333.9464185248164,3,47.99128323478611,0.5158511713378955,2,1
0.7672221499812375,1506.8001437947796,5,75.8195149212261,0.6771810468571943,2,1
0.7590273195278799,2098.1591932819656,2,56.48850908296683,0.6033485050589368,1,1
0.2508156698305083,3305.8623028621305,6,110.64419369254945,0.43086345563026784,1,2
0.773247659955783,478.8706116319351,2,19.133306531921527,0.8550367076858308,3,0
0.776793002834944,615.208569509971,2,28.862652285627593,0.8127466462494376,1,0
0.3418946039386962,2918.4404257328188,8,116.04125422662977,0.45854890085590105,1,2
0.8522382361035674,681.8067139569604,2,25.01287769275925,0.8891916519195149,3,0
0.11201512523525824,2926.9220232622392,9,128.41228014884962,0.4379512235957168,2,2
0.42492034005962787,3977.773153578057,5,91.12844183919127,0.28158469789882373,1,2
0.914676943875219,452.3537533350056,0,39.300742219881194,0.8990774698304818,2,0
0.971926045689575,981.410457424907,1,33.99080394482225,0.8349070076505225,2,0
0.2680185100523734,3643.567139577374,12,89.8882092000491,0.2162681416630332,1,2
0.8123230572872188,1163.519507121592,1,27.613527500151037,0.9692569075830676,3,0
0.5389147019468703,2302.4756520347264,3,38.74032675143867,0.7538775836572845,2,1
0.8743121264730964,925.2759159092824,4,15.929277124186385,0.9509008077068093,2,0
0.5651260181924085,1575.3539760321426,6,59.97334540398623,0.5532704704428953,3,1
0.6958385154920947,1864.6260499476393,8,58.32935899132953,0.7076040171706737,3,1
0.8680537312904874,1182.4441110830858,2,34.80484605331295,0.9265338194380358,2,0
0.5620938844506445,1489.4445215373305,4,56.124946244022894,0.7538574129754411,2,1
0.589629005190751,2085.188882925839,2,77.01661869395424,0.573889510125657,1,1
0.6508810592530001,1730.9484688079758,3,46.00583473887882,0.5938685594225112,3,1
0.6570570512395909,1569.8604456478565,6,60.94216529018343,0.5137302359450808,1,1
0.5053556540260689,1720.0873380259434,3,60.714480040022586,0.6052694227497031,2,1
0.4573738281428761,1556.2998709808273,6,71.31515950580385,0.5279159909281191,2,1
0.6798040304572868,1378.8050755101049,3,54.34691468937009,0.7066433964586268,1,1
0.8585048415434688,774.5373108097394,2,33.11765228662419,0.8750006149771467,2,0
0.8439720712864424,939.2262918047815,0,21.105122891446555,0.8631168709317234,2,0
0.45914073352594487,2792.3149979613927,7,100.63276155158346,0.30332026390374384,2,2
0.7744435556707647,2238.820906299333,5,59.83175702171958,0.6382718935306602,1,1
0.987678576602479,734.623929192028,0,13.796358690188352,0.8079911476944789,3,0
0.7472762034931668,1912.002459424791,4,30.0,0.7916679793914367,2,1
0.2377046164106411,2501.800717272643,5,105.02516522113248,0.4052107782037413,2,2
0.8051529881778028,910.2395803762171,3,21.072702760981702,0.9541473376786644,1,0
0.8180768316298422,890.9177564135524,2,29.120255226091395,0.8777065361581554,1,0
0.44286766572381,3192.6898286305227,8,85.7348346336617,0.5231549573534139,2,2
0.558343050269013,2124.8569917285404,4,62.28219098264871,0.7118157805866143,1,1
0.20979857738127883,3619.4949844825487,7,60.0,0.16593231612428297,1,2
0.7884739765849638,720.986031544679,2,28.399071576647138,0.8133510734512861,3,0
0.31186676653180606,3156.999534983713,10,92.58429617110167,0.44883236274142657,1,2
0.9102186862008037,948.7906395817,2,32.895323602276704,0.8805576023839294,2,0
0.7670430773463734,753.3687605780007,1,28.84074925384973,0.8491259109558926,3,0
0.4932910842938636,1651.3299280591107,2,71.37828865102809,0.6035191598549908,2,1
0.7505236541730406,1200.0,3,63.877098207729254,0.5694835041086385,1,1
0.1706315889957856,3353.998038815424,7,104.24889390052378,0.23343090750533815,2,2
0.49732814203797077,2331.7881089294697,5,30.0,0.6085114716631973,1,1
0.7559096465115841,914.5361048658683,0,15.678117739780355,0.8049733560455148,3,0
0.40714672106870264,3974.777198515325,12,102.96042370637389,0.5318825969435504,2,2
0.80606732736514,731.3506809367616,3,18.39109745813826,0.8387128648637094,1,0
0.9300091341365186,841.2066104671635,1,25.06559807945914,0.841611658964731,1,0
0.9841514230737404,785.9297267172639,0,18.60906391542784,0.9005702134782594,3,0
0.20607134691567627,3348.2972718370484,5,117.5736330075259,0.38799910530296644,1,2
0.7352773781938833,1617.1920853844413,2,57.47879935005936,0.7229660751207819,2,1
0.5424875490575614,1570.5601124661705,2,44.879898047232004,0.5277909388170248,2,1
0.15184760793796506,2867.3910602549217,6,88.39043639107614,0.2836509748709898,1,2
0.6517465001557968,1906.8106140951306,3,68.57625478629078,0.5359319475499568,3,1
0.1809297445767346,3543.230229515011,12,101.31645359909609,0.4999522361208444,2,2
0.7738838284586671,1231.081422617659,1,26.119795939076432,0.9108519009958225,3,0
0.9588256238973095,938.0999359558133,1,31.52472130416499,0.8324522235108154,2,0
0.2718293404151656,3131.520266899056,7,83.11367638052131,0.5134544113919277,1,2
0.3353697398780762,3161.824170904615,12,134.13048944423,0.36715313554862217,1,2
0.24510128092671352,2606.1035645764587,10,103.53489512068992,0.5255706806424915,1,2
0.9317922674415771,1600.0,1,20.298489655097306,0.902547413102588,3,0
0.6247293511852,1342.9000329926696,4,43.816002669639026,0.534105494380493,3,1
0.9783101381391178,988.3881299138818,2,24.947590144614406,0.866934820759957,2,0
0.799678920383543,766.3711828922012,3,33.513508431476104,0.8762647673599356,1,0
0.24169588965861416,2378.262498818069,7,116.90730457398664,0.21197081365367015,1,2
0.7917584865230188,979.5854099893618,0,15.515799689956463,0.8526199960310089,1,0
0.8352008850632544,975.4200787804373,1,28.714578868309307,0.9220508678217816,3,0
0.832187902571877,785.2796454206198,0,27.23031543214026,0.8463932110360733,3,0
0.9772581301664103,1159.174356372603,2,27.76818112648056,0.8311766535367842,2,0
0.447280379009933,2253.2485661163823,9,92.15322444549349,0.4630368304463178,1,2
0.4205442132363033,2200.0,8,107.64519233096635,0.20380950342542334,1,2
0.45843064237012937,2158.7721536178915,6,61.76623846073193,0.7386756070346362,2,1
0.7598567028421265,818.3798321679559,0,20.602595149049336,0.896394658885208,3,0
0.19171799535679904,3170.0704277432496,5,85.25413543901266,0.4898749507154817,3,2
0.5639019631648735,2023.1530482236342,3,52.902154679230996,0.7200749783067975,2,1
0.4720224778354035,3273.9393044450935,8,78.78058012705279,0.3759477503571077,1,2
0.3922714177939679,2646.7181020368166,12,89.18181992632887,0.5162335934691821,3,2
0.5593924501741113,1200.0,2,70.43863745103795,0.7019677442022072,2,1
0.8720602842554446,983.2892076202905,0,29.36398170941802,0.928853002794826,3,0
0.8855593013729621,1176.9064095187812,3,36.11618256911729,0.9344186800314972,3,0
0.8954928504785997,772.8884317191194,2,20.946663043919266,0.8621713991714474,3,0
0.47657584343523507,3953.213298129398,5,91.47233185900859,0.19986318746271556,1,2
0.7253684859247618,1849.7675972994584,8,76.47556835967663,0.6217975647228138,3,1
0.6071568284606637,1895.6927264126377,3,68.06605318478154,0.6048108351077077,1,1
0.7481823851495417,1815.3492841949096,4,42.25556000469416,0.5911933727448418,1,1
0.8537048755844163,872.1107448638,2,33.19313788243713,0.9085954181100098,1,0
0.15385053340152652,2797.8717052230672,6,103.54836478724364,0.33066026601156057,3,2
0.6601913798908701,1721.8897156594958,9,65.58482796787818,0.5270758285049653,1,1
0.7558179839339565,1291.6694908441189,1,20.23562645778387,0.9017520127917168,1,0
0.9750057808495027,843.3722206512466,0,21.456975108419414,0.847761645465248,1,0
0.32341231763241096,3127.0687229673194,7,105.51394191295249,0.48737440602846893,1,2
0.845958237983261,995.0861365053247,1,23.476845537129574,0.8775289918894419,2,0
0.38452126895157046,3091.93312133118,14,111.60415362510035,0.5163130027785223,3,2
0.8436531536566179,1039.390880902147,0,24.8651861399526,0.8855409440603133,3,0
0.5134562686662564,1862.4084847104928,2,56.65234753448776,0.7465427158661753,3,1
0.6033582455455874,1820.7594678967823,6,58.936754448831756,0.7857544717079279,3,1
0.3351097960675703,2738.6401973627494,7,128.2489645337465,0.4824707954118129,2,2
0.9125502730995383,909.2005494506549,1,30.187431834983613,0.9632136270630597,2,0
0.9686754181710499,772.9275222348741,1,26.187796599841327,0.9718801478016664,2,0
0.7847067931623526,934.6683328740817,2,33.341999101193025,0.9549088082629478,1,0
0.787604222775882,1147.2261443612435,0,23.2343163246319,0.9263115873360412,2,0
0.1525831568465239,2477.4793147102073,15,75.0268713221233,0.3238682263856445,3,2
0.4326501423078154,3359.931968540449,8,85.05412957846896,0.3582578177021163,1,2
0.6440768182503488,2044.2324975067793,5,58.57716601589665,0.7210896664181867,1,1
0.9697795768905412,1114.308630446977,2,27.0953533752668,0.8992394989446142,2,0
0.7593220558311511,1435.486744270429,4,57.18365310254629,0.6962634617049821,1,1
0.42749005501438586,3542.5742961466517,7,123.71297160261344,0.30924888881496315,2,2
0.4866425346637945,3135.900928946357,10,88.0468488388004,0.4057848341445668,1,2
0.9501466747772707,782.2266346522608,1,27.04935684068778,0.844248883873979,3,0
0.7745989124283493,562.531130577858,1,28.175022201668398,0.9005626599087021,2,0
0.8965574580041993,794.793031466484,2,36.30400682541915,0.8068396107148537,2,0
0.8764721697211165,469.33141602575114,2,29.08623757626713,0.908995269480429,2,0
0.43462830504253225,3064.989064851289,7,101.75032192221522,0.4283498794361783,3,2
0.8130602550433403,925.2355807323935,0,22.153297027186195,0.8422872547452458,3,0
0.12451041593337792,2819.984545759219,8,102.84338800387724,0.24280103352028432,1,2
0.7965253544615694,879.3137551419433,1,34.13463345853927,0.9118040132326997,1,0
0.4662624664777558,2011.79036708863,5,52.845619021353144,0.6169782685203907,1,1
0.18833614891388728,2885.4125953158455,7,91.64015532733661,0.35624651287035103,1,2
0.2284076317730369,2524.6620142833317,12,118.42532217934,0.4395322323403532,1,2
0.7523298388487525,2492.548739483307,8,39.61345716365239,0.7532324629961498,2,1
0.8278269247890009,506.5860592825695,2,23.422556812750205,0.889968006394746,1,0
0.8014603025091921,794.204458387197,0,18.008798277680587,0.9714357250556221,3,0
0.15399479548300318,3835.499288121061,5,95.81193863011843,0.2884097083053456,2,2
0.24177111320834507,2637.466171815338,7,123.70494493522881,0.5295050620204135,1,2
0.7658895875715059,819.2703073516006,1,40.39390944901378,0.8382267179544496,2,0
0.9654464052533793,1109.4635413242897,1,19.000628246511397,0.8963132749602587,3,0
0.5698323861392038,1809.4191034494763,5,55.99019407300313,0.5425566577820458,3,1
0.9029632236805949,958.7115864333258,1,22.421344443081875,0.906245605746745,2,0
0.47332050280166593,2254.030623729126,2,61.50160992780401,0.53710971761797,3,1
0.7325293589566607,2252.6329683223626,8,72.52630352170762,0.7096176492565422,2,1
0.43508518478399083,3509.7123818009495,10,138.78898434441075,0.43242169634846883,3,2
0.9451313788109654,977.7957458704368,1,22.153318051033125,0.8388666081690124,2,0
0.5900443331145798,1533.4499655174752,5,59.026427849163255,0.7098966970699844,2,1
0.4586739748714103,1660.400261011187,6,54.109844321879365,0.6196446769578182,1,1
0.8037350946476892,996.5375774418426,2,22.471150975412243,0.8261525081538408,3,0
0.788006213282162,719.0771250012468,1,32.65074642796686,0.9795770609075852,2,0
0.5037623145725459,1794.0937479964764,2,66.21728132692778,0.5218335507632014,1,1
0.36295557422542923,3301.447609395901,8,83.71696568963014,0.3568584037434276,1,2
0.49639094952825247,2924.0138061157613,13,113.13391926101991,0.5322278755337505,1,2
0.9448961183916883,718.4487639706159,0,30.189095339793486,0.8116589959145364,2,0
0.3344688240531189,3117.8270220517743,11,125.7530575479839,0.5062766528881663,2,2
0.7214662261339249,2077.708371092052,4,56.29669900953747,0.6279947661713161,1,1
0.9131865269629686,812.6471525523565,3,20.13111077809297,0.813981034389111,2,0
0.4555265842123325,3266.4574579457408,10,102.91812062056442,0.3861656779246856,1,2
0.46086313363210474,1609.5715411438466,6,62.52167680502605,0.7312360747617976,1,1
0.19879512637274682,4265.203622313196,6,95.73239047972547,0.484890532031378,1,2
0.47744337193371345,1268.8269083247565,2,38.95622463428994,0.783038819912139,2,1
0.4676687602785209,3030.584531214824,7,112.13325447253729,0.49973591005014195,3,2
0.756591743624313,873.1441675627392,0,13.59706176389356,0.8117082723926854,2,0
0.31014868247046257,3851.3171777728803,10,69.59659794880588,0.39671082719718875,2,2
0.9541498598678942,1184.4739723397015,0,27.509133786573457,0.9070943043214647,3,0
0.8926524366597074,632.9036861800217,1,21.299004394136993,0.8346217681655039,1,0
0.2668441365862436,2852.857524917264,6,117.57320241265826,0.23815457560636016,1,2
0.28595240014858325,3277.4476932162597,7,83.5632513407732,0.27627230660118,1,2
0.6150872874675625,1951.510273124157,4,71.58796096365256,0.5531931456283128,1,1
0.7631502433238058,1952.743583540581,4,49.89066205222623,0.5994445221202584,1,1
0.7067814682245521,1578.4376098034115,6,80.18210943495828,0.6118128535318687,2,1
0.7517944920001651,1487.5452101369515,5,66.39439921467975,0.6366766526728309,2,1
0.4821952521869042,2200.0,7,116.0218367832046,0.2786558301042179,1,2
0.9543608904346103,999.9370220605867,1,35.25378431217936,0.8738607669804388,1,0
0.5618310224620625,1628.375191216361,4,59.09519134567167,0.6771548893660526,2,1
0.7592519086788732,889.3758693964909,2,30.210665863575592,0.8182025338726985,3,0
0.731959576908114,1437.5407088270258,5,68.57126551074221,0.5533107092830147,2,1
0.6860665601250678,2313.5837036874223,8,48.18664746095901,0.6149886532452724,1,1
0.9750046604620263,968.0102589137781,1,29.605540461699757,0.9588313762579455,1,0
0.17811989436954986,3907.242220629126,14,68.99378828761598,0.2688212722107656,2,2
0.2594814620703262,3192.0090208880893,10,60.0,0.3612662268975265,2,2
0.9823822860619564,963.9303651837954,2,28.771596958182275,0.873235539357074,3,0
0.39932011135455936,3875.2270108142475,8,123.57275892083187,0.4854982020254034,1,2
0.892903172367475,818.5927374146439,1,29.27174480030359,0.8747140632214039,1,0
0.7836036692347436,972.7263765249936,3,22.559348702236665,0.9101869678904102,1,0
0.46062085306108275,2209.825772508395,3,59.27021930981136,0.5645814877719144,1,1
0.5620851088555954,1458.809331178212,8,49.52290320986199,0.7691383506741212,2,1
0.7461218586376936,1377.7563831160548,3,38.3106327588008,0.6095861780839835,3,1
0.5315683997735,1367.4292686671888,4,64.54332172046804,0.5056430729487184,1,1
0.9727857784245177,936.769908950739,3,21.89592056236433,0.9425990659679633,2,0
0.7848734651630105,628.683639075319,0,28.533466705452547,0.8345378083584243,3,0
0.6614942493962783,1513.618805774181,6,50.58751499156118,0.5407754080834939,1,1
0.7946361655135834,1065.2094342883013,1,30.808150455223505,0.9663262086374458,2,0
0.49212998954416076,1539.867271627667,5,39.810147920297034,0.7489458682514727,2,1
0.9871133267405392,858.1372360841277,3,30.316828920964788,0.8620103339256431,1,0
0.3342585308361856,2913.069730957631,13,72.78008550697112,0.4465111906659921,1,2
0.4133982363925398,2721.40243897216,7,79.69134374730729,0.3165099188902183,3,2
0.6028657803449795,1880.7093066128684,3,49.35759463110091,0.7668331918512504,3,1
0.4945432721557038,3331.5939166171,6,73.82134499705225,0.5492465258401124,1,2
0.5781841897223494,1200.0,5,56.42120375274759,0.5611323124536477,3,1
0.7681117219486397,973.746629463504,1,20.956314029419552,0.8710288912990233,2,0
0.9068895200210159,1451.9320077822156,1,19.06757608948109,0.9131741406490528,3,0
0.18674445311840066,3698.9516848381886,10,61.889202246636856,0.46651796417956914,1,2
0.6356081506195682,1228.8452959034564,5,47.06793524925272,0.5090617601033286,2,1
0.8183148817495524,750.6843306919523,2,24.83896259009709,0.9477215690121927,3,0
0.9124909826944413,903.7699245889695,1,31.47231430481809,0.9133354221618424,3,0
0.8116005083097767,758.0840290501654,1,21.911249803002057,0.8512640673649192,2,0
0.7260271457656723,2316.7855131084457,2,43.078601895607505,0.7554342350293946,3,1
0.9065550804078538,542.8267016131778,2,22.153888630663772,0.8882214625028207,3,0
0.6532106336634411,1594.3359108064435,5,41.08743459260867,0.7985219647530275,2,1
0.9459132531852857,847.4218341583464,0,25.921594811524997,0.9221234388338889,1,0
0.7574933974681695,918.6744748553302,3,30.81209134978733,0.8264326704332168,2,0
0.8975576667172718,986.5919650721393,0,22.103900418115902,0.894913843963183,2,0
0.3985763332088367,2813.749301541431,13,66.5823612048923,0.38177028759435616,1,2
0.6392143400405144,2103.212127688317,4,59.214224290729334,0.7221823416631571,2,1
0.8100364046945483,1209.8040302990375,1,17.184535126278778,0.8170975960959163,2,0
0.6871723033356512,2750.933562018595,7,45.61199920180545,0.7200078692271163,1,1
0.4736078112238242,2003.1469147635755,4,40.54695720968759,0.6316287268600741,1,1
0.7600272978531206,815.1527333203912,0,29.108316327330506,0.8465552425947179,2,0
0.9622989128913298,1084.854027907566,3,18.94027478394304,0.9194224981428967,1,0
0.8525992067474154,1183.9206009027275,3,22.034166392281872,0.9015995314976863,3,0
0.7405149046311568,1200.0,7,57.88963164478906,0.7489085194798565,3,1
0.4618056479356226,1629.7580680611054,2,53.98969130753943,0.6090445200236718,2,1
0.9383445463147354,751.0194710387102,2,19.712112026063537,0.9389002591359342,3,0
0.16846574990332253,4463.041476460517,8,126.47823703626986,0.3680311302703715,1,2
0.10123921463127328,3435.9457493350674,12,125.56207007912586,0.2110351011781823,1,2
0.6246275695500103,1485.3419101963334,5,42.21895738985501,0.6572564213810901,1,1
0.8938685444689698,1346.2600292385264,0,20.386350250636465,0.9465293467558573,1,0
0.5684412870293502,1920.898336664165,6,50.36860768124066,0.7864781529285096,1,1
0.14367207155365944,3990.3467681617035,13,80.28127552658398,0.24200371175434357,1,2
0.43016500238104605,2950.919558612097,7,114.76110824146011,0.4125685883662027,1,2
0.7937096568151032,566.280148224361,1,29.238224183503597,0.9125715733784743,2,0
0.4349670435363876,3692.285345819212,14,86.67172578677163,0.3913204750509234,1,2
0.7608531332137047,758.6214864025302,0,24.05739262006295,0.860926491866236,2,0
0.758131544872813,960.2214678383484,1,29.450852448866613,0.8115551874796066,1,0
0.7701503784392811,737.519530212516,1,34.62716756641776,0.9534913937501386,1,0
0.7817651281629712,1153.1415681729402,2,26.7512801566979,0.8392885069136096,2,0
0.8875566355390654,1015.9714570590264,0,21.871983145197085,0.8960697190433745,2,0
0.7147330352605297,1578.6420121171968,5,49.392388277416785,0.6015479944485883,1,1
0.7820114597394431,932.9521682473033,0,24.8020581830365,0.9120668833812842,3,0
0.765366290329706,1313.436130113051,4,60.17513645368042,0.7004935086048247,1,1
0.5627108785846482,1708.4177455192284,9,45.237332174228655,0.5801279036324493,2,1
0.6035073198966907,1812.663955305082,4,61.57483351600177,0.6341522860503283,1,1
0.37757103259504976,2826.9964156520464,9,109.90150357661736,0.2581799554268606,2,2
0.5194525316568611,1603.9224302822963,4,46.888528668282405,0.7652413889864944,2,1
0.7069166724311238,1547.0195670157095,4,38.847912740639835,0.6689595789820036,3,1
0.8873822205809339,1089.5052924245715,2,34.13626779577702,0.9737874182614281,3,0
0.6108965698820452,1618.40943667804,6,60.926592348513914,0.740695454308141,1,1
0.9994835276333344,779.0510670923575,2,29.531457993943434,0.8440013978461992,2,0
0.13586744270564652,2975.9554305365614,8,119.35288915410015,0.36582954372733134,1,2
0.46779691140616,3101.900556596994,13,104.51808490745722,0.47837254871966983,1,2
0.7835038071126602,834.2763048502031,0,15.811956316250996,0.8232087149755671,2,0
0.19034318512227466,3515.3896351260614,12,101.76357605717551,0.3707965225247068,1,2
0.41017815851110584,3991.192014195789,14,76.44907875733384,0.39146767501326163,2,2
0.21879342738198937,3593.4440068888284,8,135.55588326061235,0.160984711581701,1,2
0.5261094330682664,1359.570991993291,2,61.74571387468899,0.7117699433318979,2,1
0.30070676831360155,2494.5134323574157,5,120.42276805626548,0.49077014306556455,1,2
0.9106048195515789,674.6465062180389,0,29.223285566945545,0.8580199961240853,2,0
0.9052288794418692,840.6785081860403,0,26.683824200696122,0.8698121179434525,1,0
0.7644451402490917,946.2891845051145,1,25.890986839767468,0.8542564841237406,1,0
0.6809866061955663,1200.0,2,63.294964106394474,0.6194519668056138,1,1
0.6255539939686503,2327.3046961467508,3,60.48468876048577,0.6732534928391588,1,1
0.19292802407068615,4214.0239248569505,8,126.0689260021161,0.3435308394684171,1,2
0.5912557713408846,2036.9508390598075,5,62.58038016105688,0.7401480639785383,2,1
0.8598779221582276,723.7863326677416,0,31.547793737771606,0.8722385799094203,2,0
0.6778671885636749,1200.0,8,51.9304962732739,0.5582393075167259,1,1
0.45966692265177234,2079.409632915398,6,66.51281854809872,0.5557461126557256,2,1
0.5940408252715433,1927.8192679439985,6,44.410223619433836,0.7049989740674873,3,1
0.6265390128695835,1897.2039797170787,3,56.998603091240895,0.7415442119313249,2,1
0.6094950131122436,1892.589215507659,9,46.15206338776258,0.6767009773371885,2,1
0.6317526897028105,1774.8432146450173,3,56.76134815274786,0.5426392981076164,2,1
0.7679198148620503,2190.546546227826,6,67.37055997214527,0.5933978832259799,1,1
0.2666043512168508,2934.3125966845255,5,99.44648813322063,0.3256673631192728,1,2
0.8794279108461779,1225.1917830724126,2,45.0,0.8129253581801845,2,0
0.3271187987651638,3171.8039717167926,11,120.28993540645777,0.5499365201991687,1,2
0.11733591504370522,3612.011423018421,10,104.41076985290125,0.29636175595750947,2,2
0.37979614983887056,3957.3935493401696,8,117.85525486866274,0.45191623685668936,3,2
0.6525231390103603,2059.182801140352,9,46.44614782186919,0.5223432449567107,1,1
0.9979524878373409,777.1754869983367,2,27.832068588777286,0.9281938367563086,2,0
0.22419118257847576,2295.0599866093894,12,77.43487318596094,0.4646618039437872,1,2
0.9978139984255471,779.4358688432077,1,22.643496289617524,0.8112408840200208,2,0
0.8364837481367408,842.5104961199289,1,19.213322377615203,0.8588960039670073,1,0
0.3884183345204314,3633.3416558677372,6,90.90711639019489,0.28562919724712804,2,2
0.5304266536152836,2102.7353720431865,2,68.69593915476268,0.5587043149224763,3,1
0.67527179447687,2553.370146479061,2,65.20884458270919,0.6132074253695885,2,1
0.12689925027984758,2733.5940967948486,10,83.56220589360761,0.22695480652138098,1,2
0.5804465243237217,2452.8527597511425,8,52.53432678840502,0.587885951327298,3,1
0.33659741086799017,3241.6370204048353,6,89.60827475006732,0.1825878493566285,1,2
0.5615782046476557,1200.0,2,53.05181318916657,0.5077040791577104,3,1
0.8737866317534936,1022.4937588027204,1,21.494229821917113,0.9166702488163179,3,0
0.25714377721345505,2497.578439704505,10,96.56693912145363,0.4586058671679706,1,2
0.9331430243025626,1084.3603003954504,2,21.70485538421906,0.9392545961010369,2,0
0.9680309772360378,727.4448471913759,4,25.521758212223016,0.8500259619384847,1,0
0.7456583837763278,1726.217086422826,3,57.21612075080456,0.794558764962091,1,1
0.765337406777667,1134.551369053489,0,39.843752682500295,0.8295405991272423,2,0
0.6640820492069814,1633.4714193519878,9,80.46980092824506,0.6175079389973711,1,1
0.8261534422933426,734.4819558702561,1,26.79817333330655,0.8468208769427719,2,0
0.976588596273684,942.6587414745877,2,27.446860087706522,0.8167990616485687,2,0
0.8523529130478101,1077.4581674533483,0,16.826830651704082,0.8172203678770783,2,0
0.2917300287014964,3004.850428095977,8,74.4644492723217,0.5325822401876495,1,2
0.782521560032658,1214.6039450429712,2,22.453628675736034,0.8389683021079012,3,0
0.8701267368144572,1149.378343106944,0,28.51322955003097,0.9428780252653557,3,0
0.48531352195945887,1922.622612281924,5,54.24565404576748,0.5535925971756739,1,1
0.774418028501596,917.228776609275,3,26.57947553035949,0.9695428951108992,3,0
0.7577957837653212,984.0188980903682,0,32.888730949114105,0.8834893517269938,3,0
0.680537434619923,2058.7906352581217,3,60.28389598684877,0.5197988009005555,2,1
0.7687844454339522,840.9820171524187,1,24.479666505151,0.8506796952910752,3,0
0.2725934545101517,3390.7134564841454,7,119.88944026549888,0.22247547559511666,1,2
0.49857856693925506,3722.683644154931,6,102.05879614767866,0.4176621049414416,1,2
0.8630497570708588,517.5490049160446,2,30.957264809132127,0.8095084360071446,1,0
0.526714783271532,2403.9317915975744,2,62.14099231148007,0.7733527124285335,3,1
0.8383553448256795,839.8280505718348,1,35.28732488656605,0.8558039323188985,3,0
0.8600381234349004,400.0,0,35.25524292611778,0.9496383328313449,3,0
0.8490431729023138,707.4534869430776,1,27.025675555331112,0.9587577663379033,2,0
0.21340316268259074,3991.2759418584847,9,109.89345531132932,0.48714777145946564,1,2
0.8977232357970605,848.0906644832165,0,12.921996206141916,0.9092460104407772,3,0
0.9683558095204151,673.9861321919284,1,29.429163755549627,0.9199567905468043,3,0
0.46661978966782064,1366.3418588915479,5,54.50667121403164,0.6606477931358798,2,1
0.4807741070291724,1966.0340636435924,6,47.429748537999586,0.5280569888980992,3,1
0.12780356693369754,3897.7551941093166,5,91.26316802720225,0.16803621521852685,1,2
0.38180795745105744,2499.956007816266,9,101.68999547455292,0.5010708180375097,1,2
0.5170855532938655,1712.1599945895007,5,40.25153557669641,0.6363735722562365,2,1
0.34098782877895417,2737.332164318462,10,110.46350905674679,0.4537796523617863,1,2
0.4103795550823338,3184.2715176593238,14,114.01672893505385,0.46818175687847596,1,2
0.8849892825701399,1356.3303673077685,0,31.736988672994766,0.8006319531639171,3,0
0.849230819050399,1195.3868852236549,1,32.021564988208524,0.9355759463445613,1,0
0.7908809681462556,722.1518343543352,1,33.40662439278449,0.8982265428859307,2,0
0.9008719166491137,796.9563212383514,1,34.877385710859436,0.9597660183293945,3,0
0.8145610970747396,903.9233315387979,1,31.855141365268782,0.8986616116967273,3,0
0.18432076117159424,3665.9359358889465,15,95.3573040284662,0.2592650350780712,1,2
0.6205032095597629,1413.1894216433307,3,37.768880115079554,0.5662549449526261,3,1
0.6984730378888265,1619.163012538111,5,52.47176634755541,0.7236241200871928,2,1
0.957554966141748,799.4050458897314,0,18.823823860068174,0.9082647981586174,2,0
0.24940459630185155,3181.3930718131924,13,108.6886948964774,0.15926097344385653,1,2
0.9234871111167751,596.4252506638381,1,22.93203228422789,0.9105256157207571,2,0
0.9320540871529649,875.9237672092803,2,28.71797870897455,0.8811122165194705,2,0
0.9329984854528512,854.7042216196946,1,21.170180551414695,0.9471558348724617,1,0
0.5144139587110554,1744.017190401094,6,55.15006018412355,0.7699846622714183,1,1
0.6884428518833315,1780.6006732859373,8,74.61833399939707,0.5191013999197366,1,1
0.5787126316259207,1497.247724939313,8,59.32122575287327,0.6268246411911845,1,1
0.898846254330011,935.3641744278796,1,30.78507264030055,0.8851570168578875,3,0
0.5279367542193495,2112.216731199546,4,64.42533556066209,0.5158315363613861,1,1
0.6685020251219022,1200.0,4,54.18411730834199,0.7442391093382421,2,1
0.7247986222730584,1340.7828930241994,3,64.42821099487277,0.7490087006618771,1,1
0.8185401666399514,877.8669262885342,0,33.66556028092227,0.8920676184575901,2,0
0.9220336765216355,681.567273456382,1,14.57246532420523,0.9067590719201897,2,0
0.8420773826267121,632.6549122248139,1,19.347267427883146,0.8629376084832028,3,0
0.9064728441092522,450.62213320307893,1,23.50516452256263,0.8481220481885936,2,0
0.3746595392268136,2591.063715725092,8,111.21037729900144,0.51564435175037,2,2
0.9907317188093949,1108.3449328117704,1,31.89416837798976,0.9441247041650116,2,0
0.674252114554111,2168.0533658992726,2,41.581826293445715,0.7347018373214753,1,1
0.6754064663497559,2219.20967781951,3,60.312656706479984,0.5611767659138392,2,1
0.28937067016658446,3449.551507172965,13,111.60306888248519,0.1846301435456285,1,2
0.9737068376069122,709.3342783482575,1,21.530679000274482,0.9601938563744027,3,0
0.9290808470156706,1035.7862580118556,1,36.14486325577438,0.8082674058012362,1,0
0.9691626904570502,1104.706128837069,0,23.456134802891942,0.9748193821929407,3,0
0.6751356583002728,2060.985733215755,3,71.9628764130991,0.7894237674091755,2,1
0.5332320697785627,1409.056891993315,5,64.93680381500255,0.6185762025453667,1,1
0.6756423921766754,1786.2310154254237,4,64.70040916069507,0.7218217312154753,1,1
0.21016255202389844,3309.83856528821,5,132.4290501630407,0.37670976198813133,1,2
0.3498596236073029,2702.3478084753333,13,91.95375317631928,0.5425875946722275,1,2
0.8843489007344807,828.0462708421828,2,38.309601958725196,0.8418670346534931,1,0
0.39374361798793334,2835.187212887742,7,97.50058726237373,0.48965122351414736,1,2
0.6182084928369388,1475.8816383422572,5,61.6750886945141,0.7448355909856089,2,1
0.5697306100555394,1867.4875426266765,5,47.389018427167734,0.6195597475725314,2,1
0.8634473853459098,806.7009241543605,1,35.52295146909849,0.8842108423624487,3,0
0.5651761751390062,2066.0422831694045,2,55.552429721351984,0.57140402356891,1,1
0.42905509880883097,2753.1412736208354,13,87.78494735402145,0.37760340654827496,1,2
0.9499790213432974,873.7054808656665,0,17.416715025555334,0.821465030182664,2,0
0.38748359722567327,2200.0,9,115.53528938496731,0.16634631507403683,1,2
0.9500891269555904,962.636894772996,4,23.146037389777078,0.8134899222857295,2,0
0.9310847042821853,758.4748210355948,1,25.00877712888274,0.9310140562490264,3,0
0.9616130729336295,1234.8984866695075,0,32.945111422873346,0.8024587790183526,3,0
0.63898129245307,1927.3194673547407,3,37.76541035713728,0.5669969716520515,2,1
0.4078206286375591,3349.800546773361,7,112.6282532396399,0.21497478002439313,1,2
0.5307878713237648,1590.6778367229101,8,74.30857342603036,0.5799762229417795,3,1
0.7829321933636405,778.5291133575577,2,18.929312945662996,0.8528261439246226,3,0
0.8668503778124674,1088.2621161534967,1,28.793795258699802,0.9269904789193647,3,0
0.7551461235739506,415.1519479454117,2,34.58743516117845,0.8456991219729924,1,0
0.6268985969279388,1916.1258110983636,3,36.22170170834117,0.7934086918859509,3,1
0.8342239479427767,766.4440887062228,0,28.71939084259739,0.8284830672813585,2,0
0.5768614819122364,1828.6134612625713,4,55.14430701750331,0.6303518592847521,2,1
0.914461326150759,1107.6757702038633,0,13.986779133844564,0.8151024575290757,2,0
0.9835917536922537,544.752953420336,1,24.82996092780124,0.8420111813111132,1,0
0.4606440224753289,2809.2573944073083,9,99.38986667518685,0.15228462127212183,3,2
0.14620960492309779,3074.6514060217078,16,96.51583707316243,0.2508087898896671,2,2
0.46187606345175736,3500.94892281154,5,78.83906996644825,0.4690068180413757,1,2
0.5844537654128275,1605.2303304514278,2,33.158676306248104,0.7409963381071214,1,1
0.1905561613838935,3411.242418616646,12,125.97023719448426,0.3572754974321376,1,2
0.32034519972332365,3698.370750823607,7,116.27545961166535,0.2892289901628692,1,2
0.5936461393934596,2037.4113955969565,2,60.2678292395634,0.6232389605863848,1,1
0.5094896068860642,2094.9073549410855,6,46.62147428509301,0.6997555187295866,3,1
0.8473239035104941,965.5759048318715,0,10.025755697305211,0.8115623446503358,1,0
0.628453516833021,2155.4581834128867,6,56.656274141069126,0.725628153431435,2,1
0.29581067467467226,3246.28052700704,10,101.65038208415966,0.4933429120440834,2,2
0.9377177669478743,545.3935063586237,0,32.2642075188851,0.9310588086261936,2,0
0.7113663386202447,1586.2322825036977,5,61.66804603429014,0.7872393520794996,3,1
0.2869769996330605,2660.4675724824383,12,84.53699545821037,0.23308037475672902,1,2
0.6479564311411656,2116.306474504444,5,41.18339517871739,0.7049956516641587,1,1
0.7658437426181919,1077.37747801946,1,19.752161115111676,0.898865228848021,2,0
0.9403776579293681,1072.4786944765517,0,22.333134800853838,0.9025468337663738,2,0
0.9556501401649146,931.9712783994801,0,21.27559752038466,0.9110391329539511,3,0
0.44509601746313643,3430.122707640441,16,118.13389704916445,0.3645454752741789,1,2
0.7592217368386331,764.4510058950298,0,18.352883082660934,0.9748523327495563,3,0
0.49707318083346397,2912.8814165794906,16,110.63264173163778,0.4810234824013947,1,2
0.6093297731356357,2380.796824600373,5,60.745109271097725,0.5459361957742962,1,1
0.1877433767130322,3207.9743283771872,10,127.96992865606651,0.44733899312300385,1,2
0.9544917560297655,1077.0462965977981,1,26.543426504059134,0.8875566503046929,2,0
0.5910109942673817,1733.2870124842727,4,71.07504859738754,0.5900332392875699,2,1
0.46992072835996895,1476.7872512047165,4,49.096639858962384,0.6411669923055276,2,1
0.5753855212986448,2442.56934007029,9,35.381617161340635,0.7536850300668725,2,1
0.4070036988387268,3541.8339306142793,7,114.3198579516819,0.43433399601909706,3,2
0.7744585401627504,901.2844539621875,0,24.86578682872996,0.9024978829570738,3,0
0.4347836628974675,3135.591988349707,7,75.00410717318243,0.4105927740977746,1,2
0.36478560744564736,3363.973528703884,10,114.72653734824158,0.32668582884803,1,2
0.5652779218720507,2102.4203187649628,2,48.70164474245185,0.6487390624820983,1,1
0.9351921544385511,756.169336151516,1,25.511704412399443,0.8646548124300527,2,0
0.5274455658521326,1953.8480211330789,5,60.057784800628404,0.7685038269879387,2,1
0.8275904897308934,1266.5114086958404,1,23.468451060026823,0.8367331505123252,3,0
0.9462541359592642,951.5951962442361,1,15.757533616297914,0.83231509264886,2,0
0.47269761704022745,1531.150512277384,5,47.10760339386284,0.7377028735443087,1,1
0.9525283486697952,769.9994838353081,1,37.359507450486845,0.9710511290306874,2,0
0.8221576383100639,862.1759218445933,2,25.079081565320138,0.9126061250245555,3,0
0.8858882152784971,599.3839396480364,1,30.324294184846803,0.849351294352064,2,0
0.7538641541322169,836.1892128666764,4,39.55878204764195,0.8753064038237613,3,0
0.7933235800177114,817.8371424090831,1,20.12454530613515,0.8191914691049763,3,0
0.7684491411838497,941.9318830549252,0,16.568308676470664,0.8026694292377075,2,0
0.5821944879155377,1603.267166448135,3,40.73887349249425,0.5202878982913017,2,1
0.7617414916937637,635.5084086512859,2,27.022523756402087,0.8614163730305877,1,0
0.3225903431083228,3654.6469500893504,6,112.50584882300454,0.24670047390950187,1,2
0.9802104706543431,1206.7455419833,2,35.430383164296465,0.8527104120428469,3,0
0.4560977249793653,2854.048448456221,10,96.11164715387233,0.1849730089656842,1,2
0.8621526577386356,817.6353262072686,1,30.27240566828599,0.8167121155755117,2,0
0.296389581998012,3442.384914304752,9,100.68229307354723,0.5005556101696361,1,2
0.4552620765295926,1736.9330836176346,4,61.645020744505395,0.7643385188913832,3,1
0.7761419600836,792.1754593702043,0,20.83259832781738,0.8715417066200648,3,0
0.1988203276607804,2649.9687058794,8,104.22842457080084,0.27072044113577204,1,2
0.8374258074364624,915.71540594383,1,29.655865398436966,0.9726028288721369,2,0
0.9734731457627395,835.8664748885617,1,29.520306759908152,0.8315314754667527,2,0
0.8236122230173964,758.3186466179075,1,24.458756949952985,0.8685996786814909,3,0
0.688234910076548,1494.0637529980645,2,64.89974877340116,0.754514691196597,2,1
0.8395406795082101,685.6285533919689,1,10.0,0.9241714310184735,2,0
0.6122920134206767,1881.0952169224245,4,72.97072969056453,0.5052488904876488,2,1
0.8597837271425546,1247.7799327595158,0,21.63523318456015,0.9753093050431862,2,0
0.859742855176409,1058.6977441104425,2,28.799011619896312,0.8602742511798166,1,0
0.2958664402848228,3332.9394527440522,6,73.77923698914614,0.16782573435496198,1,2
0.5152017116356574,1860.5394327845395,4,44.66940283499704,0.702501041212588,1,1
0.8739689337696928,1046.374140857659,1,25.024251746938965,0.8842551308337764,2,0
0.9208120070724115,727.9229978440997,0,17.05050388346522,0.8541064021005653,3,0
0.14714798550983732,3985.3548714660315,9,109.88894113204185,0.4754482864861276,1,2
0.7958511274633584,1003.1878435408199,1,21.451337082763366,0.8265092855296988,3,0
0.5568987368057512,1752.919705261851,7,47.97024033708995,0.6256177787725677,1,1
0.6428869918744937,1335.8290237227084,4,72.21164983096786,0.5114554858038645,2,1
0.7650765923003211,1448.132782949087,6,64.0135339770345,0.5305642483812908,2,1
0.9671169939744781,742.8027934730035,1,23.75449392914176,0.8493183080850663,3,0
0.6360950711139179,1527.4960739888452,3,45.36025146012982,0.5401773053604788,2,1
0.9635962733423948,918.3504968896746,1,22.137965690071862,0.9574237658092761,3,0
0.6799154881164994,2203.1949480466096,2,81.75357571494801,0.556139854908537,2,1
0.5714840846937757,2041.9144554320346,3,79.45182997086762,0.5820865902146569,2,1
0.7307411259133924,1686.4589780181598,4,35.0593126283941,0.7585787681347449,3,1
0.9210582566280392,685.5721976028786,4,20.69257064254473,0.8954159294445964,3,0
0.8864041973289838,791.4652400531957,1,18.559235531783827,0.8439314211877266,3,0
0.10611692562700381,3639.639904532022,10,94.06003585054896,0.19608627704835646,1,2
0.9811734045696408,1059.98838038841,1,23.211216524404936,0.88918265472253,2,0
0.6904265198389794,1229.1663753476932,2,76.78252067245046,0.7170339476135211,3,1
0.5925559055003019,1930.539268023351,4,65.14578740974268,0.6706985043206873,3,1
0.7614355084531282,948.2643869833562,2,21.94614082965578,0.8181937686269137,2,0
0.757602924189384,1407.3529044781521,6,69.07444892626717,0.6023991565204899,3,1
0.2537038520272278,2619.403798032923,9,137.44649049252723,0.191323467878938,1,2
0.9889128745574384,792.2316287614524,1,14.6425912959276,0.9197728626748858,3,0
0.5912706492862314,1872.1967420457156,5,58.23100687968759,0.7206645461091594,2,1
0.6561640217691311,2197.2662966543917,9,51.76646909440598,0.5945430486633908,1,1
0.6376393904780784,2094.839195387608,9,49.394345393614124,0.6753460476153581,1,1
0.5163907669149951,1808.2862697155936,4,44.43996527189921,0.6218295025007804,1,1
0.908155473283487,1297.412222339888,1,20.03811640249825,0.8107147154369281,3,0
0.2945733834351575,2887.002765086734,13,106.85499948822334,0.1598011071590512,1,2
0.14966728226911707,2824.887907038009,14,111.31232088757397,0.44739124940198616,1,2
0.9683946560266943,737.8284977579324,1,21.922392389328984,0.8570501519544054,3,0
0.168985546740753,2249.5659473949772,6,116.0803132547173,0.2625616622615464,1,2
0.9942935460553293,809.7682283182003,1,26.286573582474684,0.8739398761143723,3,0
0.9756382266698916,769.2467322702361,2,25.209174491974995,0.9566189825019388,3,0
0.6475787025487211,2082.9892654127675,8,86.11745221235392,0.6794194800289326,2,1
0.7929198214620758,822.573870042097,2,32.5306324994985,0.9746103248068525,1,0
0.5935365050959016,1958.7460105926061,4,36.43992798700138,0.5102982055772777,1,1
0.3441853355873904,3561.0569364011476,5,92.83290990029576,0.38563308412583874,1,2
0.12435182975722069,2388.9445972460517,12,81.5397513372918,0.4671527974145925,1,2
0.6818906808296865,1610.9949815004782,7,51.89573257534113,0.7095582688908239,1,1
0.17124306238337422,2849.9648741943743,8,67.1386914617064,0.46223855539962433,1,2
0.7849430941565724,1033.2625001818424,0,24.34602903573171,0.9300971659111454,3,0
0.8365864985914904,817.3069677753448,3,31.438125968821733,0.8916203930366129,3,0
0.9836090067013785,1226.371379817822,0,32.26928954147057,0.9033980763133445,2,0
0.11631713930424709,3341.866684905152,8,81.29307933545988,0.4288470073889541,1,2
0.6157571548689487,1662.4318364424385,5,51.41574641900498,0.7084172382909744,1,1
0.8796976554358416,956.6575743092284,0,32.744233091872786,0.8032181271262673,2,0
0.6642324639300428,1589.7748320350672,4,65.24709306434417,0.5418440419500955,2,1
0.7591708007226494,861.992192999701,2,23.455548356890233,0.9525700473588169,3,0
0.7615006605054382,738.0792960156707,2,23.955155697218537,0.856053016108078,1,0
0.9976262855001683,953.8253882490214,0,25.39562556056792,0.8550810989376099,3,0
0.4638376868705354,3342.913836795168,5,75.21018804744818,0.15176772355957202,1,2
0.14741801642955177,2863.1064943544598,8,101.12479523822908,0.3477600197229823,1,2
0.35540221035810715,2936.916375704336,5,68.08770941937301,0.24561618373835642,1,2
0.9423057869595334,926.2130372431698,2,28.811518389088427,0.8999933600064672,2,0
0.7757809672089832,718.8535398274762,0,35.04363878346861,0.9567458764596113,2,0
0.9400569649724216,1147.1564383644309,0,15.863712941256967,0.8335719822507308,3,0
0.8288225844576526,808.539668982642,2,29.009279526616826,0.9222266897760392,2,0
0.11984957367178697,2902.7068738261523,12,126.93351853672084,0.3622491252909424,1,2
0.5220215280777808,2160.4556691794037,5,61.79962164418109,0.5970751439708458,3,1
0.8279277690223528,904.1587415350816,0,18.24331614532756,0.9129275907983652,3,0
0.8092176397436205,658.1046129162389,1,31.83562839518261,0.8950237690299063,1,0
0.46522794500231757,3353.3912679333516,10,102.8193856399893,0.4323142814430737,1,2
0.7148680391280111,1816.9919906383625,5,52.54448223582213,0.7885057985666768,2,1
0.6581267721430645,2161.829017029925,4,68.63989451361113,0.6878529628077401,1,1
0.1415665741088422,3376.9129676203584,17,112.02820789487481,0.360680668299618,1,2
0.8059544037056557,992.6412584198246,1,30.178364687516282,0.8975773716556974,2,0
0.46355190333638185,2290.903495965074,3,51.3107430269179,0.6461049458525268,1,1
0.4806608482388021,2035.2586537883221,4,56.93382388224773,0.6428016439197392,1,1
0.9859039800418997,843.0249013260658,3,28.926243756361707,0.955922052114606,2,0
0.20545772531132567,2758.2945958984697,9,104.32897018986881,0.19158296279210857,1,2
0.6137576073770838,1839.4697607797737,2,63.7618253687466,0.6078587013132585,1,1
0.49654639778244725,1850.7921165246612,4,67.52723404507259,0.6158210987323586,1,1
0.9019762731983612,963.490652250035,2,30.988698932296725,0.9761222009931712,3,0
0.883827532863148,943.3249950809238,2,16.557708814006325,0.9791094954462645,1,0
0.2664239459181247,3928.742763617629,9,92.75230919708444,0.21107771511757362,1,2
0.46743805244036285,2929.4533579375884,10,106.13092553042799,0.43178377883674046,3,2
0.7530271188087219,831.818424530784,1,26.10903858616228,0.8907518276608477,1,0
0.8685434572718314,1009.2568496007399,2,24.5138569795672,0.9029864380015521,2,0
0.8093122718742001,864.8228375135327,1,22.82438299792183,0.8693074228112742,1,0
0.623640327334604,1673.2998113533235,3,54.62428288676,0.6326115985846719,1,1
0.8656557391848291,943.0793010912575,1,21.452172166726328,0.9460615454744643,2,0
0.9924774630404986,1076.80907927221,2,21.115736376112203,0.9374537447984841,2,0
0.7650668475723902,940.4657592845604,2,20.330911129747,0.907321594371623,3,0
0.5546392998004614,2064.009889075295,4,54.77965819485223,0.556518596981591,1,1
0.3639268685826377,4074.1321150056406,5,103.76554255891429,0.48445368683375045,1,2
0.4406958956661954,3048.4497547278247,10,82.02425561081134,0.19895878141657142,1,2
0.4558046723501331,1852.2429286376544,4,48.75403949363829,0.6553738828123645,2,1
0.46515361851011683,1937.8181848064144,5,68.40635397210156,0.709477958991862,2,1
0.5496761256114823,1900.3898857506567,7,65.42660032106303,0.5655897442498561,3,1
0.4979053480472171,3200.293993648796,5,108.69918372348198,0.5028483886442815,1,2
0.4646174922290075,1913.6239094013272,2,57.89278481482099,0.6127428408264344,1,1
0.7007599723328007,1330.0481173067717,4,54.49796572342912,0.5608362494764491,1,1
0.6158742804253532,1718.5879339537598,7,70.6362715612509,0.7761590445833492,2,1
0.9091026028159451,829.3667414378623,2,13.44127036324271,0.8618175058435088,2,0
0.5050260376465591,1299.2716201975663,8,62.46562223837873,0.6045237985487685,1,1
0.8039187880994293,881.2727622521659,0,23.775345241039346,0.8269346098716068,2,0
0.754146957231964,1023.0734968026106,0,19.49678391921018,0.9549674868641653,1,0
0.9388877846357622,1127.975712225809,1,27.736729952514334,0.8748266440912873,2,0
0.3231779454835879,3778.738563543331,5,116.6598134152694,0.1626066508517994,1,2
0.7728138106318536,1701.1328012258712,3,53.10584132546419,0.7995828770339002,2,1
0.15535785425794524,3326.7898032036005,8,102.99119972768334,0.23857088767370302,1,2
0.14489840301795842,3460.0454925003532,6,98.02186626459294,0.4267090478771296,1,2
0.44677386157831955,3177.685388975092,6,120.32060787209022,0.4972839991896706,2,2
0.38234874270701324,3731.7211445936287,7,114.59652869091323,0.32435111575984765,1,2
0.32766921112293856,3815.6877623646915,9,117.23775351482445,0.48562806954606186,3,2
0.22146631929687532,3039.622637048974,5,84.62803431787954,0.5038568496179235,1,2
0.8471693224223705,1076.6219554294319,1,23.32388034752005,0.9496952072304796,3,0
0.9671557919889027,817.4004355713132,1,22.161270972343864,0.8432581185340695,2,0
0.17412868422047137,3391.3339941060894,6,96.91443387806795,0.18777804748448226,1,2
0.8848728230938343,891.435323737685,1,31.912232189882378,0.9498006404907882,3,0
0.2605461553253061,2541.579457451405,5,122.67591040443341,0.43656737370019494,2,2
0.4843233982502865,1603.1068792334434,7,60.21133792793449,0.7727345825621879,2,1
0.7286300712357814,1613.2115450470098,4,52.848040397407964,0.684670874639584,2,1
0.8714679397965814,1055.0310988069566,0,34.7866905847335,0.9602189852196867,1,0
0.5697904784942454,1222.5296127902861,9,66.00758195931175,0.5547492064528592,2,1
0.8723631900693908,851.7484690762915,0,19.10636047913108,0.9069388348895765,3,0
0.673739345030053,2022.2944828127688,2,55.94669365315771,0.5098871584596294,3,1
0.9239371722461542,1001.0940318333254,2,29.694236621752978,0.8146302388713599,3,0
0.301725748813269,2962.9554063226187,7,76.41093584523313,0.39978504554839783,1,2
0.11070356259709163,2737.028066374137,8,94.35370750996984,0.4077216289680726,3,2
0.6684011273364053,1445.0306754369833,2,62.437073488796315,0.6160984429425734,1,1
0.4424979975783533,2546.555469358677,11,86.19051715617563,0.32560014020990313,1,2
0.7600124369429329,1804.6623568331427,4,46.58988417356484,0.5110737366265797,3,1
0.7310118686262912,2078.365595125993,6,61.43506176479298,0.5397784564185004,2,1
0.7745206451960611,827.7074466612029,1,23.603247997687316,0.9099347290917758,3,0
0.689914110050909,1807.491415890283,4,46.24761579236864,0.6719651352708095,3,1
0.2432764861010336,3640.840729501489,13,106.87725089424531,0.4026018310572763,3,2
0.779224510177091,823.2057456095297,0,23.827348757242696,0.862580913464404,2,0
0.7449836216983232,1858.4908097287416,7,67.76636156893463,0.6961149494996504,1,1
0.9737794351766341,870.2061380465407,1,29.625003766741383,0.8957815748368472,1,0
0.36615250472839656,3338.8263962551127,9,78.13420068986493,0.1884895749645204,3,2
0.7006993492739709,1445.6271104287353,3,46.912268027919175,0.5303343128558282,1,1
0.2703587456542268,3133.6396247897637,6,98.56240303327412,0.3021058132961544,1,2
0.9738808071240501,1527.5497067319989,0,28.084874958436277,0.9472781602466833,2,0
0.8833652729940804,1077.5310851747672,1,20.130678739142414,0.9206333841340174,2,0
0.6129439321529784,1443.124132489236,6,56.66568854486487,0.5355967611508371,1,1
0.7013983219690351,2007.243618660872,7,52.39872224518418,0.7588193937775234,3,1
0.32782509626596656,3408.9340780693733,10,109.81296087480638,0.514500088517196,1,2
0.8568852545896374,1417.9127284037227,0,26.457738112788107,0.9003756308017685,3,0
0.9990834790141855,800.0539647696739,1,36.06355445509172,0.9281387753412721,1,0
0.488185968457151,3165.2743626796537,8,124.56155845924644,0.3460280208592812,1,2
0.6398721213924866,1948.376309064742,4,40.04143019008107,0.5215669592093347,2,1
0.692367601673567,1951.8276917566532,3,61.7448880749398,0.743108861764235,2,1
0.9543055500503039,1090.0615183947152,1,28.480437364465324,0.8798562163886262,1,0
0.42830688845591935,2952.202961706268,18,114.09620034536567,0.39372083042085204,1,2
0.46532810970430133,1862.120245417235,8,55.57217640863403,0.517157691014414,1,1
0.6954830875591443,2133.230719786396,3,70.62151319974504,0.5024740475819408,1,1
0.6470597324794386,2417.6589133546286,2,55.49689920967972,0.5949862049589876,3,1
0.765088020997641,991.6773407102969,3,11.749766865922584,0.8253593217026718,3,0
0.7628696878124973,970.1260198547118,1,17.412489312412568,0.8226984852777337,2,0
0.8981036422155106,940.1138394461885,1,23.877798226751676,0.8177784292517752,1,0
0.35479113642895577,3521.5669623382396,14,151.97089457952669,0.4724075111137528,1,2
0.29581587410092136,3640.862970363909,12,109.22377716482235,0.3440468879765992,1,2
0.7122385109170074,2096.9597597645225,2,48.724719682068454,0.6368947727852614,1,1
0.8769025946711138,1223.4425149937247,1,22.985309548275215,0.8986167459146995,1,0
0.5858823015747046,1556.617887080683,4,53.414860276525026,0.7877642817902781,2,1
0.49768168476893926,3591.4200149058274,9,84.53795280490966,0.15491470558335288,1,2
0.9433682814216502,572.1031674949131,1,27.258129331671345,0.9100349930699696,3,0
0.8101731779581263,1197.8226216656578,1,31.970069387939382,0.8083944620830863,1,0
0.21926522086670955,3642.277502531856,15,96.45786865590792,0.38074580940168534,3,2
0.8776868256443915,895.1608787218167,0,20.270685371702097,0.9332064700971519,1,0
0.9735477186660295,826.1585599105108,0,30.356706269361933,0.8619129104450421,3,0
0.5461886219511025,1912.5912795281047,3,71.33254717191907,0.518968678467709,1,1
0.20366614094773042,2813.254934385739,5,94.22544624370434,0.3327725283805846,1,2
0.7629558842056068,897.5822104307891,2,32.783495201116324,0.9129390213827872,3,0
0.36859810211663635,3409.8546830900764,5,90.62073553808625,0.525545014775911,2,2
0.7069626394150714,1863.9813874595443,2,79.26347384314178,0.5894574334988285,3,1
0.6200342701571504,1378.218791772686,3,30.0,0.7216132872200924,3,1
0.11285005930378911,3696.187070663226,5,113.6809726290728,0.4292224461891845,3,2
0.9048969887244573,852.3779127375892,1,18.659286201100706,0.8191350478363313,2,0
0.6291941283047341,1313.5535268799615,6,61.65965834920164,0.6980910340907368,1,1
0.7777993705765378,900.2410950724449,0,29.897331235343152,0.8310783321975662,3,0
0.5278472860104352,2420.544348233958,3,74.62600356668199,0.7913327368946352,2,1
0.6365151819886579,1649.646424042899,2,53.26551735461929,0.5208867614675802,1,1
0.9730211722350586,1120.7754686632516,3,33.832826968990716,0.8224098016882306,3,0
0.5485657146586643,1948.2455929558523,5,30.0,0.5933297560445743,2,1
0.9225987071573414,949.3009556864009,1,19.397477583159418,0.975973820579085,3,0
0.7966296275999636,812.9027258860314,2,13.410256136938749,0.9462031169495745,3,0
0.7910664494827482,1138.8218806094744,4,20.373190196598234,0.8137915665073367,2,0
0.37104525411858236,3029.4834672405195,10,125.81083323844538,0.24066373085787554,1,2
0.7499939336992272,1839.3318385697632,5,46.73991652901674,0.7067914610723647,2,1
0.6308293729419963,2081.3752478547062,2,46.19759506423757,0.6604345175260659,1,1
0.12614942817852148,2363.420114180849,15,114.72034485166603,0.20464986205790411,1,2
0.7075116217163018,1967.536028655283,7,65.01401873902381,0.6577136606034752,1,1
0.8905742039694775,699.5565962146551,2,23.91408480391407,0.9738126301107666,2,0
0.7822199304776623,606.494946849512,0,22.70648651456875,0.869687970929717,3,0
0.7919048040720794,1204.201245431876,3,29.799563797179502,0.806525881179475,3,0
0.5459903116405924,1494.6539965832167,5,63.598565832813556,0.6637756071125094,2,1
0.6226619465892065,1423.4469260788617,4,60.72284110701862,0.5064237186814478,1,1
0.991455540288305,1027.7320337286205,0,31.877091418296637,0.8007382610774301,1,0
0.5747360783492874,1887.9851136001307,6,59.24676672003738,0.5858770917079376,2,1
0.1954423551136345,4428.5466875738575,7,99.42929677650055,0.23522322156810582,1,2
0.6659923487736108,1479.4658685385664,3,52.00782759407835,0.6814146824461917,3,1
0.7805095587111948,987.3119608315336,2,36.63419620478788,0.8657082248257004,3,0
0.8982377128587319,808.8920947952258,2,26.561031342018723,0.9371014829709531,3,0
0.617830714216676,2026.7317401827884,3,66.38483529313277,0.7654102908784117,3,1
0.6239841680281306,2479.72730355782,6,60.45759346808564,0.7705424412327122,2,1
0.6757135097448626,2293.9539030858737,6,53.559185676800055,0.7597889194528971,1,1
0.5759041392379027,1999.545480931246,7,54.789022616341185,0.5283079724781918,2,1
0.9267143359619043,810.5356208682498,2,30.222695018447844,0.9564812194233239,2,0
0.263136924539833,3886.3036517024393,13,103.21777908981598,0.4107619843131485,1,2
0.48008544295781075,3201.0651362658273,12,84.62009764484965,0.5265569398016642,2,2
0.46170496316274995,1219.7234521976643,3,42.137517748320235,0.584618503496358,1,1
0.7497872478778325,1472.2121245407914,2,79.82906734029243,0.5459960535893649,1,1
0.7197672249706238,1933.5430515612413,5,47.066897806049774,0.7328299789069948,3,1
0.9966598946252938,1041.6607694402128,1,23.780100797021625,0.8611486178904952,2,0
0.46372113244646185,2979.7253460538486,6,80.77689929474762,0.26489905211472725,1,2
0.7132077853316302,1826.5631211440323,5,39.6391251118377,0.7767938724148754,2,1
0.5010088099866733,2147.791386705223,3,45.06374440232349,0.6548478940149218,1,1
0.5544574513405365,2069.060559114068,3,46.4551148073715,0.5645683657630518,2,1
0.9840530615609224,944.1082854027734,2,21.113096192631463,0.9151310118377711,2,0
0.9754404980338559,1014.8142441788002,2,12.73266248237431,0.8712205845373369,1,0
0.3926330847435341,3132.4559794789884,8,119.74163331922985,0.45542117668731474,1,2
0.45402189183387504,1799.7005401504869,3,54.50029098158583,0.6887544363731257,2,1
0.9272651298627291,756.4162218504796,2,31.21439480183765,0.8768965449107302,2,0
0.820193090610214,963.8349020838361,1,21.595817166357364,0.8493297573373186,2,0
0.6234114459690748,2286.2497951827595,2,41.075496992661535,0.519112691251494,2,1
0.8985326788380338,917.7315181922875,2,20.8647757174898,0.9361397215664287,2,0
0.6274643566722211,2034.3532007181068,3,58.465514262240326,0.6581576213263336,2,1
0.5020477046374724,2222.130060589915,7,56.89331924015933,0.5759729866373537,1,1
0.5103153878789538,2083.407512428178,3,38.38396728357071,0.5724204410321849,1,1
0.5481794566875466,1572.4397047698446,3,45.11681985796875,0.5628637212805517,2,1
0.9693001352032771,849.6922227911009,0,23.101986731559613,0.862819088354344,3,0
0.31905391284184575,3309.763068751416,11,101.36340710960874,0.4714463712035849,2,2
0.44087103658465543,3432.421483877776,11,98.7932144913178,0.3379632117608061,1,2
0.5129230624290813,2091.656068669104,3,44.58697522375085,0.7880306914701571,2,1
0.4676139130784961,2396.416267937671,3,62.75738772685377,0.720987060298149,2,1
0.6389465997862374,1936.8875354843149,6,66.0730506202579,0.6953762557729214,2,1
0.7091472400184822,1746.9212147880287,5,38.330776240970295,0.752214637612533,1,1
0.7954700210997863,855.359549073039,1,36.57306378413054,0.9650639081385002,2,0
0.8853240838252676,797.3607270973208,1,20.51073811022515,0.9228962464520336,3,0
0.7827184151795874,821.5057787878254,2,22.058928951177997,0.8321359228171487,2,0
0.3319572969501997,2514.050790049906,5,90.36979924440705,0.38396761185793704,3,2
0.4905106863886509,3899.738666576154,9,79.13417588676924,0.4585701151296492,3,2
0.259763599898449,3022.4451729743396,9,91.21808319401049,0.34516207222910805,1,2
0.774794524896804,928.1965399224121,1,43.897888066807255,0.8570732784853505,2,0
0.5863931452623664,1804.840569903294,8,65.78517602487597,0.5643687259101378,2,1
0.1584597221925837,2641.3133365144995,9,96.34854128410367,0.162597536030215,1,2
0.4777053820133975,1963.665697980486,6,59.84861369374367,0.5998072043993633,2,1
0.8553561376481245,783.9893517259914,2,22.05685808481056,0.8020578818009968,2,0
0.2529445291858271,4236.005641629557,6,123.91810018409066,0.32559365224612247,1,2
0.874722038362839,715.106802374089,1,37.06161027901932,0.8802529341557692,1,0
0.8814225455756715,1071.9175773959605,1,39.436734148019625,0.8014948714021994,3,0
0.3942025408609374,3227.0233721448335,12,115.41307433135005,0.3594374510080651,2,2
0.4774539133609974,2743.4210483141796,2,54.016064552340126,0.7446133608748322,3,1
0.8030112099770567,1014.4780622351351,1,20.615699319408108,0.8508726090712688,2,0
0.41433321002056533,2541.5094956017524,8,119.48845478331422,0.5335364909099723,2,2
0.7739832258953288,2286.667817021627,4,55.207441165194574,0.623725431364662,2,1
0.3630542491467398,2733.1106933039864,5,104.10288881427283,0.36390216527129204,1,2
0.8305884612436807,400.0,2,12.68275347790459,0.8440113495219965,2,0
0.2527143121043752,3416.0367302353898,14,95.35213930018365,0.5026967533818592,1,2
0.7762131402175542,2106.19638949188,6,49.026798108003405,0.5447119765986231,2,1
0.9748936433186421,1180.319718589286,0,30.41519776045195,0.9104102770514488,1,0
0.6665333961268095,1591.697577606743,2,39.28312597613265,0.5331937544280041,2,1
0.7692645697835828,857.3086441299124,1,19.916384338787235,0.918643384272169,2,0
0.3375937135250011,2849.979512278658,8,94.05570246929608,0.38947465506724854,1,2
0.6719471743812256,2053.8060466911907,3,60.501758325732204,0.7340062268830979,1,1
0.26004919706818685,3040.180224745618,6,117.00671105960882,0.4284912256573433,3,2
0.9665159723751021,783.4482684776835,0,32.08937882129255,0.9245273455025091,3,0
0.9058245317068895,1105.9921635162323,2,32.5149743749,0.8240118623319481,2,0
0.40999531547910106,2941.111812185271,13,142.65190227923893,0.44988043182934434,1,2
0.8348625481357015,793.7571410784803,3,18.208399194434,0.9465171154231955,3,0
0.3133762731415744,3223.6532350120874,8,79.82862586783153,0.38676452252044535,1,2
0.8880117952129951,747.3427791642837,4,16.505373921665058,0.8689249533193594,3,0
0.6718433250244904,1935.2109387854703,6,47.13698452467412,0.5712804601601553,2,1
0.6010456369944167,2106.461725787671,5,34.05159276495844,0.7647204003379549,2,1
0.13165695837320773,2365.8443229073296,8,72.72216443252722,0.539344821073675,1,2
0.598704945816991,1535.9468365686837,3,66.54235396781309,0.7504022365041091,1,1
0.6318011711828023,1626.197016191029,5,80.98098660921525,0.542662578444418,1,1
0.3351068780911529,3186.2228448722617,6,108.13727854429388,0.259358460765133,1,2
0.9493238414448883,681.6598247721372,0,25.413361700337127,0.8277153832098232,1,0
0.8119327473752893,1223.1165647096464,0,23.314440254753357,0.8371063088504296,1,0
0.4575641191393802,1593.991755403204,6,66.6306735903139,0.5160959926219484,1,1
0.5263740880529302,2009.07616790655,7,51.19466463098739,0.6262915581177626,1,1
0.9574354509268004,1062.6410373495955,0,23.558195169110512,0.96417160151775,2,0
0.833374792922786,1123.4797631804922,1,32.249614549528324,0.9046410590478138,3,0
0.13062544586596095,3074.2937901936275,9,140.47759234971022,0.2054705352620408,1,2
0.8449231020418168,1048.5364836719446,0,22.211059869237392,0.8461553065235757,3,0
0.5268172958643681,1611.845580684214,9,38.9264562529868,0.6095042521577617,1,1
0.7783683803101473,839.364043433145,1,22.732870667290637,0.8007072778559993,2,0
0.772572442513602,966.3960661138029,1,24.73644920226927,0.9715719568873651,1,0
0.7753552071123041,1263.6123845115649,0,25.27887201522873,0.9415357194878504,1,0
0.8896010624339512,838.4076940721919,1,28.571366631005212,0.9059640153804829,3,0
0.5898731050758597,1295.9576048222057,3,39.79003700908592,0.6503548541735493,2,1
0.21271464816827157,2954.917174897996,5,74.09917173176551,0.2997459909881409,2,2
0.31822999286593096,4082.5423338424903,15,89.99991341208982,0.5339470421637356,1,2
0.9737041640151319,1036.2719020885895,1,18.97294701440306,0.8271427068498233,1,0
0.5850831780635517,1978.4388135625616,2,58.040753841870696,0.680583848771829,2,1
0.8061101429591652,710.3303991551599,2,14.692256117681158,0.9180069112240711,3,0
0.4245344895441353,3281.922903987407,5,67.0906422232579,0.3599790200683579,1,2
0.3589691595834531,3348.40422381777,11,95.88083921290266,0.46549966668941434,1,2
0.6219307170729578,1654.9088599992747,5,55.688674176247034,0.7781944877225369,2,1
0.8376567328022952,868.1909579199897,1,25.145441455752863,0.9049164850145677,1,0
0.2107907463847404,2335.7563974191157,11,110.94534032624745,0.44282943709331135,2,2
0.23666321079487235,3243.0976388732493,11,98.31197791243817,0.3005506478890354,1,2
0.6353985805116419,2081.5289854782777,5,49.508933136885986,0.7802573809239872,2,1
0.47106325301295804,2477.927640888769,8,122.3930203397187,0.5474002629419191,1,2
0.14805697534223805,3058.9240074823524,10,91.34139053169018,0.33556498478419866,1,2
0.5304439327173001,1562.6860478972992,7,58.764602248303966,0.7802418314249434,3,1
0.6690573347325933,2243.2494631694126,2,60.026718509809086,0.709289677788577,2,1
0.25634067225300383,3574.832409701061,6,69.36193734756868,0.21868949358468748,1,2
0.7403230895101566,1814.2864982363024,6,52.24437524797004,0.6250371535228177,2,1
0.902930186558588,738.8259867007623,1,39.557156888098405,0.9241215939893537,3,0
0.7875422502042604,694.7261584668215,0,25.987015540261034,0.9321593011151964,3,0
0.7495182146004533,1534.8032495195878,5,41.75391488779462,0.5561096690017469,2,1
0.7225713109625507,1836.7027615775146,3,69.00953427653644,0.7244623465183624,2,1
0.5461299268726997,1974.4855672544852,5,56.70403726283792,0.5016868658814088,3,1
0.9604996382225154,765.0131962418895,4,29.397205494734195,0.9263664203267856,3,0
0.22779021835889407,3637.762874871173,9,112.80388290972684,0.538148400555931,1,2
0.7563376858538644,1160.8680485756304,4,37.630968285834506,0.966891470792478,2,0
0.7852142550949499,906.5593990823173,0,26.162587471868925,0.9228462319226352,1,0
0.5240785654068003,2372.443962422114,4,59.06825189591591,0.6481645116137751,3,1
0.23632880887453808,3218.372619833632,11,116.30365217575553,0.34918759553379386,1,2
0.6686244912592305,2083.47655529087,4,36.48259774226621,0.6993922136305512,1,1
0.7561467291147004,869.832457686661,3,26.921528687728923,0.8375349572538539,3,0
0.1284246699293949,3375.8855035777015,8,111.66021518540579,0.17593737185957928,3,2
0.504058508986124,1911.762660125528,2,61.566153771443624,0.5446045285467381,1,1
0.3642851724192815,3290.0650499487488,11,103.60056011760386,0.5185494528474807,2,2
0.651009805330388,1591.7154406332595,3,55.046391217985196,0.7063948712022652,2,1
0.645516633695993,2220.2477129142903,2,33.391083326686264,0.749304620916039,1,1
0.4877172447769866,2258.808954341044,4,35.979286780791526,0.6451075865442681,3,1
0.7513074033857282,787.878472630538,0,34.2518340870318,0.958231160819405,3,0
0.7800522638426521,703.5411931490642,1,24.217832314123907,0.8612196085705164,3,0
0.9305631420982665,1069.8204221486287,0,25.899202548326667,0.898502737018271,3,0
0.9806248452943239,1023.4011899153395,1,34.799377099119646,0.813082788051346,2,0
0.46181706715785115,1765.4822634830448,7,54.259934795837566,0.5918563925230581,2,1
0.49334104588089056,3827.231841795836,6,125.89140465579703,0.3185590727941029,1,2
0.8994749947027713,924.5340631989591,1,31.679633876436355,0.9414440837338354,2,0
0.6425647511257514,2576.3563169054787,2,34.61788097204821,0.691557467871265,1,1
0.553675246221348,1947.9140506599442,4,30.0,0.5857811866731205,1,1
0.9239045366242017,910.4516980994966,0,20.897885709825488,0.9140819155181004,1,0
0.7243795673009672,1953.34780024951,3,53.311711973387084,0.7795070193302002,1,1
0.3433377782517859,3743.0823313445267,12,76.17769690891652,0.3237386031003092,1,2
0.7842214075172018,1058.0743792103422,2,26.80449410308477,0.9774140516157868,1,0
0.858124469582533,1111.62366501743,0,32.64223208686714,0.861728320850607,3,0
0.45952539702115014,1360.8779302556452,4,56.93176672452786,0.7315877928982286,3,1
0.6623991500794748,2280.3294408277056,6,65.19827802085388,0.6406168546823698,2,1
0.9628017285121921,1051.3577359973965,4,24.778666281586574,0.9515978144378467,3,0
0.8587068346509366,910.9868221999698,2,29.32766877549429,0.8666006373035057,3,0
0.5840880661054194,1931.001328545796,9,66.51659413397363,0.6446164706014927,1,1
0.908275364318317,947.6737965469571,0,14.360755553265719,0.9223706167563896,3,0
0.5017551209657998,1799.3808419992654,6,63.88777790562921,0.7058235535571662,3,1
0.6500210483313826,1849.0207571406868,4,84.81694054835117,0.7980307854084789,2,1
0.8342507941078215,917.0418899267802,1,20.271870287346065,0.8866440497794135,3,0
0.4864462318905799,2305.4501622495036,4,30.013851067259857,0.5236434347643685,2,1
0.8355204371789768,987.9002461240452,0,38.208344273727604,0.9212104842408495,1,0
0.4385229930863117,3307.0189723606463,8,83.53781902332865,0.5327302239697617,1,2
0.5091392503551385,1935.8076318545207,8,61.86615260469576,0.6549556060473359,1,1
0.6163513878430891,2306.47460560715,2,30.0,0.6119186440575317,1,1
0.5829899204876887,1888.4297209946235,4,74.5584298570129,0.7097605787737833,1,1
0.7589855684491855,921.7119411553047,2,26.72950946721596,0.860607020401556,1,0
0.27861029706489476,3296.8981795658087,9,124.98087304569779,0.4991097838579681,1,2
0.8377287531380196,705.6686530917428,0,28.373434358549595,0.8291010203996682,1,0
0.4482568149659858,3415.2639347304353,6,142.95255637562963,0.3519408224508654,1,2
0.7000779705243982,1716.4193394272982,5,42.776028440693096,0.583324995983086,1,1
0.628916070447086,2058.833680281503,5,54.49607378525678,0.7714242974523162,1,1
0.7232813133127773,1422.3414392562354,6,71.57614321853448,0.7948967629174954,1,1
0.631242632962665,2260.907943463969,8,44.55257034938056,0.544522716125889,1,1
0.7666240668416944,682.5508122274395,1,17.015144428828002,0.8534744989780397,2,0
0.9162591686365639,777.5526530984499,0,23.20176643883288,0.8339024371921011,2,0
0.4304045401998484,2996.396180741407,6,99.10708917336375,0.15479905898727275,1,2
0.1706308806259938,3541.457072286962,7,130.31064793507343,0.4978533068876594,1,2
0.7208064457121742,1576.0655762828458,4,61.98767258203438,0.5536320163843911,1,1
0.95477557941855,648.2990178649331,0,24.980353725665058,0.9641157797602659,3,0
0.6568927922297791,2254.213799125535,4,52.992346937992245,0.6457159380601275,3,1
0.8869898722434233,989.8947825664613,0,12.402570144518146,0.8202090964992038,3,0
0.22339668679406094,3600.5511348154087,14,60.576939616527014,0.26836283602728744,1,2
0.8885885131278501,563.31236155581,0,30.237597205452747,0.8211431731033492,1,0
0.6386551676127594,1922.108640956285,4,43.29814301156633,0.6696421866019917,2,1
0.8145333581752818,1194.5341351501963,2,23.674598494473358,0.8538315757295918,1,0
0.923040335423533,1134.0397418393209,2,28.301601182925598,0.8312550762725742,1,0
0.903352847302677,693.4952192944921,2,25.75885405293025,0.9224384067680602,3,0
0.517453245672627,2415.6516163045108,7,46.96748070140481,0.5899861760581956,2,1
0.8683679426951414,878.0780392148338,1,19.31542572963594,0.8346553847788651,3,0
0.71216559630406,2016.6845908541666,5,52.61042826977773,0.5544319500293984,2,1
0.8756697558072154,935.9163563879196,1,23.707563232174042,0.9622203241360021,2,0
0.9423732332979842,921.1788906230469,3,23.600296101056383,0.9724074782863866,3,0
0.4705404296323977,1464.8795996143904,2,55.61889509143198,0.6819244795937235,1,1
0.9395596189260228,1010.6502439969568,0,27.395616445685054,0.8604644921192042,2,0
0.8755487525828106,755.6524893325493,1,13.16191000009096,0.8381825717699493,3,0
0.9297614762960613,854.0400738849612,1,25.894238203749985,0.9538866181719928,2,0
0.1501661009087319,3419.2820377978815,6,60.0,0.48170759751399883,1,2
0.8068174068157878,1042.9219581273237,1,16.61509232301734,0.9199349581630926,3,0
0.17834520193020642,3009.0929833154723,17,130.92217887211308,0.5492129100878362,1,2
0.4867014697507311,1469.7884474569778,5,46.40708917609339,0.5692057530384346,2,1
0.6057395164236314,2034.319874311151,4,50.880620868448375,0.5079973174799083,3,1
0.996628812198245,809.5819334333839,1,22.95692773173294,0.8712843823344223,1,0
0.968236458969102,726.3414536247267,3,19.335234661225478,0.881240485893072,3,0
0.9571843772879823,863.9040172818749,3,22.50973239737419,0.874631611231366,2,0
0.8945700352490435,671.2547585358676,0,26.910237637088,0.803809486516767,3,0
0.6323694120036341,1450.6647689175638,9,69.57562328876384,0.6604570608993838,3,1
0.3236605939757021,2200.0,5,103.71336415118313,0.39972364183683917,2,2
0.891255498214754,1169.2451512405496,0,21.838623967977345,0.9046133616917804,3,0
0.5166878239425549,1721.9345603455363,4,41.84525080895803,0.6680012483765747,2,1
0.3048387829820536,4158.871537910132,9,110.43921893511833,0.27275257118929636,1,2
0.8309025547873853,809.6681047680754,1,32.652240443579245,0.9706250742082094,2,0
0.9413782247477774,1075.8834082274807,2,34.807310152461795,0.9020896183332567,3,0
0.864017496054259,576.9736368188981,0,20.475745049994714,0.8717554403353491,3,0
0.10689013094717043,2648.6929121060557,5,92.50562027509564,0.3681505983254432,2,2
0.3939469867876533,2730.077369397909,6,96.23878624252575,0.2382188295625908,1,2
0.1313344884989086,3234.209840394053,7,123.71238632678315,0.28668892255972767,1,2
0.8121222849536165,1033.1848504108923,1,28.29657704461458,0.8026838475478655,2,0
0.7890381493415476,887.5617966001378,0,38.86755402965727,0.9767108991286986,2,0
0.15081035885485616,3615.2761857404635,9,102.16223949120328,0.40015592549489376,1,2
0.7794377707225353,897.2324507811526,1,26.83000327125837,0.9057260203023475,2,0
0.7683462336274578,1547.7253211165041,4,43.71154573263066,0.6955533855368807,1,1
0.45248856059627957,2033.7235462086653,4,61.02241524203071,0.5358101209746203,2,1
0.778931653045515,1796.780992582176,4,58.57439206976869,0.5739941709004484,3,1
0.24862074681746102,3269.482099264885,6,94.71233280300554,0.4798845453954662,3,2
0.34909009869012425,3393.175156713699,5,139.58589575764395,0.17943913840620018,3,2
0.3969038195350231,3364.8889291443197,14,130.97331686389444,0.1920334976769391,3,2
0.3750836754565329,3157.623974770347,5,88.25114396598241,0.48509896967859556,2,2
0.9508702325962122,993.5386343530866,2,26.052316747239683,0.8015029527524786,2,0
0.3477729000124952,2261.087695693447,6,99.52280341199646,0.26123611887266207,1,2
0.4760106088124221,3472.911585866652,13,92.67630183575571,0.19715449365969467,1,2
0.16895737768546262,3586.080890826117,13,118.46332342642005,0.3296016238430035,2,2
0.9624118476693528,809.3503181953973,3,29.961660762791176,0.8415692646597321,1,0
0.5506860327699872,2524.5885797035185,5,36.231376079433105,0.6590246402361735,2,1
0.31570698608879166,3537.468166136865,8,79.16134662443298,0.4462097016247625,1,2
0.28740726536203,2959.441686285243,12,94.74628431990712,0.21409691207048864,1,2
0.7545976691368667,905.077684108482,0,27.676075064371226,0.9744829305955686,1,0
0.5060407141455924,2087.915379490777,2,51.158416454665236,0.575770918716178,1,1
0.4869816482869107,4144.389891882486,12,110.8000589784811,0.335251674002673,1,2
0.7071376878638316,2090.396445280799,3,59.656314376108895,0.7102164701930579,1,1
0.4525402749750552,1834.5463889453683,5,63.073142090808005,0.6988243066887845,2,1
0.7710349912487622,533.8734206287086,2,23.566409071257272,0.8745560997748358,3,0
0.59411844419137,1449.7544971271577,2,66.89119418925935,0.7046535578199021,1,1
0.8071136853328247,400.0,1,26.836787134029972,0.9338781225272379,3,0
0.7125901459400467,1585.66217534754,5,51.10517602485437,0.7058287974750437,3,1
0.6348635428972971,1433.4324369821975,4,55.87230906011052,0.772528668578409,3,1
0.5796693106591762,1845.7362149624166,2,64.5290984699975,0.6674289724671949,1,1
0.36951099340799887,3652.0839573073126,12,87.52605478775479,0.16290772355392583,1,2
0.9797316334098887,1036.4138980125263,2,22.591049910355068,0.9732100508274434,1,0
0.4286728623687608,3451.3359828318303,9,119.66641987894366,0.37507459521332065,1,2
0.47885855164590874,1472.7765714964046,5,55.52594977222369,0.6949469732934478,2,1
0.5828102088320599,1433.147395076952,2,48.73874889291014,0.636195859367047,2,1
0.9426018544519483,748.3435862224819,2,23.506913686053824,0.9586640176783201,3,0
0.938817605124202,523.3699583882833,1,23.281703978959676,0.854888234785579,3,0
0.7232758080585415,1754.4351840312406,2,42.094291458839706,0.5452590156459688,1,1
0.5529903322493371,1725.4183593232185,4,54.2732877924944,0.7087169090654476,1,1
0.578737360433198,1755.8641542046448,2,52.09152006251113,0.5651001440706623,2,1
0.8780554802031686,707.058914849857,2,13.962609713067382,0.8754560013087322,2,0
0.1507202171415496,3264.3045180809427,5,105.67248577300892,0.47447516678872403,1,2
0.6062068791798244,1200.0,7,50.02559271158135,0.7969047484790265,2,1
0.5137678771900062,1805.776559358895,2,50.96073315960276,0.5088361126777576,1,1
0.7660266365482702,1565.8000372664333,4,58.58697530234263,0.5127712363409718,3,1
0.6883643385070048,2111.164620107028,9,57.971061793246676,0.6130444583817242,1,1
0.7721756334392639,776.7277183921045,3,30.94988301048742,0.9394498920696814,1,0
0.5340898158026459,1419.0759421244484,6,64.06435139042166,0.6022987168266928,2,1
0.3595357296009788,3541.3191910461965,7,79.38594698286731,0.29744921055343715,1,2
0.9545036914806233,1099.6621796295922,1,15.68030048483812,0.9076827967733414,3,0
0.3711843010461652,4090.6915717145025,6,102.2909140158865,0.1785047857032437,2,2
0.7416728969879867,1824.1491464068695,5,35.812871608694685,0.5043405608219435,1,1
0.5987057268081414,1356.647754253949,6,62.554437714282365,0.7906891829121334,3,1
0.7416875989368359,2312.63354060863,9,50.48330794274199,0.6358438251234493,1,1
0.836738300474057,952.0561013165773,0,26.311668919208234,0.9784875995953973,2,0
0.9817502419810739,1042.4644319160325,1,27.485305509705007,0.8988089621333615,1,0
0.9320471890509008,1095.1633438689419,0,25.35947942254757,0.9513600158080673,3,0
0.6571161513046075,1804.3223914950008,7,55.41611109765724,0.5216037975377907,1,1
0.2770504879765291,2789.9259456816794,11,106.20968759056122,0.2499757396519609,1,2
0.5146378210761153,2126.1055178397974,2,55.52785229960737,0.6003235491872098,2,1
0.21813014002714226,2889.417999003327,9,102.305891082251,0.34513092314048543,2,2
0.5351544850321162,2144.657140012922,3,63.72896023021679,0.6702859463696809,2,1
0.8645632226228792,539.7884531694522,1,24.195608502181745,0.8077009882845082,3,0
0.617063072384118,1882.7704311513035,9,61.81662587574375,0.7428530553220634,3,1
0.9039625245130541,1219.7294341009433,2,31.43512428506363,0.9278261067673705,2,0
0.9674740905155321,792.8397073895404,2,29.925537274658254,0.9223114440925799,2,0
0.5753701497919597,1879.282539084584,5,49.90582306586496,0.6587356043158938,1,1
0.3395132475909014,2650.6574287951908,15,131.88742376328906,0.5074435543404933,1,2
0.4238578160788463,2971.0697584093327,5,88.73011755710522,0.2209102071627696,1,2
0.6946603408523174,1912.5305811796447,3,65.5386232796222,0.5517516671585689,1,1
0.36110589194875087,3419.241137492776,8,124.06121018891166,0.17109359341563285,1,2
0.6771750810303835,1342.5550893024256,4,51.42460980560245,0.649333973591316,2,1
0.9529424470225344,736.756551091607,2,20.50527354423385,0.8648680618801825,2,0
0.902863558858662,1119.4305423507392,0,29.956659020163222,0.8872600508162805,1,0
0.23666751262819605,3496.8197321878156,6,110.15263740864417,0.23752306040273502,2,2
0.45807335191044807,1317.3792079489335,3,63.47903570507759,0.7496197926446271,2,1
0.9427417949886403,862.5711469990903,2,31.277543280623032,0.949201480155658,3,0
0.11498250696005408,3171.908846311668,12,109.27990262414103,0.3527718242516188,1,2
0.5199464997851313,1716.5440164976533,2,58.9396105885611,0.5886029663516849,3,1
0.6694658770862448,2001.5288495118264,5,63.71943056863876,0.535682398056151,3,1
0.15790700109622474,3586.723800191287,9,93.06902124580458,0.4972865235892703,1,2
0.26863360231625444,2385.763071236273,7,86.12410357929544,0.2645015802309026,3,2
0.4657120848810711,2175.265043100594,5,48.6524321542193,0.6884513437857642,1,1
0.5992636776719475,2043.9489860231022,9,45.38271515021134,0.7085472531469412,1,1
0.7497662406325172,1627.7448488227872,6,36.38368934924107,0.7435271796131635,1,1
0.9843470166242797,941.5605014706626,1,26.429529000234083,0.9311901464820146,1,0
0.865134874318535,1309.3724391439116,0,26.8487647860168,0.8266908568212649,2,0
0.6017414022000291,2023.7444816172283,2,49.093506508383456,0.5645988215010406,1,1
0.7416465612088337,1626.6438650888047,2,59.19917007981231,0.6036676258632334,2,1
0.4733996143695078,1537.6881378158832,2,57.469377253269094,0.694068775067831,1,1
0.9001292151084134,833.7383233633354,1,29.560648184888144,0.8190036155995034,3,0
0.7090141602390706,1723.4693999618821,5,43.4597006196898,0.677345687889527,3,1
0.9721870199672443,952.0884526667112,0,27.11803708327897,0.9768468771909993,2,0
0.7445006385868931,1573.5934342754072,7,55.02961195086446,0.7681493679950788,1,1
0.4605077757008723,1526.858502801321,6,66.834784882316,0.6871649465372134,1,1
0.93809363235942,400.0,1,23.279167543998767,0.979066345274679,3,0
0.9736380567235229,960.7637191209751,1,23.008033246719542,0.9725643177041159,1,0
0.9213913218072428,883.8800501406479,2,17.073305999037927,0.9343554619119389,3,0
0.8884635711003301,801.6727628735905,0,25.97429911079828,0.9456385790281483,2,0
0.5562971566698156,1529.5519689541566,2,45.67174750430843,0.6262011424548214,2,1
0.7555308878822493,885.2104868783215,2,23.463049340671322,0.9377114176458015,1,0
0.5605910080097541,1357.2433750902878,5,45.86913063976208,0.5091839839691237,3,1
0.45175320308609734,3601.0149676354786,6,123.92693776327441,0.3352002114516661,1,2
0.7560479409728388,706.8670392953584,0,23.36187269550443,0.9304336406418908,3,0
0.5927778355379365,1635.997101657389,9,46.23586624334657,0.5642120472331282,3,1
0.2510184218436509,2782.3764689061513,5,89.66161027286049,0.46350062771673994,1,2
0.5438334902405318,2528.242378650604,5,50.64717078173286,0.6432102061539776,1,1
0.6530838735511644,1952.0268714438482,2,63.34439782451829,0.6537078550925259,3,1
0.7672395040891054,892.8348842587075,0,33.548312981902285,0.9319768648915358,1,0
0.35413985589438324,3473.948115901659,10,60.0,0.22620548916034006,3,2
0.5796265465943378,1659.6078928401816,4,53.711237782614155,0.7167647559338227,1,1
0.9802119619539217,936.7669032645009,1,26.80090570741705,0.8968261456282195,3,0
0.6678569717434958,1992.0140344924127,2,71.89922889729607,0.7891200639884879,1,1
0.578911416085432,1521.615712220253,8,68.70885550699131,0.5736662750058176,1,1
0.8180362843074906,1385.3432972691044,0,33.95069298054436,0.9286437408982917,3,0
0.6399404514804787,1808.68719411868,2,65.1525921816062,0.5740051596162672,2,1
0.15063592640221418,3168.432635254704,13,120.0521172045251,0.1946686895427175,1,2
0.764865566196657,1434.8648067889656,5,31.38415073491132,0.7001044698205959,2,1
0.7704074955076474,772.538450594241,1,15.87722450517468,0.929893334480846,2,0
0.8862567297242345,870.59491531383,2,15.610141770999418,0.9045369965514056,3,0
0.5797713333813724,2541.686260825849,6,75.150395979245,0.5013764088289163,1,1
0.7148409401202114,2126.897278103825,5,32.63564372403102,0.7922455806288434,3,1
0.7766085538538812,1855.4614147916018,4,60.46793129152937,0.7628066377604849,1,1
0.9343955753972228,916.399111282712,1,21.567088402464734,0.9578345449447109,3,0
0.3906914496843542,4011.5166474531466,8,94.00573769419567,0.2872666606946013,3,2
0.6059793606903988,1657.644016469687,4,45.15326868516635,0.62517259959883,1,1
0.7685111629335226,1070.554735024444,0,26.95327489193243,0.9128849109310011,2,0
0.6030498603992666,1551.4793301828215,2,41.69261256754807,0.6174647592847431,1,1
0.863079571129575,732.2828403105539,1,15.10232242339832,0.8246537222856731,3,0
0.21612375273680026,3126.7318957394277,7,126.65963620355092,0.4927422952446576,1,2
0.9109998858097539,593.7784994888556,0,26.678488004199906,0.9009998195783121,3,0
0.3405378679628324,2756.667594242255,5,101.54283512630393,0.1721399748654066,1,2
0.13160410808273834,3168.460250804414,16,98.26396907178456,0.4289180635299674,1,2
0.4764136369501754,2042.1400769591073,3,57.26211141320374,0.68389789426447,2,1
0.6638789145968754,1815.220425011331,9,62.98013634919177,0.7798199213634356,2,1
0.6302618293089532,1376.4363332159512,9,78.50699948898813,0.7057944077879728,1,1
0.32089375209162735,2641.248529845682,10,94.11269656956368,0.3330530696872454,1,2
0.611548048891071,2036.446664266716,9,53.004330605100115,0.5488108106095084,3,1
0.6111092928312423,1672.5650314441039,7,52.87343555103451,0.5468249546631211,2,1
0.8297439075734403,842.7991556239779,1,26.673474190491657,0.9249694543584553,1,0
0.8317329040845198,1239.144575562173,1,23.268351819990816,0.8002400551083426,3,0
0.45744563994817367,4412.615011735144,9,123.66154362235297,0.43730325953605065,1,2
0.13938409819175265,3283.6427262272496,5,108.16892407683817,0.5051969237417823,1,2
0.13861302220475757,3653.046311888281,16,86.93082853339388,0.3685888370856747,1,2
0.7673559606865233,652.5146723554856,3,28.288426948295566,0.8044380900272408,3,0
0.8164000106471765,760.645636314085,3,30.84474021577558,0.9178829543812096,2,0
0.7452516141379806,2353.0065668133534,4,68.45784439097346,0.7981256437776174,1,1
0.6550296894267926,1517.0881614908667,3,52.19834897808036,0.6659250354193976,2,1
0.1872851540662949,3681.727337616153,7,87.45484017185562,0.24954466906903536,3,2
0.6965016195466343,2158.755143640234,6,45.709556666693516,0.7005264111217013,2,1
0.9378437715072614,1037.4131591717833,3,23.00107400753622,0.9375300061734388,2,0
0.49696748075327035,3409.5579363284623,13,114.96747345118484,0.32986957838005315,1,2
0.47605432802194747,3530.556500320425,6,111.06361187672508,0.20208161091006144,1,2
0.5465568263959011,1663.4284229139107,2,65.77086352227695,0.7337498592578618,1,1
0.9670681263520952,1001.6537279349179,1,13.964977664970359,0.9491369436668688,2,0
0.8873066661765301,838.3931431628517,3,30.00182438082215,0.9144872639237395,1,0
0.9326626275598116,1021.6492383369937,2,13.941599110838286,0.8018162729039388,1,0
0.560220237212776,1856.874478587181,9,61.030140213250505,0.6527048144911032,2,1
0.5624519514851328,2390.077793885066,7,65.35618963885443,0.5996744807397645,2,1
0.5373150414736806,1947.898507635984,6,75.00479378028966,0.5763239919692476,3,1
0.9514813500294053,702.4253318198502,0,31.316613637669512,0.9477535948450394,2,0
0.9037518066747925,1222.444125651085,0,23.71793938678083,0.8180304787227194,3,0
0.22239517189593366,2847.8492069852155,8,66.35408736941517,0.3955980547583813,2,2
0.7585645848089411,1549.6010677981394,7,60.802430487228015,0.6104785689050755,2,1
0.7566330509684549,756.8480021778496,1,16.330616062214443,0.9375222726198298,1,0
0.716710234070446,1959.1411331837728,6,45.55181095863393,0.7162142712948041,3,1
0.6337489889298997,2212.558921601838,9,84.62301872395203,0.5719243941045948,2,1
0.898261083546696,856.2693445129928,1,22.26324583903238,0.8965573182617044,2,0
0.9496785479136436,1333.0112135613203,2,28.123593286653808,0.9667701114279599,1,0
0.9656992693858071,1047.9306303449343,2,20.595339692567553,0.8616379055088278,3,0
0.2627067583966561,3091.478286858029,5,124.70409401992069,0.38487494539781253,1,2
0.2504785087846957,2755.8713804935196,6,89.21681803008781,0.3034905198987774,3,2
0.8163005919204314,777.646181818943,1,25.744250846632127,0.8694290082969837,2,0
0.9352801623225148,682.834974222963,1,26.405464252235625,0.8767795137634952,3,0
0.4395968180951667,3597.479263640095,14,106.4191015489822,0.3528827736440454,1,2
0.8369523019755483,873.1006431196535,0,19.536144879472033,0.8022784091271492,2,0
0.6800566456624917,1391.5541362507677,3,65.59655586955589,0.6533314329018737,1,1
0.771337417019661,941.4534658797888,2,12.378999449646994,0.9758937930438353,3,0
0.5724047302859915,1606.3652355291524,3,59.068776501424665,0.7207710292615837,2,1
0.5304081341388088,1674.0233899816976,5,56.26674876085707,0.7670669340386559,3,1
0.7966425147215089,1009.3467136402759,1,29.04181819425174,0.921722072307286,1,0
0.9726318201849737,903.8295554831504,1,26.371624873470523,0.8904317350118365,2,0
0.8996646210492591,973.4731013632356,1,23.548290852053302,0.9781805892031774,3,0
0.29463222467618033,3076.7160221071013,5,123.43644068922542,0.472295980637673,2,2
0.9671497820473651,652.1483210293055,1,33.60644827020897,0.958534743873354,3,0
0.7889986300840507,739.364209863931,1,17.010291302731385,0.8019734575636779,1,0
0.7850282939416131,1372.7744989238722,0,28.777825618153535,0.9638739961240609,2,0
0.6669655517225307,1200.0,5,65.45034506715457,0.528811228770904,3,1
0.8544416955418335,1033.6680977436163,0,18.13606599205977,0.925093748387355,2,0
0.7323561068380395,2138.7342737815875,4,55.5146271906928,0.5321755870470414,1,1
0.9787160975551121,942.6393256475378,2,13.112538276677316,0.8874019164110173,1,0
0.9564541876411907,999.9728247480742,1,22.45038526157486,0.8181599843790547,2,0
0.7787598925436168,2158.892353799696,3,67.47309994310417,0.5654384119023157,2,1
0.5230076648129077,1997.5054728996674,4,62.575095038886616,0.690541114434748,2,1
0.5334359470146808,1634.1216313918874,5,46.63738956640198,0.5021382508485863,2,1
0.5981990258656305,2800.0,8,71.26283412126187,0.5234315560773255,1,1
0.5948933028648401,1858.0713598836146,7,42.43366009739571,0.56172477652201,3,1
0.6121921297456425,1446.13639804303,2,59.52224661898974,0.7702433362835892,3,1
0.8797649477270676,921.881694366594,0,25.776206026064873,0.963564697934523,3,0
0.1897425029386741,2904.485156456454,6,94.69312829471882,0.45994700213669915,3,2
0.631395804431568,1794.0287595008374,2,50.66228162153547,0.6074969786395978,3,1
0.7403036341933376,2050.922683334929,4,52.690565418868964,0.7517850205765529,2,1
0.4842073868133795,3297.9253218037247,5,139.65811380183075,0.2562472158804944,1,2
0.8868980940384341,981.7214615403535,1,25.65038948852926,0.9504708399640823,2,0
0.7267058333568002,1745.2262632999084,4,57.81142175322587,0.7559548607618453,1,1
0.39989953297091796,3319.595634975842,12,122.66299073537806,0.3313718802630836,1,2
0.3529637154970171,2560.8061810665195,8,119.14497424455753,0.4305086366071329,1,2
0.47000141784887844,1200.0,6,63.391217633552685,0.7008235625501448,3,1
0.9851698112788352,1313.5812676327105,3,27.531602273041063,0.846334021435407,3,0
0.73465444964265,1448.5856986429205,6,60.40985185147696,0.6398822721602672,3,1
0.961089270684904,697.0481013628296,1,26.439611666349556,0.9699798024346925,3,0
0.6172148820978234,2500.219076275017,9,62.112134887142034,0.5157705376368649,2,1
0.2593646647260599,2496.684062983983,13,92.09814486921768,0.44353141929179785,2,2
0.6012943113480889,2091.6863214864943,4,55.05862889116232,0.7616848666706053,1,1
0.1550744526879767,2483.7138381467234,8,120.16520241709543,0.4169745852545076,1,2
0.7682989809421109,490.0117442845044,1,33.27094133291638,0.8983724675662167,3,0
0.36325178859488494,3364.2643456130254,7,117.89467216239296,0.15360440027472735,2,2
0.6956127099670741,1801.5295880540382,6,42.710589522752514,0.5412788453513342,3,1
0.8217595332937282,798.8506591476126,2,23.7162674248747,0.9103619552734807,2,0
0.3336989163415809,3816.712436547611,10,90.56284903397197,0.35516366841767166,1,2
0.8942259711565897,916.4879505869006,2,20.80417936538496,0.8067478322365387,2,0
0.7852310562436906,814.7284807588914,0,24.03721868909773,0.9119387535002709,2,0
0.8387490764579844,573.7448369078108,0,23.25480897885595,0.8835443336957718,3,0
0.6870588722417459,2148.8857013385873,2,62.60358193748973,0.5179922259940681,2,1
0.5671228873203534,1482.2875173053626,3,43.95707787011024,0.5641479841737472,3,1
0.856776947156564,1204.2632103844903,0,34.65228329829337,0.80756806329367,2,0
0.7918706455647675,778.4249478648364,3,27.423860590332794,0.9345997948889782,1,0
0.8148241897164434,533.6635505587948,2,25.819549104390358,0.8686593947790097,1,0
0.19925001161690756,2949.554427194739,9,120.254049420312,0.3598033927818558,1,2
0.2942594130015973,3507.8205372698144,11,103.4604489386842,0.16941009203154792,3,2
0.5059541381421447,1824.805154666377,3,52.142725090112016,0.5900374784278495,2,1
0.6372549529172761,1809.8212822343694,4,62.84709784241072,0.6884431932479376,2,1
0.19306808414311824,3693.5285910103526,9,86.58878979421942,0.36091255601592087,1,2
0.6407864223414997,1671.563441915141,4,46.22829467840755,0.6726150096662628,3,1
0.13101330328948274,2737.388846702586,11,127.37002160056383,0.21208820175142917,1,2
0.5983883488272644,1467.2231785135286,4,63.41691033610357,0.6235473057601832,2,1
0.9409014485399402,1114.5956095532024,0,13.633706824444552,0.9126200925136868,1,0
0.7819283709088087,825.5361894124154,1,18.200989024767637,0.8648117888391311,3,0
0.9853662021941313,742.4432496183522,2,36.87571843300878,0.8205724314506342,2,0
0.7797193570369574,2143.3987037500897,3,45.82734762573419,0.5056422087889397,2,1
0.5463646531454422,1235.7602639660963,5,58.71945312816132,0.6181598668136556,2,1
0.4313105576714651,2553.89060280118,6,126.62963652915046,0.20332315099682371,1,2
0.8671732899487425,1140.7768874337632,0,18.33647584785974,0.9667802807255308,3,0
0.9804685587557792,1224.935691693912,3,30.63495347886509,0.8533260355970211,2,0
0.8173108077373452,580.3751296232505,1,30.341563188803207,0.9753636545939126,2,0
0.8851587804025266,1100.1164636085957,0,30.80784246564601,0.9312679530505941,3,0
0.6340917702129645,1200.0,3,47.98028676450176,0.5772657315036188,2,1
0.8105112539656318,1090.2898554116173,0,20.488734846474955,0.9085924719101631,3,0
0.7345607280703013,2366.239353248793,3,60.50515355169009,0.525057111505384,1,1
0.5572087061427653,2256.9762288406673,3,55.3175930753881,0.6319894190467605,1,1
0.35281831565900534,2200.0,6,103.50790823045051,0.23912169628887353,2,2
0.647769128375403,2408.351365414149,4,61.36248416926097,0.6499493457608996,2,1
0.4344116562910795,3752.3082827201074,8,95.0465583818449,0.4234586927869106,1,2
0.6760598832588323,1650.4545963820622,4,57.409574967742714,0.5408775987284574,1,1
0.7170511261286493,1814.3445148823373,7,55.27514766523078,0.759380810127108,3,1
0.45312679331635985,1864.2581535075572,5,54.50192087115888,0.7377315102198818,1,1
0.8103003643998854,1112.2741929746267,0,19.715438853311674,0.9593789775852151,2,0
0.833627822185483,1000.548961498163,0,22.99744836705618,0.9159634521486768,3,0
0.3477201454989801,2561.971338480436,10,106.8948915638191,0.39997818885437864,1,2
0.6519755362870594,1316.302257088836,7,59.12499141967305,0.6937901765071827,1,1
0.46095484041480506,1846.0672411461264,3,61.507492290230445,0.5575786960663504,1,1
0.9605297307839271,836.7854287945901,0,30.027222506006737,0.8773788964624727,3,0
0.4460876694088248,3189.1975513032917,7,60.0,0.23937007546244957,1,2
0.5657485608672872,2228.089530773906,5,61.27116583676036,0.7347045332685512,2,1
0.15236396930308752,3295.0739960626065,8,92.5953281104828,0.20457329180982797,1,2
0.7565491771330162,401.3458359339845,1,30.437092944089795,0.8036613495921682,2,0
0.9741913561566062,863.7551653563794,1,30.00897100715472,0.9459476968108672,2,0
0.2525087291780992,3310.3613445417095,7,90.93346174858323,0.2856931380624212,1,2
0.811489432096127,1319.944357833303,2,23.07552166819265,0.859366845594145,2,0
0.47024583360393235,2845.318921343416,9,110.44570088717359,0.2828387706881948,2,2
0.8116697161304057,958.5430964283706,3,26.49733858184534,0.8310413311777638,2,0
0.4568534026144291,1534.518771266021,4,50.13001867215118,0.601585903994491,3,1
0.9725013354543915,1090.627326782649,0,32.571802695978185,0.8639611474795185,3,0
0.8097950260539815,725.4077819092599,1,29.662493550791535,0.928264029784507,3,0
0.6963317205431866,2160.20628961437,6,49.66963236228676,0.5616625703120556,2,1
0.771377132713617,733.635558353911,1,32.04512899035593,0.8525281737633141,2,0
0.40052188048391757,4352.622186726079,8,65.42838199934171,0.1843049052670216,3,2
0.7879187199331878,946.0141518382804,0,28.463159903126368,0.9167295675584968,3,0
0.9895183700298451,903.7638099481197,2,28.309558084243093,0.8205647215864502,3,0
0.21008902367171445,4047.2393918888433,15,100.5499750746567,0.17291760811794915,1,2
0.4775539640155514,3962.906372754962,5,77.31637980400556,0.5471063883998891,1,2
0.33605551422489544,2714.085846702089,11,78.78114010323296,0.365009917067194,1,2
0.2444911502052047,2530.1232046236837,10,135.742268435086,0.2636604959279127,3,2
0.3177559647495415,3074.6082055061106,6,87.64928106570781,0.4428297474302034,1,2
0.5086145404202167,1955.652791725962,3,41.74232489383651,0.5083277207662096,1,1
0.4654210846199214,3000.6306526793114,8,85.75139191131494,0.4498423527120211,2,2
0.769115276303661,2044.7366677532211,9,52.18827602923608,0.6486348928037894,1,1
0.7230013951077399,1521.5705572067968,2,56.40750241557102,0.6055065508596349,2,1
0.68649859798412,2038.0616280221466,6,61.76085405884869,0.6045561333026963,1,1
0.4613397996415642,2321.6039120842543,4,48.893082343420026,0.7053310292556246,1,1
0.9257547397237944,848.2190052591845,1,33.378085023471066,0.8389219209903784,1,0
0.526973926201441,2116.817398580161,5,45.69883127445541,0.7727402226670536,1,1
0.6890719396729659,2626.661746109575,8,56.06352955322081,0.6513458566495515,1,1
0.696459880027719,2087.721624507106,4,61.32219226848764,0.6428441026774521,2,1
0.2909406862097996,2755.4536872399644,8,101.9665803084563,0.38913987227306923,1,2
0.17881362555484734,3489.9546972989842,11,73.43942885937079,0.5078987638857331,1,2
0.44493762412674254,3104.3251258218475,5,72.89185296293803,0.2777376960110783,1,2
0.929800444568066,991.5373172107104,2,26.843326265774138,0.8130159034591025,3,0
0.7287808188955553,1797.409161399772,4,63.158676096472966,0.6114648166566292,2,1
0.7553582577751741,1376.194088408816,5,56.86931747041,0.7200702567952816,3,1
0.8192069493087629,792.9329825967554,0,33.65980006077873,0.8335814947342388,2,0
0.8745489291132847,475.8599694729868,2,24.301570603233394,0.8219753758972219,2,0
0.7477616312358926,2800.0,5,52.151315512882164,0.5888170734294566,2,1
0.5751159742049555,1603.608683460081,6,61.37852493405151,0.5104213347937829,3,1
0.3251488301976029,3174.8321824692716,7,93.21562813373762,0.19437978964276043,1,2
0.7793270472405986,880.9071505821854,1,24.075759819838165,0.9459198392270323,2,0
0.6622970235130101,1755.3308374723301,2,38.40380793529979,0.5316901587361289,2,1
0.6169362085144672,1572.7386982092544,4,69.37343125536691,0.5950866844875675,2,1
0.702334371824818,1699.3268886370454,6,62.690555647077716,0.6937108190903655,3,1
0.9717312250523173,998.28589054404,2,35.58171524650474,0.804439463893642,2,0
0.53088198278445,2100.5110348185744,3,66.53782780851003,0.6101705884295852,3,1
0.9376536879102146,961.6101079008205,1,22.81663726294646,0.8398198725528139,3,0
0.9306130288153763,749.5687188818833,0,22.32668857892844,0.8993202710706252,2,0
0.9199118206732675,804.1014065201514,1,25.416949676317802,0.978219761072285,2,0
0.7833699931039859,1035.7893975524466,0,21.623218415487813,0.8857669774139487,2,0
0.11697403631828265,2479.8579368046453,11,135.19255075688406,0.3941716862542728,1,2
0.46187672321828144,3122.092680192563,8,73.59529168154732,0.30750965216605164,2,2
0.7776579342388018,991.5545732303772,2,15.722332486111526,0.8530035377914089,3,0
0.6120757167796229,1480.0834377058186,5,63.67252598782469,0.7229028226630745,2,1
0.8811278473925637,1164.2608064546025,0,19.565263728389276,0.8222985017532012,2,0
0.96325236386684,887.8678372370758,0,30.181428154814874,0.8575366449657725,3,0
0.8041849500226939,518.1287824985415,0,22.24967153887788,0.9796756182718144,2,0
0.7412598558305177,2279.0277754149697,4,39.46120131387913,0.785303754297609,2,1
0.7464254976126921,2299.7518337298534,7,36.38655911349284,0.5340901669250688,1,1
0.943658445159447,695.1942818227241,0,32.916530726889235,0.8266943122653945,1,0
0.9576548519469323,799.1640337984657,0,29.1958023983074,0.8471556015701331,3,0
0.2609153104655785,3111.3607618561005,5,82.18095931633742,0.17385474588159372,1,2
0.6891541308632446,1493.0495930438312,2,67.13416992145488,0.5923483367778002,2,1
0.4981122428261707,3519.2210728215746,16,106.51329441821578,0.49992116220881444,1,2
0.5023187067452315,1757.8989509736712,2,48.07883599234106,0.5744497529627842,1,1
0.3365362533266721,2285.89700640131,13,98.8207318630212,0.33920627511423196,2,2
0.8484661014135396,642.56728628315,0,22.395806417385927,0.8501285606043296,3,0
0.779091599471369,689.9718520795709,1,22.598451154316965,0.9042596063409605,3,0
0.513495642502756,2217.199620436299,6,64.06591768516455,0.623539467381981,2,1
0.6663342051477251,1829.2555778845672,3,44.90198954152827,0.7546176711488585,1,1
0.830012400257653,472.8651572042609,1,20.537703488233014,0.915482653201718,3,0
0.9337677609509715,950.7479322989147,0,25.526290055906582,0.803988716398014,1,0
0.12617700093002157,3169.184227399903,10,112.20568171786095,0.39829924839390474,2,2
0.6658014118193757,1796.1846041487,8,54.23108419191981,0.6182866104381269,2,1
0.9488624901974323,1166.114980807808,0,15.525759333292427,0.8745698325661789,1,0
0.10118678383985356,3078.295326977759,7,99.87544642274061,0.2457062132478396,1,2
0.36828752140575605,3812.3817895313177,6,104.17185928117676,0.5102225082996498,1,2
0.163131608979656,2668.4499233480005,9,123.20735643434281,0.33431008416474084,1,2
0.8419289507648584,635.9954977558589,2,20.31097322035634,0.8060107768758544,2,0
0.7122268410388379,1598.9591352882512,8,39.033576488186,0.6877627918059723,1,1
0.7097505447700159,2193.679991942261,5,54.03929128143388,0.7976829976644034,2,1
0.9109760633852827,844.0379315245988,0,32.151587417290436,0.9539605034544166,1,0
0.10220859136079632,3697.8930601422458,5,103.22334793312636,0.502041817695664,1,2
0.8912832958973023,821.597472016174,0,29.224779088295655,0.8989979148558715,3,0
0.6930638769800487,1250.6846414318638,2,45.188965460044216,0.6541765559254176,2,1
0.9270181444490113,750.5576641704354,3,17.49036005816612,0.9418156495253979,1,0
0.9471537411681016,1063.1002044888526,2,27.624546914337607,0.972965137680451,2,0
0.9820209100815125,584.6007035618006,0,24.57151012976408,0.9614967435677224,3,0
0.8892003156145876,1001.7450046459868,3,35.04116105030556,0.9775124560895652,2,0
0.2620716978671701,3154.6521401885943,8,103.17032315373936,0.4124403866089399,1,2
0.8477264989763786,1198.987645490647,0,14.858822694203191,0.8766980277165548,2,0
0.6914847682787059,1633.0572137370418,4,65.52004642320372,0.7877021032060325,3,1
0.8563033761173083,853.8267252310462,3,23.87178228467999,0.9295395066074081,2,0
0.3104494447115108,3392.861818778515,8,100.0348772615494,0.48548499232127074,1,2
0.644031501962215,1617.3364918371158,6,43.48103577952537,0.7575199043624481,2,1
0.2179531090643989,3394.4118607586556,13,81.34230957381072,0.36001990039523846,1,2
0.2306450721047177,2443.1839038225053,6,137.5769523582386,0.3376547900751672,2,2
0.5890058121162137,1642.993282492478,5,53.47759863954536,0.7456129139171926,1,1
0.7822898537878737,960.0948719221657,3,11.334624358905494,0.8532844192737099,2,0
0.6963029826814768,1961.1206816889753,5,71.10013073259987,0.6880642771275628,2,1
0.23823391715364906,3510.3342076956633,9,98.72463316657334,0.4265279315281558,1,2
0.3007563091020554,2592.1135596215117,13,87.19829356452192,0.1778682267252897,1,2
0.9696574965887895,637.5561613137188,0,22.773659711197688,0.8345397589492571,2,0
0.7901703433148889,850.5948598508006,1,19.27325792408348,0.9170658008891802,3,0
0.7401777446752218,2143.1185345762174,5,59.74961206261,0.7067932424483178,1,1
0.8964438953183658,928.5886189527414,0,20.536843665262506,0.8553431911460347,3,0
0.49324839532915027,2009.7450848054625,4,65.68419216777073,0.637517256859655,2,1
0.5950736859029254,1200.0,5,41.74474055013551,0.5392226018307401,2,1
0.9313144151037841,1050.115833504353,2,24.33921054530386,0.9661716851221394,3,0
0.753038618672454,1172.1317191677301,0,28.081810203190912,0.8216004949310399,3,0
0.6630118779248965,1200.0,5,45.420868853611154,0.7046464487446528,1,1
0.755932808296891,2055.5371342998246,3,56.17729329929483,0.5474587512633425,1,1
0.6047346852178987,1605.621110111992,9,45.88304474729682,0.5455237681378541,2,1
0.8577218809154514,862.620768367603,0,16.660811554590822,0.961510880984394,3,0
0.6062344963866306,1289.1767863907787,5,41.5200953510006,0.7836782041849428,2,1
0.14306393414306534,2424.4407445714196,8,129.49655537991137,0.490454150202281,3,2
0.7542997286332203,1958.5930880486699,4,73.6112955921635,0.6139863161337,3,1
0.8001311816750842,1083.0780551120324,1,38.00347583879797,0.9221031133019036,3,0
0.5694784305569222,2067.793390880297,4,50.74011519447784,0.5482826802425673,1,1
0.9491343227440441,969.9600049135815,2,28.247158043802585,0.8387594949551717,1,0
0.30051283965840303,3192.87618455949,9,141.3419650538789,0.17867547460033922,2,2
0.35726069815188866,3900.6793263415407,7,118.2139138348583,0.4450324517927753,2,2
0.5650203950291146,1800.0401253196258,8,69.86139529098241,0.7570066711982989,1,1
0.5299972511398051,1772.300601263958,3,61.052790358905455,0.7513316947885504,2,1
0.1331553884581289,3020.0145379576265,8,124.49567969018472,0.3472617548437454,1,2
0.965342499090859,987.1950779000092,1,32.45680649235966,0.9248542713309766,2,0
0.10280395699687302,3683.8224227028977,11,60.0,0.3188064821458291,1,2
0.6145334748391,1581.6434448496177,5,61.1133876089284,0.7006846626548235,2,1
0.8344037928509069,1137.5358776923126,1,33.05213650595948,0.9276782934996741,2,0
0.9083695549565368,778.8278358482213,1,21.613671407765658,0.8564982872270777,2,0
0.8495421733977359,1189.6998459785852,1,14.467872584079014,0.863328841475626,3,0
0.35193078569929936,2631.9975492418666,12,93.19499239080369,0.24173990957644537,1,2
0.9025834458277295,676.5627076585995,0,11.835457601432513,0.8697619408939699,3,0
0.9234205564453721,893.2774870592574,2,25.0440974527885,0.9003790245720349,3,0
0.9211827931384698,804.7558252910682,3,31.28498148925594,0.8716323099132385,3,0
0.3431383212467418,3349.4418885398295,7,107.93997648023792,0.22121303755211363,2,2
0.9891536552708645,677.6839500972898,0,28.515470543669842,0.8289288052804711,2,0
0.6986384043798948,2380.7652875900985,7,57.67644461383721,0.7610833987902923,3,1
0.9090443411770581,1144.1642597626096,1,20.495914077690067,0.9222935403671234,1,0
0.914184166135323,779.2038748061541,0,25.444024071657193,0.8646495089541115,1,0
0.9170212841426615,958.8448258026988,2,20.880044744960088,0.8700496309724264,2,0
0.8731562760727147,736.5822737863618,1,18.648590330460863,0.8022123190080208,1,0
0.14619580547110048,3261.6261302769826,10,119.54038671285628,0.17103653283726677,1,2
0.734277814063435,1884.2414378028573,7,46.95488093956089,0.6270019911863494,2,1
0.46165199352999553,2297.07655577818,5,102.44673729114572,0.21482559607181917,3,2
0.3753470646076904,3914.319972814435,11,76.36379417773435,0.4907990499974201,1,2
0.47053397697523985,1499.961834842171,2,52.01010482120701,0.6039921121952674,3,1
0.18502926326929103,2563.6897095085833,6,62.9541448298478,0.2853644734510511,1,2
0.5428324552553451,2555.522220542275,3,72.13079630985918,0.6180886052634653,2,1
0.8529602285368172,1138.501502495595,1,35.03177776043965,0.9336915554773975,3,0
0.41872494463452326,3719.466439258368,7,81.02245430730859,0.4347649051263097,1,2
0.5165039109630201,1644.779746343611,7,66.95509686136882,0.7873175829335314,1,1
0.5716303089665854,1381.2501282145777,2,56.630732370242455,0.578414250612909,1,1
0.9150756799253346,541.2215004264219,0,19.078290929645405,0.9529956380797272,2,0
0.7473733089644368,1839.0013164535092,3,61.04508776099445,0.7701698705955362,2,1
0.5949082055132711,1743.9192257870682,4,64.45620829072766,0.752218724737632,1,1
0.992122194398596,754.3455595186774,3,24.097180615104946,0.834157440466282,3,0
0.9381791598894103,904.7806086569911,0,20.151860472121413,0.8141630582495416,2,0
0.9939663139547829,712.6987250420808,2,13.520006499106419,0.8590890128404672,1,0
0.1315517265934577,3028.201307535813,12,107.55605187727272,0.3920080098417684,1,2
0.9033537989839475,978.0929699857779,2,22.20067018703848,0.8532464052952448,3,0
0.8365249316344464,685.8295162631123,0,29.76367920082753,0.9082477180597689,3,0
0.9965526861199008,726.5739568578199,1,27.44798276349858,0.9292828390966312,2,0
0.3102978420474176,3819.8912979312363,5,135.31414297013126,0.231942573410779,2,2
0.9387604821865696,855.5050206443469,3,19.349109871316017,0.8180595895781724,2,0
0.9924552612696362,1099.3141021158895,2,17.402853882323043,0.8677065158018883,2,0
0.4753476391211738,1711.9086782308314,8,69.37202499852935,0.5956175539814946,2,1
0.48190760639145525,2294.894804949231,3,43.282264654400436,0.5068142333749005,2,1
0.7188736648445182,2590.7493020956267,2,44.99929146469462,0.7283325325263865,2,1
0.9272615654306082,881.1082571115994,2,30.113045087931432,0.8645061738198317,2,0
0.9201248255186782,860.7066833143806,1,24.9577545488158,0.8847368399001865,1,0
0.4744163317866287,1310.4106689434523,2,48.51887552495929,0.767162475539179,1,1
0.6246543285137476,1365.305124018144,3,69.59286302944454,0.5535989615993612,1,1
0.8955426150440683,1011.6279029037013,0,26.220122550429988,0.8062830546331597,3,0
0.8918280549072259,727.2234078820468,1,31.206160588087354,0.8935014979731601,2,0
0.5480400196975059,1557.3112120729804,6,54.55328919383063,0.7744883846032271,2,1
0.6088103402743561,1978.607802192202,2,69.7722646082867,0.7024365582524823,1,1
0.4548274179376731,1728.5127407722412,5,39.58883908057392,0.7349640153099167,2,1
0.97860298648124,734.917894004209,2,14.521765122257921,0.942781342089198,2,0
0.11867030112327188,2803.92950082842,9,126.44183180321656,0.27850644100215427,1,2
0.91629930517405,807.1191475381224,3,30.630492530734685,0.9443712606759446,1,0
0.7896512763232684,829.7171528572535,1,25.436459972183396,0.8767072787211303,2,0
0.5803792123776889,1425.8088187554126,4,57.34716914441318,0.6132063844580617,1,1
0.533938647806106,1891.3639939054174,6,52.69474532140125,0.643803731409002,2,1
0.5489971852827247,1219.2231392695803,6,52.289782133533166,0.7026617486489887,2,1
0.9420683534661296,1019.7588779123821,1,25.25050584020709,0.9796952474687579,2,0
0.4501089525556272,1598.3979278266663,4,59.455779005845926,0.7804283751468347,2,1
0.876866933440209,924.7095391911165,0,23.914999693606887,0.8520929235267943,3,0
0.7795538020282928,1395.871735283746,5,45.70892673924679,0.5919920097137893,2,1
0.5482317531842802,1769.7399027994486,5,61.73678495670097,0.5742276005278203,1,1
0.7051761801863963,2237.0068976872735,2,51.68966557112536,0.6507201018473635,3,1
0.2792257936638055,3208.012777028913,7,90.31601224645347,0.39279859099979464,1,2
0.6585378777409767,1200.0,4,68.27284568315619,0.6956817663182072,1,1
0.8252195774541924,1287.785799811657,1,28.209824034182617,0.8999916161111869,2,0
0.6941773129852347,1786.9062731391482,5,61.25969694076329,0.6261366477703283,3,1
0.7759651996052503,1532.779331350231,5,60.37083013706831,0.6990544228380006,2,1
0.9912567276666282,883.6954653796708,0,19.45460790808484,0.9763011373603083,2,0
0.845484909913224,660.9412472801511,1,37.15054650095172,0.8908238542207041,2,0
0.5652574189297208,2223.1919334827085,3,55.2753290561615,0.5470598988946597,2,1
0.4201274274397001,3139.993331685743,9,126.12868091837878,0.2481865625309671,1,2
0.40333283473377357,4058.995039081271,8,96.22332182492214,0.5310044820556691,1,2
0.9826893314008912,894.1474372630043,2,25.53870978651479,0.8532947760443811,3,0
0.23644106548873542,3227.989142269885,10,88.65242548198124,0.33747569670143096,2,2
0.2043129775467031,3221.341958348825,9,92.03103026564916,0.3529526666397308,1,2
0.782891921281815,1033.7309609515814,2,29.84635437013029,0.8050912870923764,2,0
0.33966426682717,3091.3251817335504,10,150.81984265526046,0.49330409899109495,1,2
0.868490410065718,734.3005950439508,0,26.85311589272292,0.8255291891637815,1,0
0.2848936691393784,3271.7289305414,6,76.38168655349428,0.47972502430023123,1,2
0.6665252245470665,1826.9598072960553,5,60.96751818559862,0.6236898757522485,1,1
0.761243807311945,2120.482643769424,4,58.60189571736457,0.6317073802063615,3,1
0.3493685607691487,3861.8186385184695,10,103.0477898430948,0.4420145182099682,1,2
0.4761190449134101,1766.3201200308833,2,74.56236160211262,0.6818744179839642,1,1
0.16184529760793356,3441.896330316004,10,90.55707332055104,0.38551641620379834,1,2
0.4660585029432406,3498.4904653133535,6,60.0,0.30667475082717155,3,2
0.41589789053319126,3019.4502688508946,7,98.11927345900047,0.2707119799370373,1,2
0.6240539080266453,2344.465236511954,2,53.73062242146225,0.550316195861086,1,1
0.7920035519362159,828.3941240506027,1,10.0,0.9751869338055019,3,0
0.3458434995121762,3161.9888977216992,9,115.76269287388328,0.2754647833544302,1,2
0.9655319043163626,698.2890631847583,2,24.237778582749744,0.9721788035712572,2,0
0.6656021750582076,1223.831294867452,8,54.539536788468055,0.7859695089092654,2,1
0.45313704679797484,1805.448896184411,3,77.94109361571876,0.5032988867826864,1,1
0.7581761231509356,1476.4040601285415,3,60.431312195737235,0.6597590117192588,1,1
0.7460289645628564,2280.155405273496,6,55.307794590269175,0.7690768223068327,2,1
0.9955946542271517,779.915286852259,0,21.00022830592813,0.9714142492281992,3,0
0.6572193727888218,1698.8064961254247,5,64.8568036342733,0.6594578226575021,1,1
0.6606569206122077,1647.8399278826862,4,41.73011960801632,0.671367316508529,1,1
0.8004068300119361,554.8386542418807,1,16.000794164424896,0.9476106858343256,2,0
0.987651786734389,1011.1208932006897,1,33.700522253054515,0.885823140302069,2,0
0.6582874873229723,1458.157381584523,8,50.60570033621639,0.5505895781440325,1,1
0.9118686785386507,945.0528234495099,0,19.173959059536166,0.8488671591499746,1,0
0.9799639041031901,634.7904627835924,0,25.34410761987809,0.9110394409869469,1,0
0.5805223049629684,2260.6195860733696,8,38.8914036224606,0.5035452007334632,3,1
0.17885308874322023,3612.348893797359,11,83.50593085463129,0.47744245084357084,1,2
0.7652694899637159,853.1960281786037,0,14.592157986810854,0.8144058625578686,1,0
0.9083509391276059,700.1395535410179,3,26.970597943489295,0.9798803221096007,3,0
0.832166136342479,1126.754019373413,2,30.369924616568845,0.86722355902269,3,0
0.47468289383899,2212.308989117301,5,46.470574016782415,0.7224898621793718,3,1
0.9225012227051664,799.7195706228727,1,20.643656220176744,0.9017970046315389,1,0
0.48593178004125914,2372.3381398020438,10,103.64036941760196,0.3711609108352441,1,2
0.48887107499728877,2302.824473386885,12,117.78517207648144,0.36232294997771386,1,2
0.7112057641600744,1700.0370189138343,4,42.29629635057441,0.550104025129676,1,1
0.48126912680969947,3846.469981254917,5,103.60613440720161,0.19836814968324906,1,2
0.6578616222114958,1859.1470009950158,5,47.96735962604804,0.5789626549799878,2,1
0.8337264036642715,1521.9837112010723,2,19.131469742509303,0.8184652208595837,3,0
0.5578700006225554,1772.1757189459902,5,79.60814407992758,0.696608035948866,1,1
0.43507859662740744,2727.2220325371172,7,96.25976514962682,0.2926337540142371,2,2
0.6213569267809886,1617.5914215471482,4,54.40071262861895,0.7016571261878366,2,1
0.2508736577692602,2223.9864662799623,9,108.09626707390034,0.5068836370279192,1,2
0.4740767550912751,1880.415647179964,2,30.0,0.6707859434288403,1,1
0.3241813454402618,3490.9497200916476,13,133.10198162219154,0.16768269126583227,1,2
0.8096942864420755,991.4560809230483,3,36.55375676477166,0.9407100078778328,1,0
0.13434423625050684,2530.5227714228763,7,65.45884934320762,0.18625210125575448,1,2
0.6450299864983648,1867.5043867743461,7,42.233804428086444,0.6873966575865651,3,1
0.5744079636394501,2003.3368031532605,2,39.72122046234161,0.7246938899881482,1,1
0.2956780264890518,3547.533914356563,11,111.18953673608723,0.42559180764659665,1,2
0.9059648311691433,803.2877032306926,2,19.27346140214854,0.852619312851674,2,0
0.650738212534826,1421.0080780959343,5,47.17539713845693,0.5758799536417825,2,1
0.5235825666799349,1439.4734411316192,5,72.56605802474482,0.7070735488183383,1,1
0.23929477238641012,2640.5904304029095,7,85.44193321603713,0.44038396008952807,2,2
0.871765479704734,1087.583107502131,1,17.567109891254304,0.8325913218408736,3,0
0.9374901175997945,845.6689779347894,0,26.917324607319262,0.9389257597285992,3,0
0.5539303008748123,1664.6534105535948,2,60.391093072946475,0.75190519114161,2,1
0.8012460738539553,853.1184399367356,1,21.93048876876221,0.8878064267253678,3,0
0.43523639747400134,3143.718808574683,10,111.5092406911791,0.4411649432644392,2,2
0.7601822005797425,984.8122088928179,2,35.28510079974602,0.8217946336834633,2,0
0.46508978287155,1414.747230117778,6,53.493547841306516,0.5654500610604504,3,1
0.5440395316005129,1385.7284861849262,2,46.326561764072714,0.7786877447903555,2,1
0.9969123909340145,890.8975509397516,0,33.69047002073434,0.8310781764498318,3,0
0.9813120793539165,1030.2272483647314,2,24.89351984548964,0.9338726266914402,1,0
0.7041368452359942,2298.901647835371,5,47.575429664203305,0.510928013753784,3,1
0.8368928810597456,833.8421551344885,0,21.570289650584403,0.9524684453966998,2,0
0.6015843025380226,1597.2527094688323,4,64.08289266391833,0.5285977544012167,2,1
0.58145725624875,2200.633155046485,9,69.96294313891812,0.5777954253256916,2,1
0.7228747671624447,2312.703137276686,4,48.970256911675115,0.7871943312223808,1,1
0.3310065252339758,3204.8458353572873,14,91.46727513086755,0.3720449485010141,1,2
0.6074320273571999,1910.3660147255487,7,58.54151863438349,0.5900276327581413,3,1
0.15389794546146307,4273.7408968335485,10,75.82850733339632,0.26802032176433255,3,2
0.1410624582993748,3394.0096116066784,5,126.51926376005714,0.1728174726766442,2,2
0.8086605204638634,1078.7395378778222,2,23.132674614948684,0.9047818467475705,2,0
0.6360268342507138,1398.3783547241787,7,61.650588856955316,0.6830810084924631,3,1
0.4585897514396545,1685.1387056055964,4,59.84331055154893,0.5286319878876002,1,1
0.563856819981454,2046.784907916658,2,49.37578346014863,0.7738671846446333,2,1
0.11701902770825426,3407.1177543177846,9,60.0,0.5412439145399833,1,2
0.4807522993708632,2225.421052568674,2,59.336787655191095,0.5244447685539105,3,1
0.7131966323363923,2224.4046036907425,6,65.4554116226267,0.7807069346456628,2,1
0.5909697835947627,1694.7015378631108,7,43.22968806075336,0.7951694109080053,2,1
0.23953821157846075,3426.1103883327423,11,113.43984022762446,0.3094428525739553,1,2
0.38165643855846787,4154.168408523081,5,87.73194547858014,0.37133327156152873,1,2
0.7486777324611147,1200.0,2,45.13192439023068,0.7025397288809656,2,1
0.5956512949055306,1968.1750815974806,5,74.22910174751686,0.7909816892937654,1,1
0.6225330840126065,2068.684321067529,5,48.10243244503683,0.7769615908678562,1,1
0.9237377722256155,494.8384253777246,0,42.349952158455366,0.8650961589959035,1,0
0.18021003103569433,3872.6457061810934,13,122.33730760368064,0.18741619993468878,1,2
0.5543862788131286,1680.4865944984263,7,73.75138989604935,0.5831729119994206,2,1
0.5558193596535405,1932.0775281473366,3,61.639337921505245,0.6858809961251857,2,1
0.8647839390595653,1034.572247193364,0,37.16043807090611,0.881542655068434,3,0
0.8917540652466669,817.7146785767995,0,18.132464347961346,0.8374199037388995,3,0
0.39482189852125793,3464.938803195126,15,122.60621620673976,0.44045451215192866,1,2
0.7104963770272477,1526.1818851267533,2,62.414264965078644,0.672895444924835,2,1
0.34023101119653865,3867.725940897762,6,108.67580317423298,0.3428974059713856,1,2
0.7578718616569675,1711.4074482999656,3,55.81904281966074,0.7171657520334698,1,1
0.9050773878383662,867.4414187855411,2,17.684281685043622,0.9664302558199349,2,0
0.6857837304188353,1974.687254692973,3,52.28924999485333,0.6681041608772604,1,1
0.9831821208385033,953.0724698799257,0,19.198710844215892,0.9612294514546402,1,0
0.7723527505780649,962.261734688577,1,27.223590483881267,0.8391798576918689,2,0
0.9980395037058282,568.6753584644453,2,17.37995939325468,0.893296720736454,2,0
0.9860148349216533,720.9307355273952,1,21.86288447778228,0.8281270411660441,1,0
0.890371146989881,887.1631677422362,2,13.29752679005556,0.8355766006015308,1,0
0.9270907441787587,1302.454089140153,0,28.983048167532797,0.9044317465633761,1,0
0.6206259570477439,2159.9184319352585,5,53.151331134260666,0.7584049973295885,2,1
0.9509180192247786,1068.1240053009105,3,22.3059782777708,0.9592093762628954,3,0
0.8656699464174016,917.0636285130048,1,23.787390436408984,0.9661658997890343,3,0
0.11057595322956525,3134.695896047623,10,88.27298222467192,0.25176370401619896,3,2
0.5239892380289183,2231.4266265336455,8,42.79916478243794,0.729742748446987,3,1
0.8061512057349955,968.7575763099771,0,13.54317389259246,0.8797166910990604,1,0
0.8848355604789127,826.6351176370625,1,31.589176709460467,0.8978361881073422,1,0
0.31727736312413446,3239.5416248301117,8,135.64606165906213,0.20322272396367308,1,2
0.2034596138451101,3350.2241419629986,11,101.7636943831625,0.24021066096505056,1,2
0.8618530917058637,846.6695341531171,0,28.3716436990608,0.8720394371969861,3,0
0.49876760002831766,2381.990836320007,12,126.30839802818062,0.414446303662221,1,2
0.4208723317948653,3015.955469126462,12,98.33428381509754,0.543119663728367,1,2
0.44550114002803387,3253.5302947772184,10,119.88408532208523,0.5112509065946478,1,2
0.9236741177136067,838.3034423088361,0,29.691279055624733,0.811506169554549,3,0
0.9289930572118494,1124.8706719741006,0,24.29440928405121,0.8739876617757675,3,0
0.7890046601106091,1082.71692524665,2,31.059732980242487,0.8732382312724408,1,0
0.6795431075201697,2043.8408552838616,6,43.865156010891184,0.6408081442030735,1,1
0.4884327071342386,1365.2311918823352,4,52.134399574359485,0.6632387688212555,3,1
0.6609817919554639,2107.1644850847965,5,47.26495675399631,0.6060046012598419,1,1
0.5054000373573393,1215.4376326543206,3,48.10743389057576,0.6990380294389243,1,1
0.23338741591392315,3197.441622408931,14,123.28742606833873,0.35967164417638475,1,2
0.9987165792924417,824.3984201963566,0,24.184651686848916,0.8368678244736538,2,0
0.9626454322735605,977.3617041378405,0,13.438382270526674,0.8564130010654202,2,0
0.762548446068005,2246.348347626346,7,53.192153216901445,0.5052974531127966,2,1
0.9655909271866863,663.837436938231,1,30.865271211125894,0.9644866637005183,2,0
0.24148543179776857,3529.270533103728,6,80.80195222161396,0.42752679120231507,1,2
0.6240398596489896,2413.12867597471,6,35.82894436760449,0.5640211512256696,1,1
0.41598592269591306,3025.8195876710947,6,108.02193502681288,0.22346382455457414,1,2
0.9745135723601784,1168.0922103580697,2,28.016783767153463,0.8600686727256428,2,0
0.8645467216844731,1319.1687003618317,1,16.986585881791328,0.9522766326402824,2,0
0.5152920343936293,1613.7434702814926,3,32.090426755758926,0.638055517781126,2,1
0.9580335444894355,781.5288088695893,2,26.675895050635027,0.8242022673380717,1,0
0.9842074348311896,837.2940627655204,1,22.04608723012579,0.946008127085751,3,0
0.6387542861635243,2176.1970525882225,4,60.86168981238177,0.6558269653686322,1,1
0.41959683541333836,2990.4335511811055,13,85.7841701139165,0.3510348406978002,1,2
0.3354496559709257,3246.1501471805736,9,116.09383010388316,0.1763083169120614,1,2
0.576772860420519,1955.4407491589452,5,44.0533379848465,0.6344942359817802,2,1
0.38634018571832385,2991.180010904055,10,91.51734204133251,0.38880590028074413,2,2
0.3482608947917548,2631.186489845946,7,87.61288507577484,0.43070555668599686,1,2
0.7701969318070883,1743.6471418318547,5,70.497089431093,0.5622784936509377,3,1
0.9595821761777845,1023.1542299542283,4,32.73328001231107,0.8019850551684021,2,0
0.6402317526315472,1891.0919554688398,4,83.33205924400431,0.6449742029660761,1,1
0.858019220736049,884.866879134834,2,25.56644172042496,0.8741354237695613,1,0
0.8118370254357994,1190.493506894149,1,15.927962127630542,0.8177187588201784,2,0
0.46510619201147946,1990.4052284072445,2,57.10398876722161,0.7112087008143928,3,1
0.49844163543741826,3000.7683269330446,13,110.7715333365687,0.37098353965370434,2,2
0.4500833099818855,1347.854856371216,8,47.724625013808065,0.5316779197119174,3,1
0.7953994292003564,1000.133144276242,1,29.522163397324064,0.8652127396969675,2,0
0.3884697567340537,2800.7233297963276,7,93.96688408784125,0.5029755099834586,1,2
0.9670678201283147,778.28205535206,1,27.474906776749076,0.8744560558721717,2,0
0.5285802835711574,2137.354681649792,3,55.18886295678782,0.7332050188652031,2,1
0.9964126135276502,1034.5147402405462,0,17.314355200003916,0.9274665202277403,2,0
0.5863079348246214,1761.4883015091016,7,39.254100594357546,0.6667996174502213,2,1
0.9806892976283486,936.9420949562167,2,22.340090185687906,0.9552284692143693,2,0
0.7776197160269835,1856.4147227881506,4,79.35102473390417,0.6079892138893241,1,1
0.355166961164586,3709.0283370295488,7,106.32560857178538,0.15853028634420632,1,2
0.49063001275486495,3497.454979007148,8,81.66715961156189,0.4725937289868143,1,2
0.548035396072836,1589.2096379512839,3,63.0907815100415,0.532846912525567,2,1
0.9332678240074187,739.0067038294878,1,20.41795218398698,0.938878988351807,3,0
0.8370638667558251,1056.9208575796047,3,19.272426104266415,0.9498006410307029,3,0
0.823861194369355,980.0962773012658,1,26.793150782503478,0.8916404646479983,2,0
0.636847591757358,1447.2537078265,3,55.26178060667204,0.7173265055519122,2,1
0.9651826458140859,813.6759374563903,1,28.995693027004393,0.9538676095385938,3,0
0.5537553087033524,1738.1039474979111,5,59.22870834494089,0.7480598118666653,3,1
0.6127772632546852,1938.6318517009202,4,44.35681589722059,0.7350920333777089,3,1
0.16874446263941273,3236.9509337995214,6,83.61242941227026,0.18812863547425276,1,2
0.5692035026273145,1750.899722078136,4,45.72979215802289,0.526203612540977,3,1
0.8335609727042402,1011.1025292684496,0,19.836720564708227,0.8274775364001093,2,0
0.7103624719912569,1485.4821494122364,2,65.23214747598527,0.7597942786935046,3,1
0.7732756919514748,914.0104326226362,1,21.626765822678415,0.8272858241424176,3,0
0.8981019461648794,851.1839052651598,0,19.788421416185752,0.8029105171918136,2,0
0.8702850254637043,1202.2309860494695,2,12.594216675469898,0.8133795570236445,1,0
0.4543914605188103,3490.8613120237587,15,105.15668258850926,0.5311251236847809,2,2
0.8015834296014481,1156.3287590007537,0,24.15830179985579,0.8280062583893014,2,0
0.20644163322162631,3850.6949579124316,11,92.32080081576568,0.18175499903040054,1,2
0.882838657892037,1083.8308347220004,1,31.224766621053835,0.8105832829780347,2,0
0.7691940254332341,1794.9664114716384,4,57.57648453704514,0.7404573887349675,2,1
0.2503782907337988,2200.0,7,105.61113986881092,0.2553586328322691,1,2
0.9684192785465847,859.7016932104964,3,32.53459705161135,0.8010957555756062,2,0
0.7629206967884147,1679.4728342630988,5,77.94176307872019,0.5649896603076546,3,1
0.3260686748397099,3432.6360479385758,5,109.51875564003159,0.3801386889620313,3,2
0.8218097479135205,1057.8113374751038,2,31.96241097560405,0.8540948163029293,2,0
0.5312676889136593,1588.6270921896992,3,56.609435057363754,0.7260050071377603,3,1
0.6667420215279105,2049.7591209950588,6,57.2601319163905,0.653284643965889,1,1
0.9611958070292219,730.314273161837,0,33.53536197305508,0.9035202620490851,3,0
0.8260605607398844,587.4908286226914,1,29.620134922784246,0.8814616106184049,3,0
0.571774850784162,1716.9902791059237,5,63.78818240567152,0.7073172092370266,2,1
0.16958690751552488,2891.468437575567,10,99.59920434559942,0.5292348785320838,1,2
0.879709514281518,558.5284084814107,2,19.530940187938768,0.8567880571668003,2,0
0.45714179222071777,1231.7445200278066,8,71.77637158041833,0.5295181593197106,1,1
0.2071430589441985,2200.0,5,104.7630100836702,0.48616818338090506,1,2
0.9345084041065926,1009.4529594755934,2,28.567502828653346,0.8840598955159796,3,0
0.8109974108447708,892.5926405903176,1,36.38133493699043,0.9626406746655107,2,0
0.627416118246627,2083.2760252036755,6,62.82825914882305,0.5025108424078826,3,1
0.5575034794823116,1704.280518343263,3,47.63697013251617,0.6884749822842593,2,1
0.7840928688966924,1048.1648690840252,2,30.543190095785047,0.8490403593995898,2,0
0.6240555450340669,2466.7499441435866,2,68.47828008929262,0.6917661340650608,2,1
0.7865934980405622,1054.384030967335,0,35.11134106887843,0.9510867554368203,1,0
0.9039657970455761,942.2567384558945,1,19.31678193304297,0.9774749499110619,3,0
0.4595656869309402,1417.8876997714824,4,58.25600562574353,0.7272887397154262,2,1
0.3689587510280159,4011.705526239547,10,143.8662991377595,0.42076754108587133,1,2
0.8546926312230183,1489.818885061745,0,22.694048638847367,0.8270276559530976,2,0
0.22112886046980532,3781.260724924429,12,129.08740304521672,0.42022349630926226,1,2
0.7239385807316805,2022.5373161016664,4,51.63931214578641,0.5076522793861139,1,1
0.37010698474654435,3426.583056255838,9,74.22957613229352,0.3337606770908246,3,2
0.20148222303006602,3345.3924960620207,13,100.8495994543497,0.20803988020199365,1,2
0.16738394381119132,3772.386531072143,8,151.43392372509925,0.22380783146895256,1,2
0.9136278035702838,858.828113823932,3,17.03187484525465,0.8699168998210143,2,0
0.8268224912315716,850.2942763851102,3,21.199279348697804,0.979306429568001,3,0
0.2428074576354165,3388.793460687602,8,123.42380841544983,0.4163379873054195,2,2
0.7578965362064105,679.027441387496,3,24.88986265483758,0.9658515658400353,1,0
0.4343369460606169,3771.0415013322463,7,87.48492489698569,0.26228304173005945,1,2
0.8419457831798133,465.46609079719275,1,20.8002079837568,0.8763019553594598,3,0
0.44618226669558814,4101.827405926753,10,89.23299637099903,0.25766115776776066,1,2
0.8797294263207094,629.7851267583958,0,34.1879608138854,0.8582439687271122,1,0
0.45661714956957844,3662.1950231077835,6,100.674808078771,0.4964965192955413,1,2
0.7636459372497342,1431.4015215351485,7,67.65341289614712,0.5358746320294567,2,1
0.4670417930835097,2041.2224043771766,4,47.73777666963438,0.6234866890045037,1,1
0.3934197175889512,2406.8805024919184,6,135.40450519982465,0.5283805451334848,2,2
0.3969787435270845,3751.1870696019564,7,89.75041006912801,0.2924243458879544,1,2
0.5687912609983009,1502.1897949902734,8,81.99740827337732,0.565414892056685,2,1
0.5453208706994384,1985.2490472109016,5,49.667882304156535,0.5757998601510413,1,1
0.7563547816860238,1015.9266346427152,3,23.54153166352475,0.9038169525384664,1,0
0.6444816647236808,2048.361710856976,4,60.48878365403451,0.6543990616225941,1,1
0.7788522837351419,2194.733492985037,2,58.9280981635246,0.5371017912364575,2,1
0.8292305012890694,583.172811398902,1,29.552805603854615,0.8867059708422214,3,0
0.17199452560226142,3077.9688949261413,9,90.74105599282332,0.19413549539058192,1,2
0.40232115171037475,2830.3636163349634,8,137.9949990569391,0.3469768729439284,1,2
0.7942874473618464,651.6478849036752,2,34.96595142484374,0.8634455794872259,2,0
0.9455070219175965,937.0351073659829,1,39.78134159279355,0.8177959409220826,3,0
0.3162280266483635,3222.302542764117,8,99.14532549789392,0.1925782186987152,1,2
0.263000792493207,3005.465561630354,5,102.45181556640004,0.20429578741251472,2,2
0.4767448776366888,2980.190466137905,9,92.64238366834762,0.3576785186051826,1,2
0.7564529767373718,945.7992784918681,0,30.819045189039453,0.8305389946262094,2,0
0.6912173636931683,1629.426471276479,3,57.58092425579235,0.7128490221780475,1,1
0.3686296253240817,4568.222383067209,15,95.17397089645672,0.368553324700839,3,2
0.904652844553796,928.9775666193782,2,26.438621041495857,0.8160649552945851,2,0
0.6019680227696991,1783.2595538307303,3,41.237683936475385,0.6844212151627468,3,1
0.910243019336333,643.9088857995066,1,23.445248736202895,0.9008852267912303,3,0
0.5609161832527992,2213.965656726833,8,38.68119453724742,0.7541363678494153,2,1
0.5020198918248836,1517.5576066760223,6,76.65955027697626,0.7095683075405741,1,1
0.33189146047944584,3085.6419963180197,9,114.92009304465735,0.2727825212339164,1,2
0.5543901900322222,1602.6292356350261,7,41.99416195826495,0.5284215797907559,1,1
0.41567587554825625,3526.2473081143517,5,101.29912382020568,0.1920449456457082,1,2
0.6910755669317695,2018.403196239487,2,47.46083832300676,0.6882641698052878,1,1
0.5969554740138381,1726.5091135192663,5,60.991895370729715,0.566795942826038,2,1
0.6682626709291984,1218.4434165804132,6,33.9804799644491,0.6911349724293839,1,1
0.385524078937603,2696.2253144742863,12,106.1120002029658,0.28494443435803174,1,2
0.8711307462977553,1317.9077443389547,2,21.112923709563436,0.8808119787460827,2,0
0.785021003809131,846.2938704188335,1,16.734541719612,0.872535104022211,3,0
0.6750287049320547,1479.7206872861966,5,75.42273324898346,0.7148931421815714,2,1
0.15662899655712537,3018.4360961354646,14,95.69678253609949,0.3100351013758773,1,2
0.8383128521255161,781.237718386259,3,21.81519712723069,0.9683291619344201,2,0
0.13309003608168954,3921.900357219807,7,94.14419537870239,0.38674680100283015,1,2
0.3183618839335829,3327.511562472261,11,96.46176240524338,0.4804369111443145,1,2
0.5724694981021816,1555.7943194012657,4,62.60118672302512,0.6491609008018896,3,1
0.946412904520058,724.6452437576311,1,28.086262819683142,0.9017798299217616,3,0
0.5359609010889252,1810.6635923814015,5,65.26892132268186,0.7344368897324275,1,1
0.9876028710191397,761.0573737821884,3,29.843566338013854,0.9123964868931906,3,0
0.9032348956236314,622.8024115202004,0,25.949385217919716,0.8196974728704763,3,0
0.7826775941850499,833.9759812067099,4,18.153005106042105,0.8370831327724477,2,0
0.5279614993459878,1217.9305697918182,5,47.15451181155215,0.588675619022036,1,1
0.5209929747201442,1660.2680232460145,4,61.72025818407636,0.5265999411309273,1,1
0.9023910834949742,1002.781569931783,1,13.751630316631552,0.8150625778845856,2,0
0.9319848267434413,890.1941318323926,2,29.41848246721608,0.8444861126054528,3,0
0.8093858312309694,1049.0010625754562,1,24.31100544948267,0.9181982521921122,2,0
0.6843365943290504,2059.253989043925,5,43.230700958180236,0.6457133020368141,2,1
0.892694576167228,1020.9030652710734,0,30.75119176779169,0.930759444459335,1,0
0.7604182251505961,843.1230700786981,0,32.507503579148114,0.8846974674882756,1,0
0.6744876574804296,1919.5168586664777,5,58.3391163835485,0.5310864388774922,1,1
0.4742751395626464,1937.311376651587,6,48.32494043028132,0.7275774368295151,2,1
0.11172538301902285,3750.0249708215106,8,74.22402971857831,0.35714180328015876,1,2
0.9146129586646063,1165.786663907082,1,31.376617597172796,0.8096654938290874,1,0
0.45195805392619864,1250.011541930959,4,48.40771081988741,0.7097444192453051,2,1
0.8758543177137142,677.7084086125936,0,32.5017214776474,0.8068011599262044,2,0
0.5281955996540918,1285.76579674087,4,34.41616877381166,0.7916441548692041,3,1
0.8949959468570328,827.7378876065419,1,20.573468519002706,0.8185940860063904,3,0
0.9742775649881443,1100.2092185134281,2,28.1637192381517,0.9610169934033064,2,0
0.5918012663242428,1721.293617716602,2,58.82823421678212,0.7780372536966216,1,1
0.48279631705378384,2034.336985244602,4,67.39812569642775,0.5672456198535764,2,1
0.252734225958305,2910.599650021796,10,100.84462874514456,0.4965133610536846,1,2
0.9406146714351726,788.3396492107939,1,33.172389741564864,0.8877392852767619,3,0
0.11266624518505451,3126.143412824986,9,84.18819378973225,0.44405207559562376,3,2
0.3632624626497598,2933.1508395828923,11,67.65038479669869,0.36962508873306393,1,2
0.663979897484621,1399.9625811285048,6,80.5443375166316,0.5623501690248315,2,1
0.7904071785236535,1002.2405199049962,1,21.991183459849157,0.8080201936911776,1,0
0.6684036655937742,2357.5923697785115,2,62.13044477783253,0.6385198691477761,2,1
0.8565208459725928,1200.6839656857999,1,18.136676291046854,0.9725841717665926,1,0
0.6508286690209855,1882.6644543542616,7,63.839329170482614,0.5170084486911873,3,1
0.8040095456273999,1187.2670811411958,0,23.771905791279295,0.8305710979942247,2,0
0.5439278709399753,2119.5625946261916,2,60.829997763110846,0.6828665304937029,2,1
0.8012849101205017,640.0837526144805,0,31.290909242227304,0.978566925280147,1,0
0.46605390308737304,3783.9847611367363,8,65.15213665963684,0.3261264300440265,1,2
0.16745516307975994,3698.504300980957,11,94.65127568424367,0.2674613078982158,2,2
0.6713394942259787,1878.8162286789593,5,45.66437003656404,0.7671295264811249,1,1
0.7885906788185506,874.4901759244932,1,25.602717702712688,0.8379868994375508,2,0
0.40474771034478085,3994.207395227868,9,79.59314600449534,0.19958093050335282,1,2
0.7381425648363327,2135.2744028676834,3,57.59673849097538,0.5031084641233338,1,1
0.6621318171308925,1797.2644290182975,5,41.32329917006983,0.595098267932909,3,1
0.849828978952327,1078.5907740217538,0,25.90694647152165,0.9560372449038522,3,0
0.7221283844364074,1351.8544688041932,2,74.20154919328559,0.5637460694692485,3,1
0.6262207608966748,2324.542311064894,4,68.2735959455995,0.5177904299636998,3,1
0.783178938510765,666.444089746413,1,21.71929506450574,0.8529826699727681,1,0
0.3483850458525517,3863.755347176605,10,110.29835739900847,0.28265840954736793,1,2
0.9616285846725695,400.0,1,34.706302454654704,0.975518342198036,2,0
0.16771565160131002,2200.0,5,92.55999591779077,0.2818698778370197,2,2
0.612166539025551,1656.8502872706908,4,56.604939203856084,0.527861085118452,2,1
0.1736545919483346,3635.520615574504,7,81.9695331996055,0.15654703340094778,1,2
0.5853295954761805,2039.298202640873,5,49.7844697358248,0.5407423445147128,1,1
0.6451644462566416,1800.1966494142234,6,51.85653242489654,0.6730223381088822,3,1
0.7642636802878136,793.709089728157,2,18.265094057662804,0.8776457821498403,3,0
0.8093066979339987,953.1756459304097,3,22.49495155890981,0.9455228521058867,3,0
0.20653406975601932,2839.279701246776,8,128.10127267932134,0.23394055135744657,1,2
0.5303405980647592,1957.7250278533875,4,45.262755006815546,0.7184570902942377,2,1
0.18331212376976525,3262.331811333729,7,119.85113783827663,0.1665428768935391,1,2
0.31293721914136197,3985.330771692371,7,97.92615212662652,0.3366218507697434,1,2
0.9203756805559823,980.8589509923395,1,31.894822290811206,0.910966284537424,3,0
0.8899121708717286,851.3232041249964,1,24.09848785590006,0.9365202722599756,2,0
0.5696635940232024,1200.0,4,36.31294392866334,0.7260937941797527,1,1
0.3674642094163886,3723.3871306393603,11,106.19901957688843,0.5194399820571585,1,2
0.9285217330331069,1135.945041672142,1,26.028458775421033,0.9321315263041594,1,0
0.715816026715755,1491.8574440947598,8,38.51089003490095,0.6960336644812337,3,1
0.640476737921566,2015.179443626018,6,56.96344957329982,0.5412327277571536,3,1
0.6840989459328726,1442.9456721155898,5,64.99257666316392,0.6734290792784078,2,1
0.8847903191688136,928.0719739696094,2,35.720532692981934,0.9529178767197419,2,0
0.8742408707264575,1256.359781754212,2,23.842276062401396,0.9766390924049198,2,0
0.4911169263799583,2551.1492036267455,8,92.70974726171654,0.44722450310835904,1,2
0.46229966957654345,2844.177571757132,10,96.91524106484928,0.5431590098672049,1,2
0.6510681549661668,2144.3271131836223,3,65.0947300807833,0.5546318760012064,1,1
0.7068945521720111,2070.3176141030085,9,46.730124926423784,0.7212916928058571,1,1
0.7594714546396379,1683.5652205205197,4,67.51920106497394,0.5424343837236971,2,1
0.7698548422472467,720.6715545369584,0,16.39110093192007,0.8167868216325498,3,0
0.7223867643993576,2449.7146996768706,5,53.04172774286896,0.7561555724399645,1,1
0.46473780952948385,1212.524584008117,3,38.042780299209184,0.6208971198310262,2,1
0.700323225394041,1974.7912203161945,5,37.17213400609482,0.7747255216958421,1,1
0.47633302536462097,2043.7667624587934,5,62.5264707659778,0.6717431551124736,2,1
0.8258187868918989,716.7451798872551,2,26.36280297216069,0.9636273694365625,2,0
0.9068763658045925,672.4628659150367,0,12.030423200568778,0.8218049432928023,2,0
0.3983134980784754,3462.3740082317595,11,119.87639933629033,0.28831513571854034,2,2
0.691981837636325,1660.3476024199756,2,59.24268137988563,0.6148223557592949,2,1
0.7933811287466271,816.4180908468219,2,14.279132669117903,0.9753084033387969,2,0
0.8719635109815906,899.937265477645,1,29.925891608427403,0.8687662694740288,3,0
0.34857345381025545,3217.229532711811,11,87.49718883526252,0.3940046969493717,2,2
0.7536361664169705,797.357286705683,2,33.877163221111104,0.8988480243422431,2,0
0.543118953064247,1880.1290853636967,7,40.74630511498614,0.7692190016090241,2,1
0.860190686734557,954.2990621651296,1,22.79586514739051,0.8376955670240506,2,0
0.8311464574750675,831.490159828447,2,25.31609472586049,0.9197367386265921,2,0
0.775367885716508,1222.4556515977292,2,11.23635049092087,0.9619567307662863,2,0
0.39053458711151423,3243.780486663227,11,81.51444992892873,0.26031756304072246,1,2
0.8433273290699382,854.1218511863945,1,14.914629503521056,0.9072453558301945,3,0
0.46377049414164895,3319.9289337762643,7,106.94129038340724,0.2106717452595513,1,2
0.827381904071582,630.8258153053571,1,18.867182536758264,0.8536177396741028,1,0
0.829775118310814,974.4210945213725,0,21.65041074516611,0.9749675769517923,2,0
0.14269680715777444,3614.2894186266476,14,120.34577536487124,0.40231541381988367,1,2
0.508102121892427,1200.0,2,77.02696525427301,0.5283088003447769,1,1
0.8966521157938685,998.2415330823992,1,23.58096174725486,0.9272049884616527,3,0
0.5333935937040113,1200.0,5,54.26139496393215,0.5588089222187888,3,1
0.759228029076706,2121.8001905434585,6,38.067191729914846,0.7995144545291037,2,1
0.8560326678255965,826.1445721507594,1,29.83390619736203,0.8780811923973271,3,0
0.6203844653481861,1284.8072530396998,5,53.70964230630297,0.7149118918816726,2,1
0.7443165074458375,1460.2662814160292,4,61.336063458364634,0.5571035455410555,3,1
0.4230399053588053,2200.0,5,79.00555628188076,0.22280226473826553,1,2
0.5497423003213552,2304.6839537468522,2,52.28699364067511,0.6362657620354737,1,1
0.35044487225338217,3028.880040013721,7,117.45470401388255,0.5355648836691285,2,2
0.9105079115385719,769.1848633745152,2,15.088490900849278,0.919478012501906,1,0
0.5761444518366136,1829.1060291897538,5,56.03787780887125,0.7932001348654085,2,1
0.5749679188998907,1788.2452586870015,7,52.84704940008487,0.5456699907291347,1,1
0.7372002469049481,1330.433358489111,5,61.9010237252756,0.5970192729059753,1,1
0.3637825914537135,2951.379458568673,9,119.00352845311136,0.32122114382288297,1,2
0.25851334242698487,3354.472999625159,12,116.29247009897473,0.46155013967272585,1,2
0.8531544192278566,831.3615449005179,2,15.836086075493311,0.8229357410046919,2,0
0.9170531996387541,832.7490522637856,2,28.59423747840603,0.9359257490209054,3,0
0.6337095713708816,1919.4128701511747,6,42.48526367673142,0.7981381389911366,2,1
0.7413743104296742,2420.6672699515148,6,57.775316029138516,0.7835577258377927,3,1
0.5554511907498741,1733.1939941761775,4,52.637527058043354,0.5274107932548308,2,1
0.8202336274218451,959.7505816731373,3,20.492466437831958,0.9551192911620838,1,0
0.31121212195806924,3005.535934030249,10,108.03249423386691,0.25869534790582904,2,2
0.5527671987807824,1980.2063327153112,2,35.90686839857416,0.7209012916966951,1,1
0.8193452957452831,735.5160135235599,2,28.397121618526338,0.8768013165108449,2,0
0.82046369369335,999.3398446473043,2,19.133330734246893,0.87770903930479,3,0
0.15959836062838417,3039.87211558975,6,95.41992215112862,0.25011392330798576,3,2
0.42996064309085347,2838.7598933454988,7,96.909505401345,0.2891576054230076,1,2
0.29990838867717545,3323.6730701247907,8,95.95283507083641,0.4057450692529634,1,2
0.8460816617899204,811.3911957743036,3,24.63341602259391,0.9372015421355905,3,0
0.7567739981258709,1012.9211851787201,2,23.681823854701303,0.8179573407268641,3,0
0.925914464845006,897.1095458243442,3,23.018981992354355,0.888819970270893,2,0
0.7951438362818334,1071.690223331333,0,20.208762912647433,0.8950505159405824,2,0
0.7762325446045437,887.5991981267937,3,27.58340430437145,0.8479210915371443,3,0
0.2467424001830023,2200.0,6,72.57733178627541,0.482514452742971,1,2
0.3915563090128833,3313.5080009994986,8,85.8636242940961,0.2890759420357571,1,2
0.4657521505939895,1795.1758058046444,6,53.125187273763515,0.6379535636994428,1,1
0.16616711472108753,3328.5271133605643,5,101.32679418138875,0.469181373079988,3,2
0.7728955183316586,787.0451991658116,1,20.817731791843464,0.8563302111227046,3,0
0.9506608274489277,652.1894594946715,1,22.485490888077543,0.8295674594697123,3,0
0.18398704347744177,2760.9100077082358,8,89.03141751762666,0.49794985870338215,1,2
0.9080764576483948,1069.4843354300842,0,23.65718169369422,0.8916580853442877,2,0
0.23235477602414623,3548.647464261425,7,93.83311934651599,0.21282007135383374,1,2
0.8797704462840545,842.290260824859,2,15.749392451771214,0.8151112990699612,3,0
0.4495942480595342,2542.2814489689417,9,85.33673528075553,0.5067225657874265,1,2
0.695876456483532,1909.00472962015,6,50.966359129007024,0.7097497768687205,2,1
0.7161104468005444,1200.0,4,51.35759191938702,0.6102851044428235,2,1
0.8243372518431377,889.9590765916511,0,26.11294600191094,0.8078409225030356,1,0
0.5311152725716958,2468.456203768149,6,61.78249879689947,0.7832669424680964,2,1
0.1927550484028905,3305.8996002207464,12,119.49120162026453,0.40926440669349706,1,2
0.7841099381391833,695.76750848794,0,29.733305245291852,0.8905886806581051,3,0
0.9832783328358894,887.7992056289233,1,27.588759746363294,0.9499140455512258,3,0
0.5762715811716386,1382.1958145034846,7,30.193116632091968,0.568156865896909,2,1
0.9914080082686398,935.2883110554451,0,25.66959830140908,0.8954445547459237,3,0
0.46336547731080013,3418.9927111777765,13,74.02075270801795,0.15065210077375552,1,2
0.7874793568371934,822.5800595051198,0,29.273139511019657,0.8678275291066347,1,0
0.540353337162631,1472.8468867170247,3,71.90905400259891,0.5536126198110526,1,1
0.9494534122146586,402.3345293174021,2,25.858601245858594,0.8721258706237855,3,0
0.9078900550231301,1269.7217666592824,1,25.145527323321947,0.83161079617961,1,0
0.6866716736093396,1560.3493459781762,4,60.79214089715123,0.7702146212605729,1,1
0.5615766038429236,1624.6708119811965,5,59.33352923967376,0.6905961172056789,2,1
0.6517732981240265,1324.696479335473,6,61.7300703770584,0.6773083387877376,1,1
0.9884821442506468,1034.2680152900932,1,35.4381844427204,0.9369004607935861,2,0
0.6043787177397206,1721.7428770336462,3,58.92515146471119,0.584137998167739,1,1
0.48156898351821775,2102.9954125921145,9,56.04469065056709,0.7640066085231993,1,1
0.7922337657680412,904.1772976591924,1,31.924817419168143,0.9060689170226757,2,0
0.4726135759070061,1458.3408435360118,2,74.90620056420836,0.5403882958362236,3,1
0.6575661677840363,1455.0442627649554,5,57.94236508218206,0.6156004404060822,2,1
0.8983981133885122,771.7026181911381,1,23.501181073988086,0.8609623288022656,3,0
0.2973161459614427,2693.261843316229,10,108.84255284556744,0.40211472213389077,1,2
0.4617846131792872,1913.9461424882631,7,69.06909903961025,0.692102645871222,2,1
0.5393923981587037,1612.5231746152963,4,61.31493937157,0.5716235031013749,2,1
0.9507564744581658,1140.1063316947746,1,32.17778526305883,0.8209780297997539,3,0
0.8699847086792809,514.4654841308779,2,24.630506876603256,0.851317909888939,2,0
0.9459479461213494,648.972925605321,2,23.16113504733741,0.9003532876401096,2,0
0.10678200859629149,3008.0947689936006,11,123.12286252423252,0.44270933243063415,1,2
0.5329534224058365,2358.3298160662066,2,47.795018985796126,0.7414116284624406,3,1
0.5272406225487847,1782.8222785206135,8,43.81578083829969,0.5905379728806022,2,1
0.810463072725113,866.2356553619978,0,25.4205308512514,0.940668243786543,2,0
0.9153426527676036,991.6336229577397,0,18.297942626618045,0.8654885073435897,1,0
0.8155660110749563,1021.3701186431342,2,31.69680573242873,0.9394689979978319,3,0
0.7494999823078778,1940.3013540133893,2,44.401809166221035,0.7408404031903751,1,1
0.6465158581890266,1750.3259267375918,4,56.84308307613707,0.7360588171221397,1,1
0.4968952967447522,1634.290309120856,8,46.00972166273327,0.535635326397313,2,1
0.8543951939462321,1239.991474915276,1,26.061315036580048,0.8246051134080266,3,0
0.881925277271575,1260.1022363021707,0,16.45603690182393,0.936463257169432,2,0
0.45570701200313724,1868.9469046408772,7,48.67770630792893,0.5284182456073375,3,1
0.2020112808338892,3382.2654689744822,5,109.00474469516688,0.2525258259997484,1,2
0.19116989007545954,3355.207967608946,5,113.04337680619739,0.27508010048303355,1,2
0.7324720339303974,1368.1637693790901,3,61.575873871906964,0.6751875207469014,1,1
0.16346521769117234,4120.2018825113755,10,109.20933008962356,0.4576718866866841,3,2
0.7756274319976698,832.9724437657096,1,19.72021388786554,0.8234340828561445,2,0
0.4714083004855854,2153.314385372244,7,69.99778345431761,0.5894393372247932,1,1
0.7525516863677286,1830.1078487643135,5,62.72373551194269,0.5423028926715637,2,1
0.9553143261680033,1055.7873007024227,1,12.62693137151112,0.9073048511053763,3,0
0.9655036205681556,649.0154663995415,2,30.391297002047303,0.8726719407388874,3,0
0.8543527507871947,719.2596278539744,1,13.427911390822945,0.9129860744481332,2,0
0.6593784241472485,1810.7884715496475,2,71.35092232506477,0.7709773224021855,1,1
0.6611167449724342,2081.14801259011,5,42.45882455401329,0.7304847798885249,1,1
0.6314991702108281,1971.5689996462,3,78.90994490427971,0.7033932000037938,1,1
0.4054258488104826,3437.217591094562,7,92.42783032903533,0.22330042455630478,2,2
0.8214280215704652,1027.0836060418453,1,20.37527558175834,0.9600748502890794,2,0
0.5583580690938964,2288.4395530273177,3,62.10091185257297,0.5679450948451691,2,1
0.13686706496342305,3230.2828784445996,5,108.57482190114968,0.39898644122504767,2,2
0.9438819041737526,675.4910387511172,2,30.612744189092655,0.8204169368142515,1,0
